price,number_of_reviews,latitude,longitude,room_type,minimum_nights,availability_365,review_scores_rating,license,neighbourhood_cleansed,calculated_host_listings_count,bedrooms,name,number_of_reviews_ltm,host_is_superhost,estimated_occupancy_l365d,estimated_revenue_l365d,has_license
125.0,26,42.36413,-71.02991,Entire home/apt,29,326,4.96,none,East Boston,1,1.0,HARBORSIDE-Walk to subway,0,t,0,0.0,0
129.0,138,42.32844,-71.09581,Entire home/apt,3,67,4.82,STR-490093,Roxbury,11,1.0,** Fort Hill Inn Private! Minutes to center!**,9,t,54,6966.0,1
168.0,141,42.32802,-71.09387,Entire home/apt,3,56,4.81,STR-491702,Roxbury,11,0.0,"Fort Hill Inn *Sunny* 1 bedroom, condo duplex",8,t,48,8064.0,1
140.0,29,42.35867,-71.06307,Entire home/apt,91,277,4.69,none,Beacon Hill,4,1.0,Curved Glass Studio/1bd facing Park,0,t,0,0.0,0
166.0,9,42.35173,-71.08685,Entire home/apt,91,218,4.33,none,Back Bay,12,0.0,Bostons Best Rentals -Studio Prestigious Back Bay,0,f,0,0.0,0
202.0,6,42.35061,-71.08787,Entire home/apt,32,117,5.0,none,Back Bay,12,0.0,The Back Bay Nook  -Brownstone in Prestigious Area,1,f,64,12928.0,0
202.0,2,42.36377,-71.05206,Entire home/apt,60,330,4.5,none,North End,12,0.0,The Olive & Vine in The North End-Walk to MGH Tuft,1,f,120,24240.0,0
162.0,51,42.32212,-71.06096,Entire home/apt,30,286,4.3,none,Dorchester,58,3.0,230B1 | The Dorset Redline | 3BR 1BA w/AC | Pvt,0,f,0,0.0,0
323.0,103,42.37754,-71.06642,Entire home/apt,2,173,4.97,STR-454024,Charlestown,1,1.0,Moroccan Decor Suite,2,f,12,3876.0,1
91.0,103,42.31347,-71.11082,Private room,14,341,4.98,STR-551851,Jamaica Plain,1,1.0,Private room & bath - Jamaica Plain,3,t,84,7644.0,1
176.0,143,42.37424,-71.06081,Entire home/apt,29,44,4.67,STR-409822,Charlestown,1,1.0,Garden Studio,3,t,174,30624.0,1
59.0,334,42.29871,-71.05954,Entire home/apt,3,61,4.45,STR-595734,Dorchester,5,0.0,Bright Furnished Room with Separate Entrance,0,f,0,0.0,1
72.0,145,42.32546,-71.08894,Private room,29,233,4.73,STR-415714,Roxbury,1,1.0,Room in geographical heart of Hub,0,t,0,0.0,1
106.0,19,42.35894,-71.0631,Entire home/apt,32,114,4.84,none,Beacon Hill,4,1.0,Bookcase 1bd facing Boston Common,0,t,0,0.0,0
140.0,71,42.37865,-71.06373,Private room,29,365,4.36,STR-415924,Charlestown,1,1.0,Waterfall Room: Bunker Hill B&B,0,f,0,0.0,1
225.0,317,42.32806,-71.09423,Entire home/apt,3,45,4.71,STR-446659,Roxbury,11,2.0,Fort Hill Inn  2 bed Duplex ApT!  Location!,34,t,204,45900.0,1
62.0,66,42.31331,-71.12061,Private room,30,305,4.97,none,Jamaica Plain,1,1.0,"Great Boston neighborhood , Jamaica Plain",6,t,255,15810.0,0
174.0,570,42.31533,-71.11025,Entire home/apt,3,107,4.89,STR-409453,Jamaica Plain,2,1.0,Serene Studio in a Perfect Location,47,t,255,44370.0,1
133.0,330,42.31685,-71.10867,Entire home/apt,3,218,4.9,STR-545902,Jamaica Plain,1,0.0,Treetop Haven in the City,22,t,132,17556.0,1
279.0,366,42.36614,-71.05226,Private room,3,179,4.93,STR-454055,North End,1,1.0,Private room off the Freedom Trail.,25,t,150,41850.0,1
322.0,536,42.33255,-71.04125,Entire home/apt,2,314,4.85,STR-411297,South Boston,1,2.0,BOSTON LUXURY FOR LESS!! NEAR BCEC,36,t,216,69552.0,1
270.0,71,42.33583,-71.05271,Entire home/apt,1,239,4.59,STR-601528,South Boston,1,2.0,Your cozy stay in South Boston,12,t,72,19440.0,1
245.0,121,42.29871,-71.05954,Entire home/apt,1,329,4.36,STR-594613,Dorchester,5,2.0,"Beautiful Townhouse, 2 BR & 2 Bath",1,f,6,1470.0,1
50.0,118,42.29871,-71.05954,Private room,1,304,4.66,STR-594613,Dorchester,5,1.0,Cozy Room in Beautiful Victorian House /E,24,f,144,7200.0,1
76.0,431,42.31658,-71.11012,Private room,5,209,4.84,STR-459697,Jamaica Plain,1,1.0,"Sweet Little House in JP, Boston",24,t,240,18240.0,1
123.0,66,42.32212,-71.06096,Entire home/apt,30,324,4.67,none,Dorchester,58,2.0,230B4 | The Penthouse Redline | 2BR 1B w/AC | Pvt,3,f,180,22140.0,0
153.0,58,42.32212,-71.06095,Entire home/apt,30,46,4.43,none,Dorchester,58,3.0,230B3  | The Mayhew Redline | 3BR 1B w/AC | Pvt,0,f,0,0.0,0
150.0,43,42.29192,-71.15407,Entire home/apt,30,189,4.56,none,West Roxbury,58,3.0,25A2 | The Alameda 2 | 2BR 1BA w/AC & WD | Private,0,f,0,0.0,0
251.0,142,42.37579,-71.04981,Entire home/apt,2,319,4.8,STR-416892,Charlestown,3,1.0,Houseboat in Boston Harbor,20,f,120,30120.0,1
175.0,199,42.377338,-71.063095,Entire home/apt,3,2,4.8,STR-529113,Charlestown,1,1.0,Getaway in Historic Charlestown,10,t,60,10500.0,1
208.0,521,42.37826919555664,-71.06332397460938,Entire home/apt,2,177,4.91,STR-401905,Charlestown,1,1.0,Boston / Charlestown Apartment,43,t,255,53040.0,1
621.0,93,42.30833,-71.11456,Entire home/apt,3,284,4.86,STR-599568,Jamaica Plain,2,4.0,Unique Find: At Home in the City!,10,t,60,37260.0,1
116.0,317,42.30733,-71.11129,Private room,2,227,4.89,STR-523680,Jamaica Plain,1,1.0,"Private room for 1 person, separate private bath",28,t,168,19488.0,1
55.0,141,42.28573,-71.12334,Private room,91,365,4.82,STR-397984,Roslindale,1,1.0,6 miles away from downtown Boston!,0,f,0,0.0,1
141.0,74,42.32795,-71.09412,Entire home/apt,3,49,4.85,STR-446651,Roxbury,11,0.0,Fort Hill Inn -Cool Space-BOSTON'S BEST-1 bedroom,4,t,24,3384.0,1
449.0,240,42.3558,-71.06104,Entire home/apt,2,319,4.97,STR-411359,Downtown,2,1.0,"Modern Loft, 1700 SqFt. Location!",57,t,255,114495.0,1
420.0,114,42.29038,-71.13919,Entire home/apt,5,73,4.88,STR-456742,Roslindale,2,3.0,"Perfect & Practical Boston Rental (1,500+ sqft)",10,t,100,42000.0,1
82.0,68,42.29017,-71.13169,Private room,29,184,4.87,STR-408484,Roslindale,2,1.0,Private room in house,5,t,255,20910.0,1
136.0,113,42.29175,-71.14096,Entire home/apt,4,53,4.91,STR-523304,West Roxbury,2,1.0,Convenient Boston Hotel Alternative,12,t,96,13056.0,1
182.0,61,42.359764099121094,-71.06116485595703,Private room,91,365,4.76,none,Downtown,1,1.0,Best Location Luxury Beacon Hill North End Condo,0,t,0,0.0,0
289.0,93,42.34308,-71.07316,Entire home/apt,2,197,4.86,none,South End,7,0.0,"The Dalton - The Upton Boston, South End",10,t,60,17340.0,0
158.0,416,42.31653,-71.11049,Entire home/apt,3,119,4.85,STR-409453,Jamaica Plain,2,1.0,Cozy JP Studio-Great Location!,47,t,255,40290.0,1
204.0,117,42.34475,-71.08204,Private room,29,365,4.63,STR-398748,Back Bay,1,1.0,ExclusiveBackBayBostonCtr-EntireFloorBrick townhse,0,f,0,0.0,1
135.0,31,42.33395767211914,-71.10222625732422,Entire home/apt,91,262,4.68,none,Mission Hill,4,1.0,Duplex Penthouse in Longwood Area,0,t,0,0.0,0
442.0,97,42.32004,-71.11185,Entire home/apt,2,268,4.74,STR-399217,Jamaica Plain,1,4.0,4 bedroom Victorian Condo unit,4,f,24,10608.0,1
505.0,203,42.36489,-71.05198,Entire home/apt,2,329,4.79,STR-466324,North End,1,3.0,"North End 3BR Condo - Spacious, Central  Location",36,t,216,109080.0,1
86.0,209,42.27171,-71.16688,Private room,2,354,4.57,STR-597328,West Roxbury,1,1.0,Comfy Home in Boston Suburbs,2,f,12,1032.0,1
358.0,123,42.34294,-71.07304,Entire home/apt,2,123,4.84,Exempt: This listing is a hotel or motel,South End,7,1.0,"The Washington - The Upton Boston, South End",13,t,78,27924.0,1
340.0,23,42.35714,-71.06968,Entire home/apt,91,359,4.45,none,Beacon Hill,1,1.0,Historic Beacon Hill,0,f,0,0.0,0
65.0,122,42.3800475,-71.062315,Private room,29,298,4.7,none,Charlestown,1,1.0,Bright Sunlit bedroom near MGH labs/Downtown,6,t,255,16575.0,0
128.0,303,42.34873,-71.15693,Entire home/apt,2,9,4.82,STR-383211,Brighton,4,1.0,Large Studio Apt w/ Full Kitchen & Bath + Parking!,51,t,255,32640.0,1
56.0,27,42.3256,-71.09413,Private room,30,242,4.85,STR-383293,Roxbury,3,1.0,"Fort Hill Top - 2Bk Private room,  brick townhouse",2,t,120,6720.0,1
124.0,628,42.33835,-71.0472,Private room,1,45,4.86,STR-401177,South Boston,1,1.0,Large Private Bedroom & Bathroom by the Seaport,70,f,255,31620.0,1
214.0,326,42.31293,-71.11527,Entire home/apt,2,295,4.91,STR-447499,Jamaica Plain,1,2.0,Urban oasis trendy JP 'hood - suite,26,t,156,33384.0,1
112.0,13,42.28639,-71.13199,Entire home/apt,29,353,4.92,none,Roslindale,3,1.0,Quiet Sunlit Attic Studio,1,f,58,6496.0,0
167.0,44,42.28447,-71.13301,Entire home/apt,29,358,4.61,none,Roslindale,3,2.0,Charming sunlit house in Boston,0,f,0,0.0,0
63.0,199,42.29009,-71.05762,Private room,1,320,4.89,STR-456144,Dorchester,1,1.0,Private room/ MUST LOVE DOGS,15,t,90,5670.0,1
63.0,47,42.28127,-71.13304,Private room,29,265,4.81,none,Roslindale,2,1.0,Room for 2 in Rozzie - Full Bath,0,f,0,0.0,0
118.0,303,42.3569,-71.1624,Private room,29,363,4.76,STR-405968,Brighton,2,1.0,Back Bay Elegance in Brighton,0,f,0,0.0,1
258.0,2,42.34981,-71.09476,Entire home/apt,91,363,4.0,none,Fenway,4,2.0,"RIVERVIEWS-Walk Everywhere! Central, Safe LOCATION",0,f,0,0.0,0
120.0,38,42.30593,-71.10733,Private room,91,365,4.62,none,Jamaica Plain,1,1.0,One Private Bedroom in J.P.,0,f,0,0.0,0
598.0,22,42.3358,-71.04948,Entire home/apt,29,148,4.86,STR-461452,South Boston,7,2.0,Spacious Updated 2 Bed Boston Condo w/ Deck,0,t,0,0.0,1
187.0,85,42.33375,-71.04767,Private room,29,365,4.73,STR-383155,South Boston,7,1.0,Spacious Updated Boston Room/Condo,0,t,0,0.0,1
181.0,55,42.34995,-71.13427,Entire home/apt,30,74,4.84,none,Allston,1,1.0,I bdrm in Boston/Allston/Brookline,1,f,60,10860.0,0
303.0,97,42.342121,-71.075073,Entire home/apt,3,183,4.82,Exempt: This listing is a hotel or motel,South End,7,1.0,"The Clare - The Upton Boston, South End",9,t,54,16362.0,1
180.0,208,42.31146,-71.11947,Entire home/apt,2,90,4.96,STR-545109,Jamaica Plain,1,1.0,Light-filled Private Suite on Beautiful Street,18,t,108,19440.0,1
75.0,12,42.34391,-71.15628,Entire home/apt,91,146,4.92,none,Brighton,3,1.0,Sunny 1 Bedroom,2,t,255,19125.0,0
175.0,37,42.35702,-71.06168,Entire home/apt,91,171,4.68,none,Downtown,1,1.0,"Sunny Beacon Hill, corner unit top floor",1,t,182,31850.0,0
269.0,98,42.34309,-71.07316,Entire home/apt,2,157,4.84,Exempt: This listing is a hotel or motel,South End,7,0.0,"The Tremont - The Upton Boston, South End",13,t,78,20982.0,1
77.0,19,42.34272,-71.15672,Entire home/apt,91,131,4.84,none,Brighton,3,1.0,Charming comfort 1 BR / Studio,1,t,182,14014.0,0
280.0,74,42.34492,-71.08482,Entire home/apt,29,365,4.61,STR-416239,Back Bay,1,1.0,Charlesview Suites Back Bay,0,f,0,0.0,1
150.0,99,42.35902,-71.06296,Entire home/apt,365,360,4.87,none,Beacon Hill,1,1.0,Perfect Location to Explore Boston,0,f,0,0.0,0
125.0,38,42.23533,-71.13256,Entire home/apt,29,305,4.5,none,Hyde Park,11,2.0,2bd APT 20min from Downtown Boston,0,f,0,0.0,0
51.0,15,42.28814,-71.06889,Private room,30,365,4.87,none,Dorchester,27,1.0,2 Minutes Walk  to the Red Line!,3,f,180,9180.0,0
153.0,208,42.28657,-71.13236,Entire home/apt,2,335,4.85,STR-544893,Roslindale,1,1.0,1bd Boston apt - convenient & quiet,31,t,186,28458.0,1
132.0,269,42.31281,-71.06098,Entire home/apt,2,256,4.53,STR-547060,Dorchester,3,1.0,"Garden Suite near subway, beach",14,t,84,11088.0,1
124.0,512,42.32811,-71.09157,Private room,2,40,4.94,STR-580450,Roxbury,6,1.0,"AKBrownstone: custom-built, park garden view by T",64,t,255,31620.0,1
118.0,148,42.31907,-71.09252,Entire home/apt,28,136,4.93,STR-396299,Roxbury,4,0.0,Urban Travelers Modern Studio,3,t,168,19824.0,1
188.0,254,42.35884,-71.06332,Entire home/apt,91,283,4.8,none,Beacon Hill,1,1.0,Luxury Beacon Hill Apartment 1-BR,1,t,182,34216.0,0
159.0,31,42.32213,-71.06094,Entire home/apt,30,46,4.39,none,Dorchester,58,3.0,230B2 | The Roseclair Redline | 3BR 1B w/AC | Pvt,0,f,0,0.0,0
177.0,339,42.32843,-71.09369,Entire home/apt,2,158,4.78,STR-528095,Roxbury,5,1.0,"Modern, Spacious 1BR for 4 - Easy Marathon Access!",37,t,222,39294.0,1
38.0,6,42.31676,-71.08,Private room,91,365,4.33,none,Roxbury,31,2.0,Parking Close 2 Downtown Renovated,0,f,0,0.0,0
149.0,6,42.27242,-71.16573,Entire home/apt,2,76,4.83,STR-563142,West Roxbury,1,1.0,Private Boston Antique Suite,0,f,0,0.0,1
150.0,257,42.35792,-71.06432,Entire home/apt,29,181,4.9,none,Beacon Hill,1,1.0,Beacon Hill Fabulous One Bedroom Apartment,4,f,232,34800.0,0
105.0,130,42.31016,-71.10582,Private room,29,53,4.88,STR-399287,Jamaica Plain,1,2.0,"Entire 2nd floor, skylight suite is all yours!",1,f,58,6090.0,1
42.0,90,42.38679,-71.00271,Private room,91,90,4.38,none,East Boston,1,1.0,Minutes to Boston-Near Beach 69-1,0,f,0,0.0,0
169.0,364,42.33765,-71.07434,Entire home/apt,29,91,4.83,none,South End,1,2.0,"Sensational South End - 2BR, no stairs",4,f,232,39208.0,0
112.0,235,42.31826,-71.09956,Private room,2,261,4.92,STR-529704,Jamaica Plain,1,1.0,Sunlit room with private bath,17,f,102,11424.0,1
228.0,61,42.36619,-71.05217,Entire home/apt,10,155,4.72,STR-550229,North End,55,2.0,Spacious Apt In North End,0,f,0,0.0,1
241.0,65,42.31063344940129,-71.10855891982172,Entire home/apt,2,287,4.89,STR-522672,Jamaica Plain,1,2.0,Airy new apt for 2-6. Near subway. Free parking.,12,t,72,17352.0,1
69.0,14,42.28547,-71.06799,Private room,91,193,5.0,none,Dorchester,1,1.0,"Bright, cozy bedroom in Victorian",1,f,182,12558.0,0
85.0,50,42.31246,-71.10793,Private room,29,265,4.7,STR-416301,Jamaica Plain,2,1.0,Quiet Artist's Retreat,1,f,58,4930.0,1
146.0,618,42.32971,-71.0931,Private room,2,39,4.95,STR-580450,Roxbury,6,1.0,AKBrownstone: Master Suite park view by T,83,t,255,37230.0,1
175.0,79,42.34128,-71.07607,Entire home/apt,33,85,4.71,none,South End,4,0.0,Studio apart Tremont St South End #2,2,t,132,23100.0,0
99.0,7,42.38831,-71.0044,Private room,5,167,4.57,STR-600662,East Boston,2,1.0,ONE Room at East Boston Logan Airport,2,f,20,1980.0,1
180.0,150,42.34128,-71.07607,Entire home/apt,30,243,4.82,none,South End,4,2.0,large & grand 2 bedroom South End by Copley Sq #3,2,t,120,21600.0,0
175.0,88,42.34128,-71.07607,Entire home/apt,31,176,4.83,none,South End,4,1.0,newly furn one bedroom by Copley #6,2,t,124,21700.0,0
194.0,16,42.35309,-71.14822,Entire home/apt,45,314,4.69,none,Brighton,1,3.0,"Grt Location, Big 3 Bed, Nr all Colleges, parking",2,f,180,34920.0,0
100.0,509,42.32942,-71.09149,Private room,2,30,4.93,STR-580450,Roxbury,6,1.0,AKBrownstone: modern treetop skyline view by T,79,t,255,25500.0,1
162.0,238,42.36017,-71.06346,Entire home/apt,1,329,4.57,STR-415631,Beacon Hill,86,0.0,Perfectly Located Rental Near MGH & TD Garden #13,24,f,144,23328.0,1
142.0,109,42.34441,-71.07633,Entire home/apt,1,324,4.58,STR-441258,South End,86,0.0,South End Studio Perfect for Work Travel #36,5,f,30,4260.0,1
221.0,179,42.34447,-71.07644,Entire home/apt,1,317,4.57,STR-589710,South End,86,1.0,"Explore Newbury St, Fenway, and Chinatown Nearby,",7,f,42,9282.0,1
221.0,175,42.34982,-71.08264,Entire home/apt,1,286,4.61,STR-445391,Back Bay,86,0.0,Boston’s Top Location: Newbury Street – #1,11,f,66,14586.0,1
106.0,590,42.32965,-71.0932,Private room,2,39,4.92,STR-580450,Roxbury,6,1.0,AKBrownstone: Loft rooftop views by T,83,t,255,27030.0,1
246.0,127,42.32397,-71.09085,Entire home/apt,3,47,4.76,STR-446652,Roxbury,11,3.0,Fort Hill Inn Historic Beauty! Minutes to Center!,16,t,96,23616.0,1
175.0,42,42.34301,-71.07304,Entire home/apt,120,184,4.88,Exempt: This listing is a hotel or motel,South End,7,1.0,"The Upton South End, The Copley Suite",18,t,255,44625.0,1
154.0,905,42.32967,-71.09328,Entire home/apt,2,37,4.9,STR-580450,Roxbury,6,0.0,AKBrownstone: cozy private studio by T,98,t,255,39270.0,1
39.0,7,42.31676,-71.08,Private room,91,365,4.86,none,Roxbury,31,1.0,Parking EZ 2 Downtown/Longwood Larg,0,f,0,0.0,0
39.0,1,42.31676,-71.08,Private room,91,365,4.0,none,Roxbury,31,2.0,Parking Renovated Close to Downtown,0,f,0,0.0,0
432.0,17,42.3645578,-71.0692521,Entire home/apt,30,179,4.71,STR-595465,West End,8,2.0,2 Bd/Bth Apt in Prime Location Gorgeous Water View,0,t,0,0.0,1
231.0,455,42.378693,-71.035088,Entire home/apt,1,341,4.86,STR-398048,East Boston,3,2.0,Boston Rooftop Retreat-Airport & Train,52,t,255,58905.0,1
161.0,180,42.34441,-71.07633,Entire home/apt,1,324,4.64,STR-441249,South End,86,0.0,South End Studio Perfect for Work Travel #46,18,f,108,17388.0,1
39.0,4,42.31676,-71.08,Private room,91,365,4.5,none,Roxbury,31,2.0,Parking Easy to downtown/Longwood,0,f,0,0.0,0
60.0,21,42.34341,-71.15451,Entire home/apt,91,290,5.0,none,Brighton,3,1.0,Charming studio,2,t,255,15300.0,0
326.0,221,42.34765,-71.15509,Entire home/apt,3,290,4.89,STR-470547,Brighton,1,5.0,Historic House modernized,21,t,126,41076.0,1
211.0,114,42.2563,-71.12762,Entire home/apt,2,245,4.6,STR-544913,Hyde Park,1,2.0,Charming Victorian Furnished Home,3,f,18,3798.0,1
58.0,29,42.35111,-71.16529,Private room,91,214,4.79,none,Brighton,1,1.0,Cosy Celtic Retreat,1,f,182,10556.0,0
94.0,443,42.32352198858505,-71.10688328334862,Entire home/apt,4,285,4.67,STR-545228,Jamaica Plain,1,0.0,Studio w/ private entrance and bathroom,16,f,128,12032.0,1
59.0,41,42.31124,-71.06551,Private room,29,299,4.85,STR-415034,Dorchester,1,5.0,3rd floor room in Victorian House,0,f,0,0.0,1
70.0,37,42.31327,-71.10811,Private room,30,333,4.68,STR-416301,Jamaica Plain,2,1.0,Quiet room - Great location!,2,f,120,8400.0,1
71.0,204,42.33034,-71.05802,Private room,5,62,4.61,STR-524662,South Boston,4,1.0,"Large room with view on Downtown, 27 Dexter Street",9,f,90,6390.0,1
570.0,100,42.34041,-71.08384,Entire home/apt,29,309,4.98,Exempt: This listing is a unit used for furnished institutional or business stays,Roxbury,3,2.0,Stunning SouthEnd/BackBay Penthouse,0,t,0,0.0,1
247.0,502,42.30542,-71.10409,Entire home/apt,2,272,4.93,STR-446628,Jamaica Plain,1,2.0,2 Bdrm Apt w/ tower in JP Victorian,53,t,255,62985.0,1
950.0,44,42.34024,-71.07483,Entire home/apt,5,29,5.0,STR-470244,South End,1,3.0,Beautiful Townhouse Boston's South End,13,t,130,123500.0,1
39.0,6,42.31681,-71.08001,Private room,91,365,5.0,none,Roxbury,31,1.0,"Renovated, Quiet, Free Parking",0,f,0,0.0,0
62.0,87,42.38704,-71.00581,Entire home/apt,65,67,4.49,none,East Boston,2,1.0,Studio Condo by Airport and T Station,2,t,255,15810.0,0
126.0,268,42.31163,-71.06351,Entire home/apt,29,219,4.81,none,Dorchester,6,3.0,Beautiful 3 bedroom Dorchester MA,3,t,174,21924.0,0
155.0,25,42.28629,-71.13839,Entire home/apt,29,329,4.64,STR-445527,Roslindale,2,2.0,Quiet  Beauty in Boston,0,f,0,0.0,1
39.0,2,42.31676,-71.08,Private room,91,365,5.0,none,Roxbury,31,2.0,Parking Renovated Close to Downtown,0,f,0,0.0,0
336.0,240,42.33211,-71.09842,Entire home/apt,3,50,4.89,STR-446658,Mission Hill,5,3.0,*Fort Hill Inn: Penthouse Duplex* Close to Center,38,t,228,76608.0,1
162.0,132,42.3285,-71.09608,Entire home/apt,3,33,4.8,STR-446656,Roxbury,5,0.0,"Fresh! City Loft Apartment,  Minutes to Center!",2,t,12,1944.0,1
250.0,215,42.34628,-71.08064,Entire home/apt,29,176,4.93,STR-400453,Back Bay,1,2.0,Private Entrance * King Beds * Parking * Kid Ready,2,t,116,29000.0,1
625.0,35,42.38118,-71.06073,Entire home/apt,3,115,4.97,STR-526971,Charlestown,1,4.0,Boston at your doorstep!,1,f,6,3750.0,1
100.0,9,42.33509,-71.07847,Private room,91,365,4.89,none,Roxbury,2,1.0,Share South End Multi-level Loft/ with parking,0,f,0,0.0,0
184.0,179,42.34447,-71.07644,Entire home/apt,1,316,4.51,STR-589708,South End,86,0.0,"Near Fenway Park, South End, and Newbury St #4",29,f,174,32016.0,1
123.0,326,42.34447,-71.07644,Entire home/apt,1,227,4.55,STR-589704,South End,86,0.0,"Stay Close to Fenway, Tufts Medical Center & More",17,f,102,12546.0,1
277.0,105,42.33286,-71.04506,Entire home/apt,3,335,4.88,STR-398153,South Boston,1,0.0,City sanctuary - garden terrace - ocean view,14,t,84,23268.0,1
330.0,315,42.36726,-71.05424,Entire home/apt,3,61,4.97,STR-388064,North End,1,2.0,"""La Gemma"" - a gem in the North End",16,t,96,31680.0,1
71.0,403,42.3605,-71.12633,Private room,3,204,4.9,STR-383892,Allston,12,1.0,The Nantucket Room near Harvard Square,43,t,255,18105.0,1
81.0,118,42.28516,-71.13772,Private room,30,171,4.95,STR-396424,Roslindale,2,1.0,"2 rms, private bath, females or grandparents only",6,t,255,20655.0,1
512.0,14,42.35009,-71.07023,Entire home/apt,91,177,5.0,none,Back Bay,1,3.0,Great location! 3 BD single fam. Kid-friendly.,0,f,0,0.0,0
74.0,180,42.3605,-71.12633,Private room,60,283,4.82,none,Allston,12,1.0,The Meditation Room near Harvard Square,2,t,240,17760.0,0
267.0,35,42.32431720644971,-71.0586656980579,Entire home/apt,2,19,4.97,STR-455594,Dorchester,1,1.0,Close to it all-private parking & red MBTA station,13,t,78,20826.0,1
177.0,156,42.32966,-71.09597,Entire home/apt,3,65,4.71,STR-446654,Roxbury,5,0.0,Fort Hill Inn- Cozy Studio ApT 1.5 miles to Center,15,t,90,15930.0,1
110.0,29,42.2619,-71.11315,Entire home/apt,29,306,4.66,none,Hyde Park,4,3.0,Hidden Gem in Boston: Long Term 1 Month + Only,2,t,116,12760.0,0
92.0,57,42.35262,-71.07899,Entire home/apt,91,316,4.81,none,Back Bay,1,0.0,Small studio in GREAT location,0,f,0,0.0,0
117.0,400,42.31583,-71.11448,Private room,2,58,4.98,STR-411564,Jamaica Plain,1,1.0,Pvt tree top suite in great location,41,t,246,28782.0,1
263.0,43,42.31584,-71.09932,Entire home/apt,29,266,4.6,STR-416102,Jamaica Plain,1,5.0,"Family friendly Victorian home, walk to T",1,f,58,15254.0,1
472.0,237,42.29828,-71.11048,Entire home/apt,3,307,4.92,STR-445893,Jamaica Plain,1,5.0,Spacious 5BR Condo w/parking near METRO,23,t,138,65136.0,1
64.0,125,42.33034,-71.05802,Private room,5,64,4.58,STR-524662,South Boston,4,1.0,"Large room, excellent access, 27 Dexter Street",7,f,70,4480.0,1
177.0,108,42.32932,-71.08925,Entire home/apt,3,325,4.81,STR-546631,Roxbury,1,1.0,Urban Oasis / Apartment perfect for work & create,16,t,96,16992.0,1
43.0,18,42.28411,-71.11693,Private room,29,0,4.56,none,Roslindale,3,1.0,Cozy private room near bus stop,3,f,174,7482.0,0
171.0,41,42.34118,-71.14678,Entire home/apt,180,355,4.44,Exempt: This listing is a unit used for furnished institutional or business stays,Brighton,33,1.0,"Cozy 1B, Green Line, Boston Coll, Elev, Roof Deck",2,f,255,43605.0,1
167.0,266,42.34441,-71.07633,Entire home/apt,1,254,4.6,STR-441260,South End,86,1.0,"Stylish Downtown Studio in the SouthEnd, C.Ave# 45",12,f,72,12024.0,1
168.0,186,42.34441,-71.07633,Entire home/apt,1,320,4.48,LB-101763,South End,86,0.0,"Stylish Downtown Studio in the SouthEnd, C.Ave# 43",27,f,162,27216.0,1
106.0,165,42.34447,-71.07644,Entire home/apt,1,190,4.52,STR-589702,South End,86,0.0,"Explore Newbury St, Fenway & South End Nearby #1",6,f,36,3816.0,1
228.0,281,42.34982,-71.08264,Entire home/apt,1,297,4.68,STR-445402,Back Bay,86,0.0,Iconic Newbury Street at Your Doorstep #10,16,f,96,21888.0,1
141.0,121,42.34441,-71.07633,Entire home/apt,1,324,4.51,STR-441244,South End,86,0.0,South End Studio Perfect for Work Travel #26,13,f,78,10998.0,1
107.0,189,42.34441,-71.07633,Entire home/apt,1,203,4.52,LB-101763,South End,86,0.0,Perfect Spot Near Boston's Cultural Hub #22,34,f,204,21828.0,1
184.0,263,42.34447,-71.07644,Entire home/apt,1,325,4.55,STR-589705,South End,86,0.0,"Minutes to Chinatown, Boston Common & Fenway Park",5,f,30,5520.0,1
160.0,139,42.31392,-71.06137,Entire home/apt,2,225,4.88,STR-547060,Dorchester,3,1.0,"Treetop+Balcony Suite, ocean view, safe, nr metro",27,t,162,25920.0,1
35.0,11,42.31676,-71.08,Private room,91,365,4.91,none,Roxbury,31,1.0,"Small room Easy to Downtown, Longwood Clean Sunny",0,f,0,0.0,0
133.0,166,42.34441,-71.07633,Entire home/apt,1,294,4.47,STR-441255,South End,86,0.0,Minutes from Boston Common & the Public Garden #23,29,f,174,23142.0,1
39.0,5,42.31676,-71.08,Private room,91,365,4.6,none,Roxbury,31,2.0,Renovated Parking EZ to downtown,0,f,0,0.0,0
139.0,98,42.34512,-71.09479,Entire home/apt,91,163,4.92,none,Fenway,1,1.0,A Fenway Getaway,0,f,0,0.0,0
163.0,169,42.34441,-71.07633,Entire home/apt,1,321,4.52,STR-441240,South End,86,0.0,Explore Newbury Street Just Moments Away # 21,27,f,162,26406.0,1
180.0,273,42.34982,-71.08264,Entire home/apt,1,309,4.77,STR-445394,Back Bay,86,0.0,Live in the Heart of Newbury Street #3,13,f,78,14040.0,1
190.0,326,42.34979,-71.08262,Entire home/apt,1,272,4.75,STR-445396,Back Bay,86,0.0,"Prime Newbury St Location, Walk Everywhere #4",29,f,174,33060.0,1
220.0,247,42.34982,-71.08264,Entire home/apt,1,278,4.66,STR-445404,Back Bay,86,0.0,"Newbury St Living –Trendy, Vibrant, Unbeatable!#12",9,f,54,11880.0,1
259.0,62,42.30849,-71.11721,Entire home/apt,14,314,4.98,STR-525739,Jamaica Plain,1,2.0,"Exquisite Treetop Haven, JP Center, Driveway!",1,f,28,7252.0,1
170.0,8,42.38239,-71.06393,Private room,91,365,4.75,none,Charlestown,1,1.0,Basement apartment in Charlestown,0,f,0,0.0,0
43.0,25,42.28249,-71.1146,Private room,29,24,4.52,none,Roslindale,3,1.0,Private Room near public transport,3,f,174,7482.0,0
35.0,7,42.31676,-71.08,Private room,91,274,4.71,none,Roxbury,31,2.0,Easy to downtown/Longwood Free Parking Clean House,0,f,0,0.0,0
101.0,240,42.29348,-71.05569,Private room,29,334,4.9,STR-397983,Dorchester,3,1.0,M&R Quiet Back Room Parking Bathroom,0,f,0,0.0,1
135.0,386,42.31572,-71.10847,Entire home/apt,2,44,4.88,STR-460147,Jamaica Plain,2,1.0,Light and airy separate apt in funky Jamaica Plain,32,t,192,25920.0,1
79.0,16,42.343,-71.14416,Entire home/apt,80,214,4.88,none,Brighton,1,1.0,"Quiet, sunny studio, directly on the T",3,t,255,20145.0,0
427.0,271,42.34532,-71.13829,Entire home/apt,2,261,4.96,STR-532114,Brighton,1,3.0,"Spacious 3 bed, in unit laundry, central Air",14,f,84,35868.0,1
175.0,565,42.33053,-71.05388,Entire home/apt,3,252,4.83,STR-597334,South Boston,1,1.0,Private apartment /parking/cozy garden.,57,t,255,44625.0,1
244.0,131,42.34447,-71.07644,Entire home/apt,30,257,4.58,STR-415649,South End,86,2.0,"Near Boston Common, North End & Tufts Medical Cent",0,f,0,0.0,1
192.0,193,42.34982,-71.08264,Entire home/apt,1,285,4.79,STR-445397,Back Bay,86,0.0,Unbeatable Location on Newbury Street #5,37,f,222,42624.0,1
218.0,282,42.34982,-71.08264,Entire home/apt,1,308,4.82,STR-445403,Back Bay,86,0.0,Live in the Center of Newbury St Action! #11,19,f,114,24852.0,1
213.0,255,42.34982,-71.08264,Entire home/apt,1,321,4.7,STR-445399,Back Bay,86,0.0,Perfectly Placed on Newbury Street #7,21,f,126,26838.0,1
181.0,243,42.34982,-71.08264,Entire home/apt,1,288,4.78,STR-445393,Back Bay,86,0.0,Copley Square & Historic Landmarks on Newbury St#2,25,f,150,27150.0,1
218.0,282,42.34982,-71.08264,Entire home/apt,1,297,4.73,STR-445403,Back Bay,86,0.0,"Vibrant, Chic Newbury St – Stay in Style! #6",21,f,126,27468.0,1
221.0,370,42.34982,-71.08264,Entire home/apt,1,273,4.76,STR-445400,Back Bay,86,0.0,Discover Boston from Newbury Street #8,35,f,210,46410.0,1
127.0,207,42.34441,-71.07633,Entire home/apt,1,230,4.57,LB-101763,South End,86,0.0,"Charming Studio in Boston Brownstone, #44",41,f,246,31242.0,1
43.0,9,42.28413,-71.11671,Private room,29,259,4.22,none,Roslindale,3,1.0,Private room near bus stop,2,f,116,4988.0,0
235.0,15,42.35045,-71.09567,Entire home/apt,91,362,4.53,none,Fenway,4,1.0,Safe Central City Location! WalkToWork/Everywhere!,0,f,0,0.0,0
185.0,249,42.34447,-71.07644,Entire home/apt,1,307,4.66,STR-589709,South End,86,0.0,"Steps from South End, Tufts Medical Center & More,",3,f,18,3330.0,1
123.0,259,42.34447,-71.07644,Entire home/apt,1,228,4.6,STR-589703,South End,86,0.0,"Walk to Chinatown, Boston Common, and South End",26,f,156,19188.0,1
183.0,225,42.36017,-71.06346,Entire home/apt,29,309,4.65,STR-589711,Beacon Hill,86,0.0,"Sleek Rental in Beacon Hill, Near TD Garden/MGH #6",0,f,0,0.0,1
161.0,220,42.36017,-71.06346,Entire home/apt,1,295,4.6,STR-463213,Beacon Hill,86,1.0,"Beacon Hill Gem, Close to TD Garden & MGH – #14",30,f,180,28980.0,1
172.0,192,42.36017,-71.06346,Entire home/apt,1,309,4.45,STR-415628,Beacon Hill,86,0.0,Convenient Beacon Hill Location Near TD Garden #11,14,f,84,14448.0,1
850.0,176,42.35623,-71.07023,Entire home/apt,4,194,4.98,STR-410129,Beacon Hill,1,4.0,Stunning Beacon Hill Boston Townhouse Apartment,28,t,224,190400.0,1
212.0,210,42.36017,-71.06346,Entire home/apt,1,303,4.67,STR-415616,Beacon Hill,86,0.0,Prime Rental by MGH & TD Garden – Beacon Hill #3,15,f,90,19080.0,1
135.0,92,42.34128,-71.07607,Entire home/apt,31,234,4.89,none,South End,4,1.0,Great views from top floor #7,1,t,62,8370.0,0
197.0,123,42.333,-71.03544,Entire home/apt,29,354,4.89,STR-399169,South Boston,1,3.0,Spacious 3BR | 2.5 BA + Office Single-Family Home,1,t,58,11426.0,1
183.0,342,42.36017,-71.06346,Entire home/apt,1,308,4.67,STR-463202,Beacon Hill,86,0.0,"Beacon Hill – Prime Location, Near MGH #9",33,f,198,36234.0,1
99.0,319,42.35642,-71.16411,Private room,29,365,4.89,STR-405969,Brighton,2,1.0,Perfect for 1,0,f,0,0.0,1
209.0,178,42.34441,-71.07633,Entire home/apt,1,305,4.69,STR-441251,South End,86,0.0,"Stylish Downtown Studio in the SouthEnd, C.Ave# 41",11,f,66,13794.0,1
106.0,207,42.34441,-71.07633,Entire home/apt,1,205,4.61,STR-441256,South End,86,0.0,"Heart of South End, Convenient, Comfy Studio #32",37,f,222,23532.0,1
183.0,228,42.36017,-71.06346,Entire home/apt,1,322,4.55,STR-415615,Beacon Hill,86,0.0,Ideal Location Near TD Garden and MGH #2,34,f,204,37332.0,1
200.0,391,42.36017,-71.06346,Entire home/apt,1,271,4.64,STR-415624,Beacon Hill,86,0.0,Close to TD Garden and MGH – Beacon Hill Living #8,28,f,168,33600.0,1
188.0,368,42.36017,-71.06346,Entire home/apt,1,287,4.63,STR-463200,Beacon Hill,86,0.0,Bright Beacon Hill Rental Close to MGH/TD Garden#7,22,f,132,24816.0,1
163.0,167,42.36017,-71.06346,Entire home/apt,1,277,4.68,STR-463214,Beacon Hill,86,0.0,"Beacon Hill – Prime Location, Near TD Garden #15",21,f,126,20538.0,1
169.0,227,42.36017,-71.06346,Entire home/apt,1,294,4.61,STR-415630,Beacon Hill,86,0.0,Perfect Beacon Hill Location – Near TD Garden #12,18,f,108,18252.0,1
75.0,134,42.24179,-71.12412,Private room,29,365,4.99,none,Hyde Park,1,1.0,Morning Glory Bed & Breakfast!,0,f,0,0.0,0
208.0,238,42.36017,-71.06346,Entire home/apt,1,316,4.58,STR-415613,Beacon Hill,86,0.0,Beacon Hill Rental Steps to MGH & TD Garden – #1,29,f,174,36192.0,1
106.0,252,42.34441,-71.07633,Entire home/apt,1,234,4.54,STR-441248,South End,86,0.0,"Centrally located Studio in Boston ,#35",33,f,198,20988.0,1
184.0,117,42.34447,-71.07644,Entire home/apt,1,322,4.37,STR-589707,South End,86,0.0,"Close to the North End, Fenway & Boston Common, #6",3,f,18,3312.0,1
107.0,320,42.34441,-71.07633,Entire home/apt,1,235,4.56,LB-101763,South End,86,0.0,Prime Location in Boston's South End #25,60,f,255,27285.0,1
127.0,162,42.34441,-71.07633,Entire home/apt,1,276,4.57,STR-441257,South End,86,0.0,Steps Away from Back Bay's Best Spots #33,35,f,210,26670.0,1
136.0,201,42.25481,-71.14593,Entire home/apt,4,67,4.95,none,West Roxbury,1,1.0,Country Cottage in the City,15,t,120,16320.0,0
66.0,43,42.25274,-71.11599,Private room,29,277,4.74,STR-416718,Hyde Park,5,1.0,Gorgeous and Bright Victorian Home,2,f,116,7656.0,1
324.0,414,42.34196,-71.16095,Entire home/apt,2,232,4.99,STR-413555,Brighton,1,1.0,Executive Garden Apartment,41,t,246,79704.0,1
298.0,119,42.34542,-71.08055,Entire home/apt,29,263,4.89,Exempt: This listing is a unit used for furnished institutional or business stays,Back Bay,1,1.0,"Boston, Back Bay Condo w/Private Roof Deck",0,f,0,0.0,1
461.0,68,42.34587,-71.07257,Entire home/apt,2,254,4.9,STR-544908,South End,1,2.0,South End Boston Apartment with Private Garden,16,t,96,44256.0,1
141.0,39,42.30928,-71.11108,Private room,91,365,4.54,STR-413427,Jamaica Plain,3,1.0,"Stunning suite, historic victorian",0,f,0,0.0,1
52.0,17,42.25907,-71.11893,Private room,91,153,5.0,none,Hyde Park,1,1.0,"Lovely, Quiet Room",1,f,182,9464.0,0
121.0,718,42.3168,-71.10721,Entire home/apt,2,112,4.96,STR-383174,Jamaica Plain,2,1.0,Cozy studio apartment in Jamaica plain!,76,t,255,30855.0,1
184.0,308,42.36017,-71.06346,Entire home/apt,1,256,4.71,STR-463203,Beacon Hill,86,0.0,Ideal Rental by MGH & TD Garden – Beacon Hill #10,5,f,30,5520.0,1
105.0,247,42.32776,-71.09194,Private room,4,31,4.9,STR-516495,Roxbury,1,1.0,Suite Petite Attique by Longwood & Train,26,t,208,21840.0,1
312.0,15,42.30861,-71.11105,Private room,91,365,4.4,STR-413427,Jamaica Plain,3,1.0,"Elegant, spacious boudoir with fireplace.",0,f,0,0.0,1
224.0,23,42.30994,-71.11119,Private room,91,365,4.48,none,Jamaica Plain,3,2.0,"Elegant studio,kitchn, soaking tub",0,f,0,0.0,0
50.0,16,42.28946,-71.06818,Private room,30,358,4.31,none,Dorchester,27,1.0,Just around the corner from the Red Line!,1,f,60,3000.0,0
541.0,22,42.29005,-71.06222,Entire home/apt,1,291,4.73,STR-453623,Dorchester,7,4.0,Warm & Cozy Home for Your Stay!,0,t,0,0.0,1
163.0,5,42.25742,-71.12604,Entire home/apt,1,80,5.0,STR-581802,Hyde Park,1,2.0,Fully furnished apartment in Boston (Hyde Park),2,t,12,1956.0,1
102.0,75,42.35475,-71.15875,Entire home/apt,29,214,4.72,none,Brighton,1,2.0,"Private fl w/2BR, 1B, 1LR w/full kitchen",4,t,232,23664.0,0
191.0,306,42.36017,-71.06346,Entire home/apt,1,296,4.57,STR-415618,Beacon Hill,86,0.0,Beacon Hill Rental Close to MGH & TD Garden – #4,30,f,180,34380.0,1
193.0,23,42.34299,-71.07305,Entire home/apt,91,181,4.83,Exempt: This listing is a hotel or motel,South End,7,1.0,Your Home Base for 1+ Months | The Lincoln Suite,3,t,255,49215.0,1
150.0,139,42.29021,-71.13046,Private room,29,89,4.96,STR-400545,Roslindale,1,1.0,"Arboretum retreat with AC, private bath, entrance.",0,f,0,0.0,1
237.0,240,42.27843,-71.16233,Entire home/apt,4,78,4.85,STR-571740,West Roxbury,1,2.0,Beautiful 2BD / 1 BA - 1st Floor,29,t,232,54984.0,1
43.0,24,42.30489,-71.07071,Private room,30,340,4.54,none,Dorchester,27,1.0,Workable & Inexpensive Room Near the 2 T lines!,1,f,60,2580.0,0
45.0,27,42.28885,-71.07005,Private room,30,259,4.7,none,Dorchester,27,1.0,Peaceful Private Bedroom Near T!,2,f,120,5400.0,0
168.0,181,42.36594,-71.05669,Entire home/apt,29,176,4.64,STR-553035,North End,1,1.0,"Hideaway in Boston's North End-""Little Italy""",2,f,116,19488.0,1
125.0,19,42.34862,-71.06172,Entire home/apt,91,0,4.79,none,Chinatown,1,2.0,Bright and Cozy Chinatown Apt,0,f,0,0.0,0
179.0,84,42.37126,-71.03893,Entire home/apt,29,251,4.9,STR-446458,East Boston,1,1.0,Extended stays,9,f,255,45645.0,1
135.0,53,42.31431,-71.10305,Entire home/apt,45,230,4.72,none,Jamaica Plain,1,2.0,"2BR w deck near subway, downtown & hospitals",2,f,180,24300.0,0
219.0,103,42.3431,-71.07854,Entire home/apt,29,0,4.55,STR-423342,South End,8,1.0,The Boston Christopher Studio Suite,0,f,0,0.0,1
207.0,69,42.3432,-71.07846,Entire home/apt,29,0,4.55,STR-423339,South End,8,1.0,The Boston Christopher One Bedroom,0,f,0,0.0,1
42.0,16,42.34488,-71.15435,Private room,60,115,4.69,none,Brighton,4,1.0,Spacious loft in the quiet suburbs #1,0,t,0,0.0,0
155.0,3,42.30027,-71.06324,Entire home/apt,30,350,4.67,none,Dorchester,27,4.0,Cozy 4BD apartment with AirBeds,0,f,0,0.0,0
336.0,54,42.31659,-71.10565,Entire home/apt,3,21,4.93,STR447709,Jamaica Plain,1,3.0,"Welcome to JP Boston! 3BR home w/parking, near T",6,f,36,12096.0,1
144.0,96,42.32777,-71.09331,Entire home/apt,5,331,4.94,STR-481385,Roxbury,1,1.0,Garden Apt - Highland Park/Fort Hill (Orange Line),8,t,80,11520.0,1
300.0,74,42.33786,-71.15137,Entire home/apt,29,325,4.81,none,Brighton,1,2.0,"2-bedrom loft condo near BC, BU & Fenway w/parking",1,t,58,17400.0,0
85.0,70,42.32385,-71.10746,Entire home/apt,91,90,4.79,none,Jamaica Plain,1,2.0,spacious 3rd floor loft in home,0,f,0,0.0,0
285.0,816,42.35786,-71.06482,Entire home/apt,1,218,4.86,STR-411266,Beacon Hill,1,0.0,Second Oldest Home in Beacon Hill,79,t,255,72675.0,1
45.0,19,42.303,-71.07109,Private room,30,279,4.68,none,Dorchester,27,1.0,Sizeable Private Room w/ Air Bed & Convenient to T,2,f,120,5400.0,0
180.0,43,42.35145,-71.06461,Entire home/apt,91,275,4.07,none,Downtown,3,0.0,BEST LOCATION IN THE CITY STUDIO W/ FAST WIFI,0,t,0,0.0,0
43.0,20,42.30372,-71.07226,Private room,30,364,4.65,none,Dorchester,27,1.0,Spacious & Great Private Room Near T!,0,f,0,0.0,0
1288.0,10,42.38231,-71.06871,Entire home/apt,29,346,4.4,STR-406505,Charlestown,1,4.0,Historic and Charming Brownstone,0,f,0,0.0,1
115.0,230,42.32378,-71.09648,Entire home/apt,30,85,4.77,Exempt: This listing is a unit used for furnished institutional or business stays,Roxbury,4,2.0,Spacious 2 bedroom Apartment.,3,f,180,20700.0,1
104.0,130,42.34091,-71.15012,Entire home/apt,31,39,4.85,STR-587989,Brighton,2,1.0,"Boston ШkolarFlat - safe space, nice view #BC/BU",1,t,62,6448.0,1
271.0,83,42.3428,-71.07836,Entire home/apt,3,243,4.92,STR-545122,South End,2,0.0,Pristine private apt South End Walk everywhere,12,t,72,19512.0,1
130.0,22,42.36538,-71.05159,Entire home/apt,91,22,4.64,none,North End,2,1.0,Boston North End Luxurious One Bedroom Condo,0,f,0,0.0,0
42.0,20,42.3454,-71.1532,Private room,60,284,4.85,none,Brighton,4,1.0,Spacious loft in the quiet suburbs #2,4,t,255,10710.0,0
40.0,22,42.30586,-71.07225,Private room,30,358,4.59,none,Dorchester,27,1.0,Inexpensive & Clean Private Bedroom!,4,f,240,9600.0,0
208.0,405,42.36332,-71.05897,Entire home/apt,29,326,4.85,STR-409365,Downtown,1,1.0,Boston Apartment (North End),1,t,58,12064.0,1
282.0,77,42.34218,-71.07334,Entire home/apt,3,14,4.96,STR-454027,South End,6,0.0,Copley Vacation Rental on the Park  w/ patio M325,3,t,18,5076.0,1
39.0,22,42.34504,-71.15406,Private room,60,92,4.64,none,Brighton,4,1.0,Spacious loft in the quiet suburbs #3,3,t,255,9945.0,0
110.0,124,42.37032,-71.03974,Entire home/apt,91,166,4.83,none,East Boston,1,1.0,Top Rated Apartment! Exceptional Location!,2,t,255,28050.0,0
128.0,191,42.32818,-71.09547,Entire home/apt,91,178,4.76,none,Roxbury,5,0.0,Freshly Renovated Studio close to T,0,t,0,0.0,0
163.0,63,42.38348,-71.07678,Entire home/apt,29,179,4.71,none,Charlestown,12,2.0,Apartment with 2-3 bedrooms-3 min to subway T stop,0,t,0,0.0,0
79.0,372,42.3605,-71.12633,Private room,3,229,4.82,STR-383892,Allston,12,1.0,Close to Harvard - Zen Room Lic# STR383892,42,t,252,19908.0,1
650.0,12,42.27947,-71.15314,Entire home/apt,29,358,5.0,STR-397962,West Roxbury,1,5.0,The 1880 House: Historic Single Family Victorian!,0,f,0,0.0,1
307.0,325,42.34626,-71.09049,Entire home/apt,2,28,4.87,STR-546276,Fenway,1,2.0,Boston Brownstone,39,t,234,71838.0,1
201.0,17,42.32647,-71.09557,Entire home/apt,91,180,4.29,none,Roxbury,1,3.0,Wonderful Boston apartment Sunny & Newly renovated,0,f,0,0.0,0
269.0,4,42.35184,-71.06003,Entire home/apt,32,317,5.0,none,Chinatown,43,1.0,Sleek 1 Bedroom in Boston's Financial District,0,t,0,0.0,0
100.0,42,42.27644,-71.07681,Private room,29,357,4.64,STR-415845,Mattapan,6,1.0,Mahar family room,0,f,0,0.0,1
99.0,13,42.32068245245338,-71.11429829676271,Private room,91,279,4.85,STR-523050,Jamaica Plain,2,1.0,"Elegant room, colorful artist home",1,f,182,18018.0,1
377.0,2,42.3529,-71.05992,Entire home/apt,32,359,5.0,none,Downtown,43,2.0,Luxury 2 Bedroom Steps from Rose Kennedy Greenway,0,t,0,0.0,0
39.0,9,42.30536,-71.07221,Private room,91,365,4.78,none,Dorchester,31,2.0,Clean Large Room near Redline/Rail Peaceful Area,0,f,0,0.0,0
190.0,628,42.38187,-71.07734,Entire home/apt,1,233,4.89,STR-383106,Charlestown,12,3.0,3 bed apt next to T- fast wifi-off street parking,61,t,255,48450.0,1
150.0,254,42.25979,-71.15911,Entire home/apt,3,325,4.74,STR-391798,West Roxbury,1,3.0,5-Bed Apartment w/ Kitchen + Free Parking,5,f,30,4500.0,1
64.0,33,42.38362,-71.07863,Private room,29,215,4.85,none,Charlestown,12,1.0,3 min to T stop-Boston/Somerville/Cambridge access,4,t,232,14848.0,0
44.0,11,42.34636,-71.15563,Private room,60,152,4.91,none,Brighton,4,1.0,Spacious loft in the quiet suburbs #4,1,t,120,5280.0,0
130.0,40,42.3665,-71.05428,Entire home/apt,32,360,4.1,none,North End,12,1.0,"Walk to MGH-Subway, stay in Boston's Little Italy",0,f,0,0.0,0
202.0,6,42.34777,-71.08493,Entire home/apt,32,318,5.0,none,Back Bay,12,1.0,Bostons Best Rentals -Back Bay on Commonwealth Ave,2,f,128,25856.0,0
110.0,15,42.36104,-71.07129,Entire home/apt,32,267,4.27,none,Beacon Hill,12,0.0,Cobblestone Way on Beacon Hill-walk to MGH Subway,0,f,0,0.0,0
50.0,7,42.30536,-71.07221,Private room,91,365,5.0,none,Dorchester,31,2.0,Small Room Renovated House Walk/Bus to Redline,0,f,0,0.0,0
39.0,3,42.30536,-71.07221,Private room,91,365,5.0,none,Dorchester,31,1.0,Renovated House near Subway/Rail Everything New,0,f,0,0.0,0
39.0,3,42.30536,-71.07221,Private room,91,365,5.0,none,Dorchester,31,2.0,"Walk/Bus to Redline/Rail stations, Private Balcony",0,f,0,0.0,0
37.0,24,42.31837,-71.09037,Private room,30,143,4.96,none,Roxbury,8,1.0,Comfortable quite room.,2,t,120,4440.0,0
166.0,176,42.34347,-71.07368,Entire home/apt,29,66,4.95,none,South End,3,0.0,Montgomery Place - Studio (Room 6),0,t,0,0.0,0
158.0,147,42.34347,-71.07368,Entire home/apt,29,350,4.95,none,South End,3,1.0,Montgomery Place - One Bedroom,3,t,174,27492.0,0
143.0,943,42.37611,-71.03578,Entire home/apt,1,272,4.75,STR-476125,East Boston,1,1.0,“Boston/Airport/Conv.Ctr/Historic/TD/Faneuil/Nrth”,87,f,255,36465.0,1
36.0,1,42.31676,-71.08,Private room,91,365,5.0,none,Roxbury,31,2.0,"Small Room, Off-St. Parking, AC, Renovated Clean",0,f,0,0.0,0
35.0,2,42.30536,-71.07221,Private room,91,365,5.0,none,Dorchester,31,2.0,"Small Room near Redline & Commuter Rail, Renovated",0,f,0,0.0,0
124.0,351,42.26145,-71.11662,Entire home/apt,2,328,4.9,STR-443131,Hyde Park,2,2.0,~*30min to Downtown*~ THE COSMOPOLITAN,37,t,222,27528.0,1
39.0,2,42.30536,-71.07221,Private room,91,365,5.0,none,Dorchester,31,2.0,Near Redline & Commuter Rail Renovated Clean Sunny,0,f,0,0.0,0
131.0,534,42.31642,-71.10672,Entire home/apt,2,117,4.95,STR-383177,Jamaica Plain,2,1.0,Sunny studio in JP!,81,t,255,33405.0,1
60.0,42,42.38199,-71.07675,Private room,29,234,4.9,none,Charlestown,12,1.0,Room w/fast wifi-next to T stop 10 min to downtown,4,t,232,13920.0,0
199.0,111,42.30003,-71.0788,Entire home/apt,5,340,4.92,STR-526268,Dorchester,2,3.0,Beautiful and Cozy Entire Apt in Boston,6,t,60,11940.0,1
523.0,57,42.34042,-71.08363,Entire home/apt,29,312,4.98,Exempt: This listing is a unit used for furnished institutional or business stays,Roxbury,3,2.0,Beautiful Boston Brownstone,0,t,0,0.0,1
98.0,233,42.35948,-71.06747,Entire home/apt,29,198,4.87,none,Beacon Hill,1,1.0,Charming Beacon Hill One Bedroom,3,t,174,17052.0,0
1024.0,254,42.364253,-71.052626,Entire home/apt,1,335,4.76,STR-548561,North End,1,3.0,Gorgeous Huge Duplex 3 baths sleeps 6  Parking,25,t,150,153600.0,1
227.0,257,42.31316,-71.11279,Entire home/apt,4,262,4.78,STR-386367,Jamaica Plain,1,2.0,"2 BR | 1 BA  Close to DWTN & Medical, Free PRKG",30,t,240,54480.0,1
99.0,9,42.321430817051755,-71.11275148532205,Private room,91,365,5.0,STR-523050,Jamaica Plain,2,1.0,Twins in a peaceful room.,1,f,182,18018.0,1
95.0,79,42.27486,-71.077,Private room,1,322,4.92,STR-415974,Mattapan,6,1.0,# friendly family home,2,f,12,1140.0,1
159.0,323,42.30762,-71.10968,Entire home/apt,5,10,4.97,STR-603321,Jamaica Plain,1,0.0,Tranquil Treetop Loft,10,f,100,15900.0,1
94.0,348,42.36151,-71.12658,Private room,3,219,4.84,STR-383892,Allston,12,1.0,King Zen Room near Harvard Biz School - STR383892,37,t,222,20868.0,1
338.0,65,42.33194,-71.04729,Entire home/apt,3,357,4.82,STR-446085,South Boston,1,2.0,Cozy Condo in Center of Southie,1,f,6,2028.0,1
501.0,339,42.36704,-71.05376,Entire home/apt,5,119,4.91,STR-441408,North End,18,2.0,North End 2 BR | 1 BA Duplex in Little Italy,24,t,240,120240.0,1
39.0,3,42.30555,-71.0723,Private room,91,365,5.0,none,Dorchester,31,2.0,Renovated near Redline/Commuter Rail 4 Harvard MIT,0,f,0,0.0,0
44.0,23,42.3165,-71.09535,Private room,30,66,5.0,none,Roxbury,8,1.0,Huge bed  and high ceiling room plus two closets.,8,t,255,11220.0,0
158.0,175,42.31700134277344,-71.10931396484375,Entire home/apt,3,313,4.94,STR-552336,Jamaica Plain,2,1.0,"Fully-Equipped, Private 1st Floor 1-Bed/1-Bath Apt",33,f,198,31284.0,1
192.0,266,42.317012786865234,-71.10931396484375,Entire home/apt,3,310,4.91,STR-544850,Jamaica Plain,2,1.0,Fully-Equipped 2nd Floor 1-Bed 1-Bath Apt,26,f,156,29952.0,1
307.0,41,42.27554,-71.07091,Entire home/apt,29,349,4.71,STR-397952,Mattapan,3,3.0,SPACIOUS TOWNHOUSE with Essential Amenities,0,f,0,0.0,1
40.0,22,42.30208,-71.07005,Private room,30,361,4.5,none,Dorchester,27,1.0,Economical & Accessible Room w/ Airbed Near T!,1,f,60,2400.0,0
119.0,339,42.31765,-71.10049,Private room,3,23,4.91,STR-398358,Jamaica Plain,3,1.0,"Charming room, in hip JP near The T  #2",37,t,222,26418.0,1
60.0,11,42.27345,-71.07251,Private room,90,273,4.64,none,Mattapan,4,1.0,Stay with Fun Family ( twin size bed),1,t,180,10800.0,0
946.0,17,42.33339,-71.05317,Entire home/apt,29,358,4.88,STR-416496,South Boston,1,4.0,Modern 3.5 BR Single Family Home,0,f,0,0.0,1
48.0,14,42.30426,-71.07147,Private room,30,304,4.71,none,Dorchester,27,1.0,Fair & Cozy Room with Airbed!,2,f,120,5760.0,0
358.0,440,42.34338,-71.06874,Entire home/apt,2,218,4.93,STR-414322,South End,1,2.0,"Victorian Charm, Modern Style w/Private Entrance",54,t,255,91290.0,1
65.0,50,42.25302,-71.11591,Private room,29,338,4.58,STR-416718,Hyde Park,5,1.0,"Mt Restmore, COZY spacious and Clean",0,f,0,0.0,1
435.0,237,42.348731994628906,-71.06843566894531,Entire home/apt,3,105,4.84,STR-445212,Bay Village,1,3.0,Historic townhouse in the heart of Boston,22,t,132,57420.0,1
68.0,149,42.33034,-71.05802,Private room,5,57,4.68,STR-524662,South Boston,4,1.0,"Large room, 2nd floor, wood floor, 27 Dexter Str.",13,f,130,8840.0,1
336.0,53,42.37018,-71.06109,Private room,1,153,4.85,STR-545898,Charlestown,8,1.0,"Rozinante - Queen, Harbor View",7,t,42,14112.0,1
97.0,442,42.30755,-71.04739,Private room,1,301,4.96,STR-383505,Dorchester,4,1.0,219 on the Ocean with Private Bath,46,t,255,24735.0,1
253.0,172,42.3713,-71.06154,Private room,1,140,4.86,STR-545898,Charlestown,8,1.0,"""Casita"" on the Water - Harbor View",26,t,156,39468.0,1
253.0,100,42.37216,-71.05937,Private room,1,150,4.71,STR-545898,Charlestown,8,1.0,"""Port"" View - Queen Ensuite",13,t,78,19734.0,1
336.0,61,42.37006,-71.06159,Private room,1,147,4.77,STR-545898,Charlestown,8,1.0,Inn the Moment - Harbor View,9,t,54,18144.0,1
164.0,347,42.34124,-71.15811,Entire home/apt,2,65,4.92,STR-393765,Brighton,1,1.0,Washer+Dryer+Parking!*Private suite*Cul de sac*,37,t,222,36408.0,1
189.0,132,42.33594,-71.07578,Entire home/apt,30,309,4.91,STR-418274,South End,1,1.0,Boston South End Penthouse Loft & Roof Deck,0,f,0,0.0,1
72.0,46,42.3243,-71.07328,Private room,91,363,4.89,none,Roxbury,1,2.0,Cozy private  room,0,t,0,0.0,0
179.0,557,42.30974,-71.10798,Entire home/apt,1,163,4.88,STR-447200,Jamaica Plain,1,1.0,Historic JP Brownstone with Parking. Pets Welcome!,58,t,255,45645.0,1
392.0,483,42.3575,-71.07138,Entire home/apt,4,272,4.91,STR-416028,Beacon Hill,3,2.0,BEAUTIFUL BEACON HILL 2 BEDROOM!,47,t,255,99960.0,1
39.0,2,42.31313,-71.09335,Private room,91,365,5.0,none,Roxbury,31,2.0,Renovated House Clean Room near Orange line & Park,0,f,0,0.0,0
125.0,420,42.3094,-71.04672,Private room,1,293,4.97,STR-383505,Dorchester,4,1.0,Savin Hill by the Sea with Private Bath,52,t,255,31875.0,1
92.0,60,42.37814,-71.03272,Entire home/apt,29,142,4.55,STR-419049,East Boston,12,0.0,Charming Oasis Near Downtown & Airport,0,f,0,0.0,1
163.0,385,42.33385,-71.04569,Private room,2,133,4.92,STR-383389,South Boston,1,1.0,Spacious guest suite on Dorchester Heights,35,t,210,34230.0,1
39.0,5,42.31313,-71.09335,Private room,91,365,5.0,none,Roxbury,31,1.0,"Renovated Clean house, Orange Line, EZ to Longwood",0,f,0,0.0,0
97.0,318,42.30918,-71.04643,Private room,1,296,4.96,STR-383505,Dorchester,4,1.0,Large Private room in Savin Hill,44,t,255,24735.0,1
162.0,401,42.3533,-71.12833,Entire home/apt,29,248,4.91,STR-416677,Allston,1,2.0,"Charming and sunny 1 Bed Apt. - Allston, Boston",0,f,0,0.0,1
645.0,337,42.35027,-71.06853,Entire home/apt,2,63,4.79,STR-445531,Bay Village,2,4.0,Lrg 4 Bdrm Prvt. Patio Quiet Top Location Parking,32,f,192,123840.0,1
500.0,30,42.35125,-71.08667,Entire home/apt,31,256,4.7,STR-416852,Back Bay,1,1.0,Back Bay Condo on Marlborough Street!,0,f,0,0.0,1
141.0,255,42.28,-71.06983,Entire home/apt,5,250,4.95,STR-544912,Dorchester,1,2.0,"Upscale 2 Bdrm Suite: Kitchen, Spa Bath, Laundry",33,t,255,35955.0,1
399.0,84,42.31764,-71.10922,Entire home/apt,5,244,5.0,STR-402110,Jamaica Plain,1,2.0,Victorian Treetop Apartment - Close to Everything!,11,f,110,43890.0,1
644.0,194,42.3587157,-71.1326206,Entire home/apt,2,291,4.92,STR-568835,Allston,2,4.0,Sparkling Condo With Modern Amenities,8,t,48,30912.0,1
149.0,52,42.37294,-71.06478,Entire home/apt,31,263,4.94,none,Charlestown,1,1.0,Charming Charlestown Condo (Dog Friendly)!,1,t,62,9238.0,0
205.0,160,42.29181,-71.05264,Entire home/apt,2,188,4.83,STR-383333,Dorchester,1,2.0,Clean & Spacious 2 bedroom Near Downtown,5,f,30,6150.0,1
250.0,67,42.35457,-71.13293,Entire home/apt,91,297,4.84,none,Allston,1,2.0,Artist Luxury Apt in Boston Free Park & Walk to T,0,f,0,0.0,0
120.0,313,42.26145553588867,-71.11660766601562,Entire home/apt,2,328,4.85,STR-443131,Hyde Park,2,2.0,~*Pet Friendly 30min to Downtown*~ THE BOSTONIAN,31,t,186,22320.0,1
85.0,109,42.38185,-71.07693,Private room,1,297,4.83,STR-383107,Charlestown,12,1.0,Garden room next to T stop/bus hub.,13,t,78,6630.0,1
160.0,46,42.27486,-71.13495,Entire home/apt,29,261,4.74,STR-416443,Roslindale,16,2.0,Roslindale deleaded apt flr1  sleeps 4 apt w/ a.c,0,t,0,0.0,1
133.0,185,42.38379,-71.0783,Private room,1,293,4.75,STR-383107,Charlestown,12,2.0,2 beds Garden Apt-calm oasis next to T stop -3 min,13,t,78,10374.0,1
107.0,12,42.2355,-71.13134,Entire home/apt,29,319,5.0,none,Hyde Park,11,4.0,3bd 2 bath Boston  w/parking and office,2,f,116,12412.0,0
75.0,107,42.32676,-71.09364,Private room,6,46,4.93,STR-541538,Roxbury,1,1.0,Modern Brownstone - walk to Longwood Medical Area!,10,t,120,9000.0,1
65.0,99,42.3076,-71.06542,Private room,29,363,4.7,none,Dorchester,17,1.0,#104 Boston 独立房 全楼禁烟AC room,3,t,174,11310.0,0
66.0,4,42.28732,-71.06625,Private room,30,364,4.25,none,Dorchester,27,1.0,Quiet & Perfect Location Near The Red Line!,1,f,60,3960.0,0
170.0,155,42.35349,-71.07595,Entire home/apt,29,329,4.88,none,Back Bay,1,0.0,"Stylish, Best Location Back Bay Studio!",3,f,174,29580.0,0
60.0,3,42.38191,-71.07865,Private room,29,122,5.0,STR-383106,Charlestown,12,1.0,Large bedroom- easy access to Boston and Cambridge,0,t,0,0.0,1
78.0,110,42.38183,-71.07888,Private room,1,297,4.83,STR-383107,Charlestown,12,1.0,Next to T stop-10 min to downtown Boston/Cambridge,11,t,66,5148.0,1
39.0,3,42.31341,-71.09356,Private room,100,365,5.0,none,Roxbury,31,1.0,"Renovated, Clean, Quiet & Safe Near Orange Line",0,f,0,0.0,0
106.0,125,42.324315539246854,-71.09195369415323,Private room,2,303,4.96,STR-470759,Roxbury,1,1.0,"Charming, Quiet Fort Hill One-Bedroom",17,f,102,10812.0,1
64.0,6,42.38366,-71.0786,Private room,29,123,4.83,STR-383106,Charlestown,12,1.0,Bedroom in large apartment-access to Boston/Camb.,0,t,0,0.0,1
62.0,51,42.30775,-71.0651,Private room,60,302,4.71,none,Dorchester,17,1.0,#103 Boston private AC room 可讲国语禁止吸烟,2,t,240,14880.0,0
180.0,110,42.30745,-71.11043,Entire home/apt,4,310,4.9,STR-436507,Jamaica Plain,1,2.0,Maria's JP Rental - Boston Duplex in Jamaica Plain,18,t,144,25920.0,1
234.0,69,42.33509,-71.0288,Entire home/apt,2,317,4.91,STR-523715,South Boston,1,1.0,South Boston. Minutes away from Convention Center,14,f,84,19656.0,1
206.0,218,42.32036,-71.10403,Entire home/apt,3,326,4.87,STR-544846,Jamaica Plain,1,2.0,1st Flr 2BR unit with parking + steps from train,58,t,255,52530.0,1
500.0,5,42.29506,-71.15325,Private room,91,89,4.8,none,West Roxbury,1,1.0,Quiet stay in a Brookline Village,0,f,0,0.0,0
304.0,342,42.3237,-71.09514,Entire home/apt,2,304,4.98,STR-545299,Roxbury,1,2.0,A Victorian Secret AMAZING apt.  in Historic Home,55,f,255,77520.0,1
66.0,24,42.27646,-71.1348,Private room,29,86,4.83,STR-416446,Roslindale,16,1.0,L.R Roslindale 1st floor queen bed & window a.c,0,t,0,0.0,1
257.0,6,42.35137,-71.05871,Entire home/apt,32,318,4.5,none,Leather District,43,1.0,Chic 1 bed in Financial District,1,t,64,16448.0,0
480.0,143,42.31057,-71.06361,Entire home/apt,2,137,4.8,STR-413523,Dorchester,7,3.0,Boston retreat near Train DowntownFenway  Freeprk,12,t,72,34560.0,1
39.0,3,42.31313,-71.09335,Private room,91,365,5.0,none,Roxbury,31,2.0,Renovated House Clean room,0,f,0,0.0,0
45.0,19,42.30042,-71.06435,Private room,30,280,4.58,none,Dorchester,27,1.0,Right location & Private Room w/ Airbed Near T!,3,f,180,8100.0,0
39.0,2,42.31341,-71.09358,Private room,150,180,5.0,none,Roxbury,31,2.0,Renovated Clean Quiet House near Orange line,0,f,0,0.0,0
115.0,398,42.28499,-71.06211,Private room,2,138,4.98,STR-536324,Dorchester,1,1.0,"Entire floor, private bath, 2 mins walk to subway",29,t,174,20010.0,1
241.0,304,42.31299,-71.11876,Entire home/apt,3,341,4.97,STR-446068,Jamaica Plain,1,1.0,Private & serene getaway in beautiful JP,34,t,204,49164.0,1
338.0,295,42.34566,-71.07433,Entire home/apt,3,63,4.98,STR-390973,South End,1,1.0,S End/B Bay border! Copley Location- Perfect 1 Br,21,t,126,42588.0,1
153.0,159,42.32852,-71.09581,Entire home/apt,91,181,4.72,none,Roxbury,5,1.0,Room for up to 4 in Updated 1 BR apt by T!,0,t,0,0.0,0
280.0,332,42.34903,-71.062,Entire home/apt,3,276,4.7,STR-414537,Chinatown,4,2.0,"NEW 2nd Floor, 2BR Downtown Boston",39,f,234,65520.0,1
317.0,294,42.3503,-71.06037,Entire home/apt,3,203,4.73,STR-414541,Chinatown,4,2.0,"NEW 3rd Floor, 2BR Downtown Boston",39,f,234,74178.0,1
145.0,217,42.34835,-71.06039,Entire home/apt,29,362,4.8,none,Chinatown,4,1.0,NEW B 1BR Downtown Boston,1,f,58,8410.0,0
453.0,392,42.34351,-71.06889,Entire home/apt,2,214,4.96,STR-479374,South End,2,2.0,Charming South End Duplex (Pets Ok),42,t,252,114156.0,1
180.0,151,42.34986,-71.06197,Entire home/apt,29,336,4.85,none,Chinatown,4,1.0,"NEW 1st Floor, 1BR Downtown Boston",1,f,58,10440.0,0
130.0,4,42.34651,-71.08957,Entire home/apt,91,365,4.0,none,Fenway,12,0.0,Fenway/Back Bay Luxury Apt-,1,f,182,23660.0,0
236.0,372,42.33959,-71.08015,Entire home/apt,1,223,4.89,STR-397947,South End,1,1.0,Charming South-End condo with large outdoor patio,39,t,234,55224.0,1
66.0,5,42.38376,-71.07707,Private room,29,137,4.4,STR-383106,Charlestown,12,1.0,Private room-10 min to downtown15 min to Cambridge,0,t,0,0.0,1
140.0,94,42.3295,-71.08817,Entire home/apt,30,324,4.76,Exempt: This listing is a unit used for furnished institutional or business stays,Roxbury,6,1.0,"Sleek, Stylish Place | near South End",5,f,255,35700.0,1
40.0,20,42.30656,-71.07173,Private room,30,347,4.65,none,Dorchester,27,1.0,Great Location for your stay!,4,f,240,9600.0,0
430.0,122,42.3294961,-71.0881648,Entire home/apt,29,335,4.76,Exempt: This listing is a unit used for furnished institutional or business stays,Roxbury,6,4.0,Refined Oasis | near South End,0,f,0,0.0,1
156.0,218,42.3512284185588,-71.08858946710825,Entire home/apt,29,156,4.85,STR-586728,Back Bay,4,1.0,Back Bay Cozy Studio In Brownstone first floor,28,t,255,39780.0,1
130.0,15,42.36393,-71.05223,Entire home/apt,91,285,5.0,none,North End,2,2.0,North End Luxurious One Bedroom Condo up,0,f,0,0.0,0
50.0,14,42.28964,-71.06607,Private room,30,150,4.64,none,Dorchester,27,1.0,Suitable & Convenient Private Bedroom Near T!,3,f,180,9000.0,0
120.0,1,42.30133,-71.0648,Entire home/apt,30,365,3.0,none,Dorchester,27,3.0,Great 3 Bdr apartment with Airbeds!,0,f,0,0.0,0
83.0,85,42.32938,-71.11024,Private room,29,297,4.69,none,Mission Hill,1,1.0,Master Bedroom/Private Bathroom/Mission Hill/JP,5,t,255,21165.0,0
167.0,98,42.32807,-71.09557,Entire home/apt,91,268,4.68,none,Roxbury,5,1.0,Newly Renovated 1 BR close to T & Longwood Med!,0,t,0,0.0,0
90.0,33,42.30752,-71.06525,Private room,30,263,4.61,none,Dorchester,17,1.0,#101 Boston New heating AC room 全樓禁烟讲国语,0,t,0,0.0,0
161.0,82,42.34417361700382,-71.07598677488207,Entire home/apt,2,25,4.72,STR-446061,South End,1,0.0,"Heart of Boston- Large Studio, private entrance",4,f,24,3864.0,1
347.0,73,42.37532,-71.05777,Entire home/apt,4,164,4.86,STR-525286,Charlestown,1,1.0,Sunny & spacious 1BR in historic Charlestown,0,f,0,0.0,1
61.0,132,42.32116317572481,-71.05723853260125,Private room,29,365,4.92,STR-484164,Dorchester,13,1.0,C_Large room easy commute to Boston Downtown,9,f,255,15555.0,1
230.0,310,42.34981,-71.08263,Entire home/apt,1,279,4.72,STR-445405,Back Bay,86,0.0,The Pulse of Boston – Newbury St Right Outside!,9,f,54,12420.0,1
185.0,77,42.28897,-71.06613,Entire home/apt,91,180,4.95,none,Dorchester,2,2.0,Sunny Boston Apartment,1,t,182,33670.0,0
189.0,44,42.35294,-71.13978,Private room,91,365,4.73,none,Allston,1,2.0,Twin Beds near Harvard Stadium/BU,0,f,0,0.0,0
171.0,4,42.34133,-71.14605,Entire home/apt,180,261,5.0,Exempt: This listing is a unit used for furnished institutional or business stays,Brighton,33,1.0,"Steps to public transport, Boston Coll, Roof Deck",0,f,0,0.0,1
110.0,209,42.35395,-71.16776,Private room,1,353,4.82,STR-453972,Brighton,6,1.0,The Tower Room at TPH - Boston,17,t,102,11220.0,1
39.0,1,42.31337,-71.09339,Private room,120,365,5.0,none,Roxbury,31,1.0,Near Orange Line Renovated Clean AC Easy Parking,0,f,0,0.0,0
196.0,145,42.35318,-71.07904,Entire home/apt,30,182,4.85,STR-398563,Back Bay,1,0.0,Newly Remodeled Studio in Back Bay - River View,3,t,180,35280.0,1
71.0,106,42.29189,-71.0574,Private room,29,266,4.79,STR-397983,Dorchester,3,1.0,"M&R - Private Bdrm Living Room, Bathroom & Parking",1,f,58,4118.0,1
50.0,17,42.31737,-71.09498,Private room,90,363,4.76,Exempt: This listing is a unit used for furnished institutional or business stays,Roxbury,2,1.0,"Spacious, stylish, modern apartment on Orange Line",1,t,180,9000.0,1
91.0,989,42.29402,-71.06196,Private room,1,62,4.98,str-482961,Dorchester,3,1.0,"◇Cape Cod Suite, with Private Bath ◇",104,t,255,23205.0,1
55.0,1,42.39031,-71.00178,Private room,31,364,1.0,none,East Boston,5,1.0,Logan Intl Airport - Boston I,0,f,0,0.0,0
55.0,4,42.38917,-71.00362,Private room,31,364,4.0,none,East Boston,5,1.0,Boston - Logan Intl Airport III,0,f,0,0.0,0
113.0,20,42.29486,-71.15989,Entire home/apt,91,234,4.95,none,West Roxbury,1,1.0,Spacious pet friendly 1BD APT w/ Devoted Entrance.,1,t,182,20566.0,0
110.0,96,42.27801,-71.13446,Private room,2,341,4.72,STR-401632,Roslindale,2,1.0,Unwind from Boston in Comfy/Spacious PrivateRm,4,f,24,2640.0,1
116.0,241,42.35418,-71.16776,Private room,1,342,4.82,STR-453972,Brighton,6,1.0,The Sunset Room at TPH - Boston,12,t,72,8352.0,1
129.0,100,42.35401,-71.16776,Private room,1,348,4.8,STR-453972,Brighton,6,1.0,The King's Room at TPH - Boston,4,t,24,3096.0,1
120.0,117,42.35401,-71.16776,Private room,1,331,4.76,STR-453972,Brighton,6,1.0,The Pistachio Room at TPH - Boston,5,t,30,3600.0,1
134.0,127,42.35457,-71.16684,Private room,1,354,4.94,STR-453972,Brighton,6,1.0,The In & Out Room at TPH - Boston,13,t,78,10452.0,1
45.0,8,42.3165,-71.09563,Private room,60,323,4.5,STR-424669,Roxbury,2,1.0,"Stylish, modern duplex near Orange Line, Downtown",0,t,0,0.0,1
55.0,50,42.30742,-71.06513,Private room,30,333,4.72,none,Dorchester,17,1.0,#B204 New AC & Heating Boston private room,1,t,60,3300.0,0
627.0,37,42.30308,-71.13398,Entire home/apt,3,97,4.97,STR-398981,Jamaica Plain,1,4.0,"Large, sunny hilltop home, nature lovers' paradise",6,t,36,22572.0,1
104.0,109,42.32424,-71.10748,Private room,29,75,4.89,STR-414742,Jamaica Plain,10,1.0,Private Room in very spacious JP House.( Lilac Rm),2,f,116,12064.0,1
125.0,108,42.32455,-71.10781,Private room,29,270,4.87,STR-545009,Jamaica Plain,10,1.0,"Comfortable, Private Suite, conveniently located",0,f,0,0.0,1
96.0,949,42.29366,-71.06422,Private room,1,186,4.99,STR-482961,Dorchester,3,1.0,"◇Cozy Townhouse Suite, with Private Bath ◇",101,t,255,24480.0,1
85.0,228,42.31343,-71.05495,Private room,1,337,4.86,STR-523314,Dorchester,1,2.0,Private Room 3 Min Walk to Savin Hill Subway Stop,34,t,204,17340.0,1
184.0,111,42.37579,-71.04981,Entire home/apt,2,319,4.79,STR-416892,Charlestown,3,1.0,Fun Houseboat,6,f,36,6624.0,1
39.0,2,42.31343,-71.0935,Private room,150,365,5.0,none,Roxbury,31,2.0,"Renovated House, Sunny & Clean room, New Window AC",0,f,0,0.0,0
242.0,455,42.3798,-71.0347,Entire home/apt,1,334,4.88,STR-398048,East Boston,3,3.0,Boston Country Landing / Airport & Train 3Bed,42,t,252,60984.0,1
55.0,1,42.38832,-71.00145,Private room,91,364,5.0,none,East Boston,5,0.0,Logan Intl Airport - Boston II,0,f,0,0.0,0
206.0,140,42.35956,-71.07184,Entire home/apt,1,51,4.57,Exempt: This listing is a hotel or motel,Beacon Hill,57,1.0,"Beacon Hill, J. Miller Flats - Studio Flat #9",13,f,78,16068.0,1
223.0,213,42.36645,-71.0298,Entire home/apt,4,144,4.93,STR-590827,East Boston,1,3.0,Family Home + Near Downtown + Cool Backyard!,35,t,255,56865.0,1
119.0,170,42.33209,-71.1015,Private room,2,67,4.76,STR-434886,Mission Hill,4,1.0,Large clean private room close to downtown,18,t,108,12852.0,1
84.0,47,42.27971662193148,-71.16043239547865,Private room,5,341,4.96,STR-520919,West Roxbury,5,1.0,Boston step a train&bus  beautiful house,10,t,100,8400.0,1
120.0,124,42.29031,-71.06681,Entire home/apt,29,121,4.7,Exempt: This listing is a unit used for furnished institutional or business stays,Dorchester,2,2.0,Classic New England apartment on MBTA Red line,7,t,255,30600.0,1
131.0,149,42.35397,-71.16775,Private room,1,325,4.82,STR-453972,Brighton,6,1.0,The Sanctuary Room at TPH - Boston,8,t,48,6288.0,1
111.0,147,42.31387,-71.10864,Entire home/apt,2,44,4.95,str-460147,Jamaica Plain,2,0.0,Quirky studio in Jamaica Plain,24,t,144,15984.0,1
127.0,216,42.3494,-71.09566,Entire home/apt,29,307,4.68,STR-521905,Fenway,14,1.0,"Free Parking at 1 Bed Basement Apt, Near BU & MIT",1,f,58,7366.0,1
144.0,49,42.35145,-71.06461,Entire home/apt,91,269,4.27,none,Downtown,3,0.0,COZY THEATRE DISTRICT STUDIO NEAR BOSTON COMMON,0,t,0,0.0,0
50.0,11,42.32282,-71.08615,Private room,91,329,4.73,none,Roxbury,1,1.0,Nice clean room to stay,0,f,0,0.0,0
75.0,858,42.38138,-71.02312,Private room,1,61,4.88,STR-601369,East Boston,4,1.0,Shelly's Bunk Room,100,t,255,19125.0,1
54.0,45,42.3075,-71.06533,Private room,32,353,4.69,none,Dorchester,17,1.0,#203 Boston Female only Queen Bed全楼 禁烟,1,t,64,3456.0,0
80.0,32,42.30792,-71.06513,Private room,32,327,4.75,none,Dorchester,17,1.0,#202 Boston private AC Queen BR 全楼禁烟 female,3,t,192,15360.0,0
51.0,38,42.30754,-71.06525,Private room,29,286,4.66,none,Dorchester,17,1.0,#204 Boston private Central AC 禁烟 Female only,0,t,0,0.0,0
558.0,175,42.33016,-71.09527,Entire home/apt,3,54,4.9,STR-446660,Roxbury,5,4.0,*Modern City Triplex!! *Close to Center,9,t,54,30132.0,1
228.0,30,42.34728,-71.07585,Entire home/apt,29,69,4.87,none,Back Bay,1,0.0,"Cozy, Bright Studio in Back Bay/South End",2,f,116,26448.0,0
184.0,106,42.35095,-71.09009,Entire home/apt,3,273,4.89,STR-447567,Fenway,2,0.0,Back Bay Apartment near MIT and Newbury Street,29,t,174,32016.0,1
165.0,70,42.32422,-71.09616,Entire home/apt,30,65,4.3,str-446257,Roxbury,2,1.0,Loft Style 1 Mile from Downtown Boston Brownstone.,0,f,0,0.0,1
393.0,107,42.31947,-71.05538,Entire home/apt,2,8,4.82,STR-422449,Dorchester,1,2.0,Beautiful condo with city benefits,11,t,66,25938.0,1
400.0,150,42.34631,-71.07188,Entire home/apt,3,92,4.99,STR-595164,South End,1,1.0,Great South End / Back Bay location! 1 bed condo,26,f,156,62400.0,1
200.0,190,42.30427,-71.06056,Entire home/apt,1,71,4.89,STR-420486,Dorchester,2,3.0,"Bright and Spacious 3 BedR., 1 bath",28,t,168,33600.0,1
137.0,85,42.31808,-71.10706,Entire home/apt,29,276,4.99,none,Jamaica Plain,2,1.0,EXTENDED STAY. VERY QUIET. SPACIOUS. NEXT TO TRAIN,5,t,255,34935.0,0
61.0,28,42.32602,-71.10434,Private room,29,89,4.64,STR-398960,Jamaica Plain,1,2.0,Private room in Jamaica Plain condominium.,0,f,0,0.0,1
80.0,19,42.26724,-71.10521,Private room,91,179,4.26,STR-415873,Hyde Park,2,2.0,Your Other Home in a Different Town,0,f,0,0.0,1
86.0,54,42.2765,-71.07733,Private room,1,73,4.76,STR-415974,Mattapan,6,1.0,Friendly family single room,1,f,6,516.0,1
98.0,144,42.27975,-71.12545,Private room,1,266,4.88,STR-528093,Roslindale,1,1.0,Comfort and convenience in a Victorian home,21,t,126,12348.0,1
689.0,79,42.30945,-71.06212,Entire home/apt,2,351,4.72,STR-413525,Dorchester,7,5.0,Chic Retreat min2 Downtown Backyard FreePrkg,6,t,36,24804.0,1
75.0,72,42.2721,-71.1081,Private room,2,362,4.79,STR-484028,Hyde Park,2,1.0,Nice  Room. Walking distance to new train Station,2,t,12,900.0,1
107.0,234,42.30615,-71.11674,Entire home/apt,3,215,4.92,STR-383301,Jamaica Plain,1,0.0,Ann and Esther's Cozy Studio near the Heart of JP,25,t,150,16050.0,1
161.0,130,42.34737,-71.1033,Entire home/apt,30,357,4.97,none,Fenway,2,2.0,Gorgeous Audubon Circle Studios (2),5,t,255,41055.0,0
242.0,422,42.34132,-71.08615,Entire home/apt,2,258,4.95,STR-409563,Fenway,1,1.0,Symphony Place,68,t,255,61710.0,1
282.0,107,42.33041,-71.09317,Entire home/apt,30,345,4.69,Exempt: This listing is a unit used for furnished institutional or business stays,Roxbury,3,3.0,"Stylish, Comfortable Luxury | Near T",13,t,255,71910.0,1
326.0,433,42.35872,-71.1423,Entire home/apt,2,148,4.86,STR-413796,Brighton,3,3.0,3 Bedroom Apartment with Parking,31,t,186,60636.0,1
65.0,124,42.35092,-71.09394,Entire home/apt,29,362,4.57,STR-521905,Fenway,14,2.0,Free Parking 2 Bed 1 Bath Steps from BU/Kenmore,1,f,58,3770.0,1
100.0,64,42.27782,-71.13332,Private room,2,350,4.75,STR-401632,Roslindale,2,1.0,Escape Noisy Boston in Modern/Bright PrivateRoom,4,f,24,2400.0,1
78.0,68,42.27076,-71.10598,Private room,2,363,4.65,STR-484028,Hyde Park,2,1.0,Private room.  Very close to new train Station,6,t,36,2808.0,1
70.0,40,42.35958,-71.13128,Private room,91,281,4.4,none,Allston,2,0.0,Single room,0,f,0,0.0,0
119.0,19,42.31139,-71.05494,Entire home/apt,31,183,4.63,none,Dorchester,1,4.0,Minutes to Downtown Boston,1,f,62,7378.0,0
66.0,10,42.30429,-71.07436,Private room,30,352,4.9,none,Dorchester,27,1.0,Near the Red & Commuter T lines!,2,f,120,7920.0,0
215.0,477,42.34971,-71.06862,Entire home/apt,2,143,4.83,STR-408041,Bay Village,1,1.0,Private Deck! Parking for Rent. Heart of Boston.,68,t,255,54825.0,1
186.0,521,42.33451,-71.02731,Entire home/apt,2,201,4.97,STR-398624,South Boston,3,0.0,History BCEC Cruise Beach Pvt Bath/Entry King Bed,49,t,255,47430.0,1
125.0,481,42.34745,-71.14036,Entire home/apt,1,325,4.5,STR-446839,Allston,1,1.0,Boston/Brookline Private 1 BR/Bath w/ Free Parking,42,f,252,31500.0,1
443.0,252,42.3440581,-71.0700076,Entire home/apt,3,306,4.99,STR-545132,South End,2,1.0,Astonishing 1 Bed South End Boston's Best Location,30,t,180,79740.0,1
215.0,64,42.35748,-71.06156,Entire home/apt,29,203,4.97,none,Downtown,1,1.0,Beacon Hill Designer Suite with Roof deck,4,t,232,49880.0,0
130.0,3,42.34651,-71.0899,Entire home/apt,32,355,5.0,none,Fenway,8,0.0,LUXURY BACK BAY STUDIO NEAR BERKLEY & Northeastern,1,f,64,8320.0,0
130.0,2,42.36048,-71.06898,Entire home/apt,32,359,4.0,none,Beacon Hill,8,0.0,"APRIL- Discounted-Beacon Hill-walk to MGH, subway.",0,f,0,0.0,0
206.0,43,42.33623,-71.05418,Entire home/apt,91,90,4.81,none,South Boston,3,4.0,Minion? *Family*Tourist/Convention/Subway 130-1,0,f,0,0.0,0
180.0,192,42.34979,-71.08262,Entire home/apt,1,312,4.62,STR-445401,Back Bay,86,0.0,Newbury St Vibes - The Best of Boston Right Here#9,23,f,138,24840.0,1
195.0,31,42.35532,-71.16481,Entire home/apt,29,331,4.55,none,Brighton,2,3.0,Super Convenient 3BR 2Bath Renovated Sleeps 8,0,f,0,0.0,0
79.0,116,42.31977,-71.09202,Private room,45,238,4.96,none,Roxbury,1,1.0,Entire 1-bedroom Apartment Near Downtown/Longwood,2,t,180,14220.0,0
308.0,168,42.34351,-71.15211,Entire home/apt,2,221,4.97,STR-400150,Brighton,1,2.0,"Clean, spacious condo just steps from the MBTA",8,t,48,14784.0,1
202.0,5,42.35144,-71.08725,Entire home/apt,32,309,4.6,none,Back Bay,8,0.0,"Back Bay studio- Close to Northeastern, colleges..",0,f,0,0.0,0
110.0,73,42.36441,-71.0686,Private room,29,301,4.92,STR-531644,West End,3,1.0,"Private High-Rise, River-View Bedroom by MGH/MEEI",14,t,255,28050.0,1
175.0,288,42.29286,-71.07486,Private room,4,158,4.83,STR-445530,Dorchester,1,2.0,Angela’s Comfy 1BR,7,t,56,9800.0,1
130.0,2,42.35078,-71.08389,Entire home/apt,32,276,4.5,none,Back Bay,8,1.0,BACK BAY ONE BEDROOM ON COMMONWEALTH AVE-MONTHLY,1,f,64,8320.0,0
140.0,1,42.29121,-71.06763,Entire home/apt,30,365,5.0,none,Dorchester,27,3.0,Ideal 3 BDR to stay by the Red Line!,0,f,0,0.0,0
176.0,69,42.31345,-71.05631,Entire home/apt,1,253,4.83,STR-423861,Dorchester,4,2.0,Large apartment for up to 8 ppl/1st floor,21,t,126,22176.0,1
180.0,57,42.31345,-71.05631,Entire home/apt,1,297,4.81,STR-423861,Dorchester,4,2.0,Large apartment for up to 8 ppl/2nd floor,22,t,132,23760.0,1
187.0,84,42.31345,-71.05631,Entire home/apt,1,291,4.86,STR-423861,Dorchester,4,2.0,Large apartment for up to 8 ppl/3rd floor,20,t,120,22440.0,1
202.0,1,42.36571,-71.05065,Entire home/apt,60,332,5.0,none,North End,8,0.0,"WaterfrontM (North End)-MGH, SUBWAY, RESTAURANTS",1,f,120,24240.0,0
1500.0,11,42.34956359863281,-71.08756256103516,Entire home/apt,4,335,5.0,STR-544954,Back Bay,1,4.0,Beautiful Back Bay Duplex rental,0,f,0,0.0,1
52.0,20,42.38356,-71.07874,Private room,29,286,4.85,none,Charlestown,12,1.0,Comfy room 3 min to T stop-easy access to Boston,2,t,116,6032.0,0
209.0,162,42.3058984,-71.12495179999999,Entire home/apt,3,248,4.9,STR-461050,Jamaica Plain,1,2.0,Now availJamaica Plain & Arboretum 20min toBoston,24,t,144,30096.0,1
130.0,809,42.38041,-71.03189,Private room,1,331,4.9,STR-399362,East Boston,6,1.0,Eastie Cozy Retreat - Chic & Large Priv Bedroom,98,t,255,33150.0,1
193.0,534,42.33451,-71.02731,Entire home/apt,2,196,4.97,STR-398624,South Boston,3,0.0,Boston King BCEC Beach Cruise- PVT Bath/Entry,63,t,255,49215.0,1
387.0,409,42.33712,-71.03903,Entire home/apt,1,303,4.92,STR-383143,South Boston,1,3.0,"3 BR Private Family Home, S. Boston/Seaport/BCEC",40,t,240,92880.0,1
130.0,844,42.37855,-71.03157,Private room,1,336,4.88,STR-399362,East Boston,6,1.0,Modern & Bright-Great Location-Mins to Logan,87,t,255,33150.0,1
132.0,838,42.37874,-71.03119,Private room,1,310,4.87,STR-399362,East Boston,6,1.0,"Spacious, Modern & Comfy East Boston Hidden Gem",115,t,255,33660.0,1
50.0,2,42.35718,-71.1568,Private room,91,274,5.0,none,Brighton,2,1.0,"Brighton, MA Guesthouse for rent, Unit 1 (2nd Fl)",1,f,182,9100.0,0
200.0,4,42.34291,-71.07848,Entire home/apt,29,364,4.0,STR-423341,South End,8,1.0,The Boston Christopher Grand Studio Suite,0,f,0,0.0,1
150.0,3,42.34291,-71.07848,Entire home/apt,29,313,5.0,STR-423347,South End,8,1.0,The Boston Christopher Grand Studio Suite,0,f,0,0.0,1
64.0,83,42.28497,-71.13567,Private room,2,64,4.99,STR-530774,Roslindale,2,1.0,Comfy Den w/ Bath in Rozzie - females only,33,t,198,12672.0,1
182.0,99,42.34167,-71.07539,Entire home/apt,29,138,4.78,STR-413762,South End,1,0.0,Stunning South End Loft! Walk to Restaurants,1,f,58,10556.0,1
153.0,351,42.35872,-71.14229,Entire home/apt,2,160,4.75,STR-413793,Brighton,3,1.0,The Harvard Room conveniently near BC & Harvard,34,t,204,31212.0,1
149.0,372,42.35872,-71.14229,Entire home/apt,2,147,4.78,STR-413793,Brighton,3,1.0,Boston College Room conveniently near Harvard & BC,22,t,132,19668.0,1
160.0,282,42.37154,-71.03688,Entire home/apt,2,278,4.84,STR-465279,East Boston,1,1.0,Stylish garden level studio with a private patio,66,t,255,40800.0,1
149.0,314,42.38383,-71.0346,Private room,1,346,4.81,STR-480732,East Boston,2,1.0,"Beautiful private place, 4 min fr T, 5 min airport",32,f,192,28608.0,1
200.0,6,42.31734,-71.11375,Entire home/apt,90,230,5.0,none,Jamaica Plain,1,3.0,"Furnished, 3 br apt in Jamaica Plain - a true gem!",1,f,180,36000.0,0
108.0,46,42.36558532714844,-71.06755065917969,Private room,29,330,4.89,STR-397968,West End,3,1.0,"High-Rise, River Views, Doorman Condo by MGH/MEE",3,t,174,18792.0,1
261.0,6,42.36525,-71.05702,Entire home/apt,30,144,5.0,none,North End,1,2.0,Luxury 2BR Penthouse in heart of Boston North End,2,f,120,31320.0,0
49.0,15,42.31793,-71.09182,Private room,31,284,5.0,none,Roxbury,8,4.0,"Comfortable queen bed, high ceiling Room.",1,t,62,3038.0,0
277.0,342,42.36551,-71.05513,Entire home/apt,2,299,4.95,STR-483621,North End,1,1.0,Large 1-Bed. Condo in the Heart of the North End,48,t,255,70635.0,1
55.0,3,42.38856,-71.00168,Private room,31,364,4.67,none,East Boston,5,1.0,Boston - Logan Intl Airport I,0,f,0,0.0,0
523.0,11,42.3643198,-71.068221,Entire home/apt,90,310,5.0,STR-595461,West End,8,2.0,Lrge 2 Bed/Bath by MGH | Modern Bldg | Safe Area,0,t,0,0.0,1
320.0,16,42.3645578,-71.0692521,Entire home/apt,30,315,4.81,STR-595462,West End,8,1.0,Large 1BD Apt by MGH | Modern Bldg I Quite | Safe,1,t,60,19200.0,1
180.0,9,42.3432,-71.07848,Entire home/apt,29,359,4.44,STR-423343,South End,8,1.0,The Boston Christopher One Bedroom,0,f,0,0.0,1
172.0,13,42.3432,-71.07846,Entire home/apt,29,343,4.23,STR-423346,South End,8,1.0,The Boston Christopher One Bedroom,0,f,0,0.0,1
80.0,55,42.33031,-71.09377,Entire home/apt,91,365,4.84,none,Roxbury,1,2.0,Charming Boston Condo - 5 Stars & Superhost!,1,f,182,14560.0,0
39.0,24,42.31745,-71.09222,Private room,30,208,4.96,none,Roxbury,8,1.0,"Comfy, quite room with all you need.",2,t,120,4680.0,0
45.0,11,42.31776,-71.08999,Private room,30,266,5.0,none,Roxbury,8,1.0,Private room with Queen bed and two closets.,1,t,60,2700.0,0
49.0,25,42.32564,-71.09406,Private room,30,202,4.92,STR-383293,Roxbury,3,1.0,Fort Hill Top - 1Fr - Guest Rm Jamaica Plain/Roxb,4,t,240,11760.0,1
269.0,152,42.36595,-71.05406,Entire home/apt,12,327,4.79,STR-461118,North End,1,1.0,"Cozy, Modern & Central 1 bed close to waterfront.",5,f,120,32280.0,1
196.0,34,42.265997156370055,-71.1099542179841,Entire home/apt,3,345,4.65,STR-545970,Hyde Park,1,2.0,Lovely 2 bedroom apartment in Boston,34,f,204,39984.0,1
170.0,2,42.34489,-71.09692,Entire home/apt,91,140,5.0,none,Fenway,1,1.0,Awesome condo in Fenway,0,f,0,0.0,0
209.0,65,42.35385,-71.07447,Entire home/apt,29,277,4.88,none,Back Bay,1,0.0,Luxurious Back Bay Studio,3,t,174,36366.0,0
351.0,268,42.28996,-71.1459,Entire home/apt,3,206,4.99,STR-408842,West Roxbury,1,2.0,The Red Door Carriage House,16,t,96,33696.0,1
370.0,121,42.37648,-71.06444,Entire home/apt,4,9,4.95,STR-418356,Charlestown,1,2.0,Luxe Historic Elegance Overlooking Thompson Square,16,t,128,47360.0,1
258.0,21,42.36397,-71.0692,Entire home/apt,30,360,4.95,STR-595460,West End,8,1.0,Quite 1 Bd Apt by Massachusetts General Hospital,3,t,180,46440.0,1
130.0,1,42.28787,-71.06692,Entire home/apt,30,360,5.0,none,Dorchester,27,3.0,Lovely 3 Bedroom Apartment by the Red Line!,0,f,0,0.0,0
52.0,2,42.28853,-71.06631,Private room,30,318,4.5,none,Dorchester,27,1.0,Private Room & Great Location by the Red Line!,0,f,0,0.0,0
143.0,209,42.30441,-71.06202,Entire home/apt,1,60,4.8,STR-424305,Dorchester,2,3.0,Victorian 3rd Floor Unit,37,t,222,31746.0,1
198.0,19,42.35136,-71.08851,Entire home/apt,29,285,4.47,none,Back Bay,7,0.0,Back Bay Apt on Marlborough St (Hereford St block),0,f,0,0.0,0
135.0,68,42.28471,-71.12891,Private room,3,127,5.0,STR-476406,Roslindale,6,1.0,"Rusty's 1st Floor Queen Bedroom, Private Bath",10,t,60,8100.0,1
133.0,41,42.28471,-71.12891,Private room,3,134,5.0,STR-476406,Roslindale,6,1.0,"Rusty's 2nd Floor Double Bedroom, Shared Bath",4,t,24,3192.0,1
250.0,40,42.27467,-71.07362,Entire home/apt,29,316,4.88,STR-460948,Mattapan,1,3.0,Boston's Best Vacation Home,0,t,0,0.0,1
130.0,4,42.36547,-71.05492,Entire home/apt,32,364,4.25,none,North End,7,1.0,"North End 1 Bedroom- CLOSE MGH, Subway, Hanover St",0,f,0,0.0,0
130.0,9,42.36026,-71.07003,Entire home/apt,29,360,4.78,none,Beacon Hill,7,0.0,Beacon Hill Studio - 2 min Walk to MGH-Subway-,1,f,58,7540.0,0
123.0,32,42.28471,-71.12891,Private room,3,137,5.0,STR-476406,Roslindale,6,1.0,"Rusty's 2nd Floor Queen Bedroom, Shared Bath",1,t,6,738.0,1
265.0,151,42.31069,-71.10282,Entire home/apt,2,242,4.93,Str-545241,Jamaica Plain,5,1.0,comfortable and cozy,5,f,30,7950.0,1
110.0,183,42.29523,-71.06828,Private room,2,28,4.9,STR-383178,Dorchester,1,2.0,Melville Park Penthouse,20,t,120,13200.0,1
815.0,246,42.382173634151435,-71.07929663572756,Entire home/apt,3,296,4.92,STR-414759,Charlestown,1,5.0,Top of the World,26,t,156,127140.0,1
528.0,23,42.3645578,-71.0692521,Entire home/apt,29,356,4.91,Exempt: This listing is a unit used for furnished institutional or business stays,West End,8,2.0,Sunny 2Bed Apt River View By Mass General Hospital,2,t,116,61248.0,1
415.0,292,42.33068,-71.05393,Entire home/apt,2,218,4.95,STR-518244,South Boston,1,3.0,"Beautiful, spacious South Boston Condo, Near T",34,t,204,84660.0,1
95.0,26,42.27555,-71.07597,Private room,1,312,4.81,STR-415974,Mattapan,6,1.0,Yellow Quiet room,0,f,0,0.0,1
99.0,204,42.33097,-71.10023,Private room,2,64,4.91,STR-434886,Mission Hill,4,1.0,Clean room near Longwood,33,t,198,19602.0,1
109.0,117,42.33091,-71.10255,Private room,2,61,4.85,STR-434886,Mission Hill,4,1.0,Spacious sun-filled room near Longwood,14,t,84,9156.0,1
139.0,144,42.33206,-71.10185,Private room,2,61,4.9,STR-434886,Mission Hill,4,1.0,Sunny large room with views and private bath,20,t,120,16680.0,1
216.0,17,42.28471,-71.12891,Private room,3,137,5.0,STR-476406,Roslindale,6,2.0,Rusty's 2 Bedrooms with Shared Bath and Half-Bath,1,t,6,1296.0,1
127.0,139,42.34448,-71.07636,Entire home/apt,1,282,4.52,STR-441241,South End,86,1.0,"Stylish Downtown Studio in the SouthEnd, C.Ave# 24",28,f,168,21336.0,1
40.0,18,42.29015,-71.0684,Private room,91,272,4.33,none,Dorchester,8,1.0,"Perfect Location, only 3 min WALK to RED train",1,t,182,7280.0,0
129.0,233,42.31286,-71.06249,Entire home/apt,2,313,4.76,STR-547060,Dorchester,3,1.0,"Sunny ocean-view suite nr subway w/kitchen, bathr.",27,t,162,20898.0,1
207.0,88,42.35013,-71.08911,Entire home/apt,29,299,4.76,STR-391273,Back Bay,2,0.0,Back Bay Apartment near MIT and Newbury Street - G,1,t,58,12006.0,1
86.0,120,42.27546,-71.16958,Private room,3,299,4.93,STR-532119,West Roxbury,2,1.0,Modern Basement with Convenient Transportation,17,t,102,8772.0,1
210.0,378,42.37708,-71.0604,Entire home/apt,2,171,4.92,STR-515663,Charlestown,1,1.0,Luxurious Home in Boston's Historic Charlestown,54,t,255,53550.0,1
37.0,8,42.26493,-71.12262,Private room,91,269,5.0,none,Hyde Park,1,1.0,"The Small room Aka ""The Affordable room""",0,f,0,0.0,0
100.0,488,42.36779,-71.03897,Private room,2,58,4.73,STR-398959,East Boston,3,4.0,"#3 Maverick MBTA clean, comfy private room",40,f,240,24000.0,1
100.0,492,42.36805,-71.03759,Private room,2,29,4.7,STR-398959,East Boston,3,1.0,"#2 Maverick MBTA clean, comfy, private Room",50,f,255,25500.0,1
49.0,11,42.29183,-71.06784,Private room,91,321,4.73,none,Dorchester,8,1.0,Newly renovated Female floor Center of Boston,0,t,0,0.0,0
243.0,241,42.34226,-71.07881,Entire home/apt,3,21,4.94,STR-405587,South End,1,1.0,SouthEnd Penthouse,46,t,255,61965.0,1
323.0,429,42.35529,-71.06087,Entire home/apt,29,347,4.98,Exempt: This listing is a unit that has contracts with hospitals,Downtown,2,1.0,"Naturally Lit, Modern Loft in Heart of Downtown!",50,t,255,82365.0,1
85.0,27,42.28023,-71.16944,Private room,91,365,4.85,STR-460484,West Roxbury,1,1.0,Comfortable & Convenient in Boston w Free Parking!,0,f,0,0.0,1
279.0,337,42.378841,-71.034821,Entire home/apt,1,310,4.89,STR-398048,East Boston,3,2.0,Boston The Green Loft,53,t,255,71145.0,1
700.0,82,42.31122,-71.06178,Entire home/apt,2,348,4.7,STR-413525,Dorchester,7,5.0,Groupstay w/firepit mins2Downtown Fenway FreePrkg,8,t,48,33600.0,1
66.0,118,42.32243,-71.05676,Private room,29,327,4.79,STR-484164,Dorchester,13,1.0,A_Spacious room easy commute to Boston Downtown.,8,f,255,16830.0,1
137.0,3,42.3022,-71.10648,Entire home/apt,28,163,4.33,STR-467993,Jamaica Plain,1,2.0,Modern 3BR w/ home office & patio near hospitals,0,f,0,0.0,1
265.0,1,42.35053,-71.09536,Entire home/apt,91,362,5.0,none,Fenway,4,1.0,RIVER & CITY VIEWS! LOCATION!  Parking Available+,0,f,0,0.0,0
130.0,1,42.36636,-71.05428,Entire home/apt,32,326,5.0,none,North End,12,1.0,The North End Nook   -Walk to MGH Tufts Subway,0,f,0,0.0,0
128.0,95,42.27808,-71.08717,Private room,2,177,4.84,STR-445640,Mattapan,5,1.0,Bina’s Home away from Home 3,3,t,18,2304.0,1
200.0,93,42.33175,-71.04824,Private room,1,51,4.94,STR-519059,South Boston,1,0.0,Southie Home | Walk to Beach | with Patio,9,t,54,10800.0,1
148.0,58,42.34207,-71.069,Entire home/apt,29,266,4.97,none,South End,2,1.0,"Classy, Cozy South End Unit",2,t,116,17168.0,0
43.0,3,42.29028,-71.06671,Private room,91,179,5.0,none,Dorchester,8,1.0,For students/business Pro Awesome roommate needed,0,t,0,0.0,0
337.0,142,42.34291,-71.07301,Entire home/apt,2,193,4.87,none,South End,7,1.0,"The Upton - The Upton Boston, South End",20,t,120,40440.0,0
79.0,873,42.38137,-71.02311,Private room,1,58,4.84,STR-601369,East Boston,4,1.0,Shelly's Swan Room,116,t,255,20145.0,1
68.0,60,42.25038,-71.11733,Entire home/apt,29,96,4.67,none,Hyde Park,8,1.0,Apartment near transit/free parking/self check-in,3,t,174,11832.0,0
75.0,55,42.25121,-71.11694,Entire home/apt,29,66,4.78,none,Hyde Park,8,1.0,Entire Apt near transit/free parking/self check-in,0,t,0,0.0,0
40.0,8,42.29027,-71.06673,Private room,91,93,5.0,none,Dorchester,8,1.0,COLLEGE STUDENTS are welcome 3 MINS walk to train,2,t,255,10200.0,0
151.0,290,42.332897,-71.039543,Private room,2,135,4.98,STR-540793,South Boston,1,1.0,Southie Gem: Private Room & Bath Near Seaport,45,t,255,38505.0,1
181.0,446,42.34637,-71.07145,Private room,1,53,4.89,STR-545901,South End,3,1.0,Classic Boston Brownstone - Walk to Everything,44,f,255,46155.0,1
116.0,395,42.36908,-71.03937,Private room,2,53,4.7,STR-576262,East Boston,3,1.0,"#1 Maverick MBTA clean, comfy, private room",34,f,204,23664.0,1
261.0,452,42.32685,-71.09683,Entire home/apt,2,108,4.93,STR-544885,Roxbury,1,2.0,Sunny & Cozy 2 BR Apt in Boston. 15 min to DWTN,60,t,255,66555.0,1
83.0,90,42.36044,-71.14057,Private room,1,331,4.76,STR-409596,Brighton,3,1.0,Hola Joy  2,46,f,255,21165.0,1
83.0,66,42.36015,-71.14233,Private room,1,343,4.76,STR-409596,Brighton,3,1.0,Hola Joy 3,27,f,162,13446.0,1
227.0,19,42.33351,-71.10182,Entire home/apt,30,364,4.68,Exempt: This listing is a unit used for furnished institutional or business stays,Mission Hill,8,2.0,"2 Bed Apt By Boston Childrens Hosptial, Brigham Hp",0,t,0,0.0,1
115.0,263,42.35134,-71.13871,Entire home/apt,29,49,4.92,STR-384347,Allston,1,2.0,Secluded Tower Home in Bright Castle,0,f,0,0.0,1
172.0,275,42.34504,-71.07375,Private room,1,65,4.93,STR-545901,South End,3,1.0,Perfect Room in the South End for solo adventurer,44,f,255,43860.0,1
197.0,172,42.35034,-71.0619,Entire home/apt,91,281,4.64,STR-399153,Chinatown,4,2.0,"Downtown Boston, Near South Station Bus Terminal",18,f,255,50235.0,1
83.0,78,42.32192,-71.07855,Private room,2,303,4.63,STR-415018,Roxbury,7,1.0,Alaska Street R53,15,f,90,7470.0,1
40.0,36,42.25147,-71.11579,Private room,29,79,4.94,none,Hyde Park,8,1.0,"Spacious room, near transit, keyless self check-in",4,t,232,9280.0,0
38.0,41,42.25134,-71.11621,Private room,29,90,4.83,none,Hyde Park,8,1.0,"Room near MBTA transit, Keyless self check-in",5,t,255,9690.0,0
513.0,10,42.3643198,-71.068221,Entire home/apt,30,262,4.6,STR-595459,West End,8,2.0,Large 2 Bed/ 2 Bath | Modern Building | Across MGH,2,t,120,61560.0,1
60.0,63,42.32003,-71.07826,Private room,2,125,4.49,STR-415018,Roxbury,7,1.0,Alaska Street R51,2,f,12,720.0,1
70.0,19,42.27658,-71.13304,Private room,29,72,4.84,STR-416449,Roslindale,16,1.0,Roslindale GB queen bed  lock1st flr,0,t,0,0.0,1
128.0,68,42.27844,-71.08499,Private room,2,167,4.88,STR-445640,Mattapan,5,1.0,Bina’s Home Away from Home Cozy Master Suite,5,t,30,3840.0,1
70.0,27,42.30753,-71.06446,Private room,29,260,4.85,none,Dorchester,17,1.0,#B104 Boston Private Two twin BR Central AC,2,t,116,8120.0,0
101.0,72,42.27684,-71.0851,Private room,2,133,4.88,STR-445640,Mattapan,5,1.0,Bina’s Home away from Home 2,0,t,0,0.0,1
128.0,384,42.34121,-71.15163,Entire home/apt,2,198,4.85,STR-544907,Brighton,1,1.0,Boston guest suite,38,t,228,29184.0,1
55.0,33,42.30804,-71.06443,Private room,29,365,4.73,none,Dorchester,17,1.0,#B102 Boston Private room Cantal AC 全楼禁烟,2,t,116,6380.0,0
408.0,6,42.3645578,-71.0692521,Entire home/apt,30,314,5.0,STR-595469,West End,8,2.0,Large Modern 2 Bed Apt 2 Bath By MGH W/D in Suite,0,t,0,0.0,1
125.0,78,42.27726,-71.08517,Private room,2,179,4.83,STR-445640,Mattapan,5,1.0,Bina’s Home away from home 6,4,t,24,3000.0,1
53.0,26,42.29726,-71.06236,Private room,29,263,4.73,none,Dorchester,17,1.0,#B103 Boston Private room Central AC 全楼禁烟,2,t,116,6148.0,0
68.0,39,42.320481,-71.090593,Private room,29,266,4.85,STR-398672,Roxbury,2,0.0,La Casa Boheme - Upstairs First Bedroom,3,t,174,11832.0,1
432.0,1,42.34992,-71.06943,Entire home/apt,32,136,5.0,none,Bay Village,343,1.0,"Blueground | Back Bay, gym, nr the common",0,f,0,0.0,0
60.0,22,42.25086,-71.11469,Private room,29,342,4.91,STR-416718,Hyde Park,5,1.0,"Mount Restwell, Serenity Vicinity",3,f,174,10440.0,1
255.0,37,42.34724,-71.15586,Entire home/apt,28,169,4.84,STR-408640,Brighton,1,3.0,House in Quiet Area–BC/BU/Harvard/Longwood+Parking,0,f,0,0.0,1
78.0,72,42.35843,-71.14083,Private room,1,337,4.75,STR-409596,Brighton,3,1.0,Hola Joy 1,35,f,210,16380.0,1
69.0,76,42.32045,-71.07794,Private room,2,324,4.59,STR-415018,Roxbury,7,1.0,Alaska Street R43,12,f,72,4968.0,1
106.0,140,42.38793,-71.00376,Private room,1,24,4.79,STR-479029,East Boston,2,0.0,Special and Breathtaking East Boston studio,34,t,204,21624.0,1
86.0,80,42.36203,-71.14292,Private room,29,360,4.96,STR-410791,Brighton,1,1.0,Brighton,1,f,58,4988.0,1
66.0,110,42.27125,-71.14898,Private room,1,212,4.78,STR-443076,West Roxbury,4,1.0,ROOM B,14,f,84,5544.0,1
66.0,89,42.27184,-71.1511,Private room,1,263,4.76,STR-443076,West Roxbury,4,4.0,ROOM A,8,f,48,3168.0,1
66.0,120,42.27302,-71.14923,Private room,1,264,4.71,STR-443076,West Roxbury,4,1.0,ROOM C,11,f,66,4356.0,1
66.0,140,42.27163,-71.14922,Private room,1,262,4.63,STR-443076,West Roxbury,4,1.0,Room D,12,f,72,4752.0,1
171.0,190,42.31883,-71.10693,Entire home/apt,2,62,4.89,STR-547448,Jamaica Plain,1,1.0,Artistic charm in hip J.P.,21,t,126,21546.0,1
65.0,189,42.37676,-71.03889,Private room,29,281,4.85,STR-414768,East Boston,2,1.0,"Beautiful private place#2 4 min fr T, 5 mt airport",3,f,174,11310.0,1
282.0,102,42.31203,-71.10278,Entire home/apt,90,317,4.89,STR-445634,Jamaica Plain,2,2.0,"Leafy & Tranquil, Artist house. Easy access Boston",12,t,255,71910.0,1
208.0,169,42.31203,-71.10278,Entire home/apt,1,343,4.95,STR-443588,Jamaica Plain,2,1.0,"Skylit Suite in Musical home, easy access Boston",23,t,138,28704.0,1
40.0,14,42.3499,-71.17241,Private room,29,308,5.0,STR-414615,Brighton,1,1.0,Carols place in Brighton,0,f,0,0.0,1
304.0,144,42.33176,-71.04427,Entire home/apt,29,326,4.53,STR-393234,South Boston,1,4.0,Upper Duplex Penthouse with Water View,1,f,58,17632.0,1
158.0,426,42.33451,-71.02733,Entire home/apt,2,192,4.96,STR-398624,South Boston,3,0.0,Paul Revere Suite PVT Entry/BATH QN Bed Sparkling,46,t,255,40290.0,1
125.0,1,42.35198,-71.07777,Entire home/apt,91,365,5.0,none,Back Bay,7,0.0,Back Bay studio on Marlborough St (91 night min),0,f,0,0.0,0
328.0,5,42.3294961,-71.0881648,Entire home/apt,29,315,5.0,Exempt: This listing is a unit used for furnished institutional or business stays,Roxbury,6,3.0,Cozy Duplex | Near T,0,f,0,0.0,1
239.0,81,42.3295,-71.08817,Entire home/apt,30,321,4.68,Exempt: This listing is a unit used for furnished institutional or business stays,Roxbury,6,2.0,Cozy Apartment | near T,0,f,0,0.0,1
272.0,481,42.35152,-71.08606,Entire home/apt,2,33,4.96,STR-408931,Back Bay,1,1.0,Cozy Back Bay Boston Retreat!,67,t,255,69360.0,1
332.0,339,42.3544,-71.06039,Entire home/apt,2,208,4.97,STR-443083,Downtown,1,1.0,Bright & Spacious Loft Steps to the Freedom Trail,58,t,255,84660.0,1
302.0,446,42.34867,-71.06685,Entire home/apt,1,222,4.8,STR443370,Bay Village,1,2.0,"Spectacular, luxury Bay Village/Back Bay Condo",58,f,255,77010.0,1
71.0,17,42.35188,-71.15245,Private room,29,288,5.0,none,Brighton,3,1.0,Rose Room/Harvard Business School/free parking早餐方便,3,f,174,12354.0,0
125.0,85,42.27852,-71.08658,Private room,2,177,4.78,STR-445640,Mattapan,5,1.0,Bina’s Home away from home  5,2,t,12,1500.0,1
45.0,72,42.28795,-71.05406,Private room,29,250,4.68,STR-439516,Dorchester,3,1.0,NONE SMOKING 1:Spacious & clean.SUPER Safe & Quiet,1,f,58,2610.0,1
342.0,84,42.35006,-71.07858,Hotel room,1,258,4.76,Exempt: This listing is a hotel or motel,Back Bay,5,1.0,"Charlesmark, boutique hotel room in Copley Square",0,f,0,0.0,1
56.0,144,42.3225,-71.05734,Private room,29,266,4.83,STR-455882,Dorchester,13,1.0,H_Sunny room easy commute to Boston Downtown.,14,f,255,14280.0,1
64.0,27,42.35398,-71.15464,Private room,29,226,4.85,STR-411240,Brighton,3,1.0,Lily Room/Harvard Business School/free parking+早餐,1,f,58,3712.0,1
67.0,28,42.35227,-71.15464,Private room,29,244,4.79,STR-411240,Brighton,3,1.0,Sunflower Room/Harvard Business School/ Parking+早餐,1,f,58,3886.0,1
377.0,79,42.3452,-71.07911,Entire home/apt,1,320,4.3,Exempt: This listing is a hotel or motel,Back Bay,7,1.0,Copley House Queen Studio,15,f,90,33930.0,1
466.0,65,42.31031,-71.1027,Entire home/apt,2,327,4.94,STR-545241,Jamaica Plain,5,4.0,Victorian house comfortable and cozy,15,f,90,41940.0,1
407.0,90,42.35006,-71.07858,Hotel room,1,258,4.77,Exempt: This listing is a hotel or motel,Back Bay,5,1.0,"A Boutique Hotel Room in Copley, Charlesmark Hotel",0,f,0,0.0,1
427.0,40,42.35006,-71.07858,Hotel room,1,258,4.85,Exempt: This listing is a hotel or motel,Back Bay,5,1.0,Queen Size Bed Boutique Hotel @ The Charlesmark,0,f,0,0.0,1
442.0,10,42.35006,-71.07858,Hotel room,1,258,4.6,Exempt: This listing is a hotel or motel,Back Bay,5,1.0,The Charlesmark Hotel Premium Queen Copley Square,0,f,0,0.0,1
388.0,13,42.34458,-71.08019,Entire home/apt,1,315,4.38,Exempt: This listing is a hotel or motel,Back Bay,7,1.0,Copley House King Studio,0,f,0,0.0,1
195.0,112,42.29379,-71.15963,Entire home/apt,1,128,4.93,STR-548105,West Roxbury,1,2.0,"Sleeps 4, comfortable apt. in quiet Boston suburb",43,t,255,49725.0,1
51.0,15,42.30724,-71.06438,Private room,29,347,4.87,none,Dorchester,17,1.0,#B201 smaller private Boston,3,t,174,8874.0,0
53.0,48,42.29606,-71.11295,Private room,91,266,4.85,none,Jamaica Plain,2,1.0,"Bed, Bath and Beyond in Jamaica Plain",0,f,0,0.0,0
48.0,49,42.2979,-71.1115,Private room,91,265,4.88,none,Jamaica Plain,2,1.0,"Bed, Bath and Beyond II in Jamaica Plain",0,f,0,0.0,0
80.0,199,42.27435,-71.09402,Private room,29,270,4.85,STR-399036,Mattapan,2,1.0,Karlie’s Place #2,0,f,0,0.0,1
375.0,1,42.34992,-71.06943,Entire home/apt,32,356,5.0,none,Bay Village,343,1.0,"Blueground | Back Bay, gym, nr the common",0,f,0,0.0,0
780.0,53,42.31436,-71.05746,Entire home/apt,1,240,4.92,STR-423861,Dorchester,4,6.0,Triple Decker Guesthouse for up to 24 guests!,3,t,18,14040.0,1
338.0,1,42.34114,-71.04959,Entire home/apt,32,305,5.0,none,South Boston,343,1.0,"Blueground | South Boston, gym & doorman",1,f,64,21632.0,0
51.0,16,42.32663,-71.0935,Private room,30,242,5.0,STR-383293,Roxbury,3,1.0,Fort Hill top -1Bk Private Room in Brick Townhouse,2,t,120,6120.0,1
170.0,150,42.34129,-71.08766,Entire home/apt,2,48,4.81,STR-409557,Fenway,1,0.0,"Charming Studio (Fenway, Back Bay, Symphony)",56,t,255,43350.0,1
105.0,3,42.34622,-71.0904,Entire home/apt,29,282,4.33,none,Fenway,7,0.0,"BACK BAY walk to Berklee, Northeastern, Newbury St",0,f,0,0.0,0
67.0,6,42.27654,-71.0775,Private room,2,326,4.33,STR-415974,Mattapan,6,1.0,Basement room,0,f,0,0.0,1
50.0,5,42.29204115332207,-71.06699075932218,Private room,50,126,5.0,none,Dorchester,4,1.0,A minute walk from the Red Line (Shawmut) Room 3,0,t,0,0.0,0
338.0,96,42.34998,-71.07855,Hotel room,1,258,4.78,Exempt: This listing is a hotel or motel,Back Bay,5,1.0,Boutique Hotel Room - Charlesmark Hotel,1,f,6,2028.0,1
39.0,20,42.2961,-71.11484,Private room,29,200,4.95,STR-397991,Jamaica Plain,1,2.0,"Bedroom in a sunny, cozy, + colorful JP apartment",0,f,0,0.0,1
112.0,243,42.31586,-71.06827,Private room,1,159,4.97,STR-445535,Dorchester,3,1.0,A bit of France in Boston,50,t,255,28560.0,1
56.0,29,42.30956,-71.06524,Private room,29,363,4.41,none,Dorchester,17,1.0,#B101 Boston New Central  AC queen bed 全楼禁烟 厨具齐备,3,t,174,9744.0,0
129.0,28,42.30082,-71.08595,Entire home/apt,29,149,4.43,STR-419049,Dorchester,12,1.0,Bright Newly Renovated 1 Bed Near Franklin Park !!,0,f,0,0.0,1
108.0,14,42.33931,-71.15122,Entire home/apt,30,219,4.5,none,Brighton,58,1.0,109S8 | The Strathmore 8 w/AC | 1BR 1BA | Private,1,f,60,6480.0,0
219.0,69,42.355056736770834,-71.06221200170934,Entire home/apt,29,253,4.35,STR-605727,Downtown,8,1.0,"Peaceful Retreat In Boston Near T, Easy Commuting!",0,f,0,0.0,1
217.0,129,42.35505676269531,-71.06221008300781,Entire home/apt,2,269,4.35,STR-605741,Downtown,8,0.0,Stylish Affordable Downtown Boston Studio!,29,f,174,37758.0,1
211.0,91,42.35505676269531,-71.06221008300781,Entire home/apt,29,258,4.31,STR-605725,Downtown,8,1.0,Near T & Everything You Need!,1,f,58,12238.0,1
269.0,13,42.34918,-71.093,Entire home/apt,29,221,5.0,none,Fenway,1,2.0,Stunning BOSTON BROWNSTONE by interior designer,3,t,174,46806.0,0
152.0,34,42.3286575556131,-71.09550790861137,Entire home/apt,2,207,4.88,Str-550179,Roxbury,5,1.0,Modern 1BR - Steps to T,27,t,162,24624.0,1
78.0,235,42.30461,-71.06636,Private room,1,342,4.88,STR-402900,Dorchester,1,1.0,Charming Art Filled Victorian w/Gorgeous Bath,30,t,180,14040.0,1
297.0,260,42.3607,-71.06916,Entire home/apt,1,316,4.35,STR-458282,Beacon Hill,23,3.0,Beautiful Beacon Hill Home - Amazing Location!,48,t,255,75735.0,1
336.0,76,42.37213,-71.06123,Private room,1,155,4.88,STR-545898,Charlestown,8,1.0,"SeaClusion- Queen, Harbor View",11,t,66,22176.0,1
113.0,97,42.34904,-71.07007,Private room,2,320,4.21,Exempt: This listing is a hotel or motel,Bay Village,20,1.0,Modern Single Studio at the Heart of Boston!,25,f,150,16950.0,1
261.0,11,42.27855,-71.14064,Entire home/apt,29,365,4.91,none,Roslindale,2,2.0,Quiet Comfort in Boston - Large 2 Bed,1,t,58,15138.0,0
86.0,37,42.3207,-71.07824,Entire home/apt,29,85,4.86,STR-445523,Roxbury,1,1.0,Charming 19th Century Boston Home  Private Unit,1,f,58,4988.0,1
230.0,173,42.31997,-71.10617,Entire home/apt,2,215,4.86,STR-536289,Jamaica Plain,1,2.0,Beautiful home (5 minutes away from the Train.),60,t,255,58650.0,1
129.0,157,42.29595,-71.06715,Private room,2,100,4.89,STR-546443,Dorchester,2,1.0,Victorian Boston Home/NO ADDED FEES,27,t,162,20898.0,1
55.0,22,42.31507,-71.07504,Private room,29,90,4.77,str-414293,Roxbury,3,1.0,Comfort Inn in my home 2nd bedroom,2,f,116,6380.0,1
126.0,169,42.28997,-71.11321,Entire home/apt,1,245,4.79,STR-413505,Jamaica Plain,23,0.0,Super Sustainable Studio in the City,27,t,162,20412.0,1
212.0,2,42.3498,-71.14951,Entire home/apt,32,115,4.0,none,Brighton,343,2.0,"Blueground | Brighton, nr st. elizabeth's hospital",1,f,64,13568.0,0
155.0,1,42.3895263671875,-71.00364685058594,Private room,7,231,5.0,STR-600662,East Boston,2,1.0,Master Suite East Boston,0,f,0,0.0,1
176.0,8,42.33931,-71.15122,Entire home/apt,30,269,4.88,none,Brighton,58,3.0,109S2 | The Strathmore 2 | 3BR 2B w/AC | Bi-Level,1,f,60,10560.0,0
272.0,87,42.31638006841045,-71.07288882136345,Entire home/apt,3,333,4.78,STR-479670,Roxbury,3,2.0,Cozy & comfy in-law suite with Boston skyline view,3,f,18,4896.0,1
143.0,101,42.34688,-71.07353,Private room,1,27,4.91,STR-408224,South End,3,1.0,4th Floor room 0.5 mile to Marathon finish line,28,f,168,24024.0,1
2165.0,13,42.309845,-71.063538,Entire home/apt,2,344,4.69,STR-413525,Dorchester,7,13.0,Large Triplex Backyard near T 4 GroupsBusiness,2,t,12,25980.0,1
38.0,9,42.28983,-71.06703,Private room,91,273,5.0,none,Dorchester,8,1.0,Perfect BiG Space for Couples near Red Line,0,t,0,0.0,0
350.0,1,42.348633,-71.074088,Entire home/apt,32,227,5.0,none,Back Bay,343,1.0,"Blueground | Back Bay, gym, doorman, nr t station",0,f,0,0.0,0
88.0,270,42.28986,-71.06925,Entire home/apt,29,305,4.88,STR-386945,Dorchester,3,1.0,🎖The Boiler Room | Close to Subway + Downtown🎖,2,t,116,10208.0,1
60.0,3,42.29111,-71.06451,Private room,30,300,4.67,Exempt: This listing is a unit used for furnished institutional or business stays,Dorchester,27,1.0,Quick Walk to the Red Line!,2,f,120,7200.0,1
150.0,11,42.35923,-71.06602,Entire home/apt,29,210,5.0,none,Beacon Hill,2,1.0,Beacon Hill Home,5,t,255,38250.0,0
149.0,121,42.30585,-71.11294,Entire home/apt,4,175,4.99,STR-398787,Jamaica Plain,1,1.0,Printing Press Loft,19,t,152,22648.0,1
82.0,27,42.32232,-71.09491,Private room,29,254,5.0,STR-415841,Roxbury,5,1.0,*FortHill Special! Clean Comfy & Cozy Guest Suite1,0,f,0,0.0,1
94.0,119,42.32296,-71.09292,Private room,2,343,4.82,STR-545899,Roxbury,5,1.0,*FortHill Special! Clean Comfy & Cozy Guest Suite3,22,f,132,12408.0,1
108.0,97,42.32363,-71.0952,Private room,2,243,4.73,STR-545899,Roxbury,5,1.0,*FortHill Special! Clean Comfy & Cozy Guest Suite2,24,f,144,15552.0,1
299.0,324,42.35784,-71.0712,Entire home/apt,4,247,4.97,STR-414826,Beacon Hill,3,1.0,Gorgeous Beacon Hill 1BR | 1BA,52,t,255,76245.0,1
255.0,171,42.35844,-71.06763,Entire home/apt,3,244,4.98,STR-445547,Beacon Hill,1,1.0,Stay safe in the heart of Beacon Hill in Boston.,26,t,156,39780.0,1
197.0,204,42.31686,-71.05746,Entire home/apt,2,259,4.76,Str-416636,Dorchester,3,2.0,1🎖Gorgeous tastefully modernized  Victorian suite,22,f,132,26004.0,1
800.0,1,42.27919,-71.16149,Private room,91,270,5.0,none,West Roxbury,3,10.0,Quiet Room in Boston #2,0,f,0,0.0,0
111.0,21,42.35987,-71.06598,Entire home/apt,29,85,4.67,Exempt: This listing is a unit used for furnished institutional or business stays,Beacon Hill,2,1.0,Beacon Hill House | MGH/MIT/Freedom Trail,1,t,58,6438.0,1
299.0,2,42.3594063,-71.0674425,Entire home/apt,32,132,5.0,none,Beacon Hill,343,1.0,"Blueground | Beacon Hill, nr mass gen hospital",0,f,0,0.0,0
68.0,47,42.27012,-71.11977,Private room,1,254,4.89,STR-550744,Hyde Park,3,1.0,Cozy Bed Near Forest Hills,31,t,186,12648.0,1
103.0,66,42.32239,-71.08039,Private room,2,323,4.67,STR-415018,Roxbury,7,1.0,Alaska Street R52,11,f,66,6798.0,1
128.0,3,42.37007,-71.03829,Private room,91,365,5.0,none,East Boston,1,1.0,The blue room,0,f,0,0.0,0
283.0,187,42.31538,-71.05874,Entire home/apt,2,253,4.87,STR-416636,Dorchester,3,3.0,🎖Massive Victorian 1905 mansion❤️🤍💙go back in time,15,f,90,25470.0,1
505.0,232,42.34458,-71.08019,Entire home/apt,1,329,4.41,Exempt: This listing is a hotel or motel,Back Bay,7,1.0,Copley House 1 Bedroom Suite,25,f,150,75750.0,1
369.0,375,42.34458,-71.08019,Entire home/apt,1,308,4.57,Exempt: This listing is a hotel or motel,Back Bay,7,1.0,Copley House Budget Studio,63,f,255,94095.0,1
168.0,247,42.36138,-71.125,Private room,2,80,4.98,STR-545307,Allston,3,1.0,2)BU/Harvard/MIT/pri bath&entrnce/freeprkng/Qn bed,41,t,246,41328.0,1
286.0,179,42.34978,-71.05821,Entire home/apt,3,62,4.97,STR-413649,Downtown,1,1.0,Downtown Loft Boston - Close to everything,32,t,192,54912.0,1
73.0,35,42.31471,-71.05136,Private room,29,245,4.83,STR-408019,Dorchester,3,1.0,"Beautiful, Clean Room close to Train and Downtown",3,t,174,12702.0,1
119.0,98,42.3484001159668,-71.06946563720703,Private room,2,323,4.41,Lb-101723,Bay Village,20,1.0,Modern Efficiency Studio Awaits Your Stay!,16,f,96,11424.0,1
110.0,89,42.34827,-71.069725,Private room,2,324,4.17,LB-101773,Bay Village,20,0.0,Just Darling Efficiency Studio Awaits!,9,f,54,5940.0,1
124.0,63,42.34827423095703,-71.06961822509766,Private room,2,340,4.14,LB-101773,Bay Village,20,1.0,Explore Boston From This Central Location,4,f,24,2976.0,1
179.0,2,42.34666,-71.07425,Private room,120,179,5.0,none,South End,1,1.0,Walk to Copley or Prudential & Historic Locations,0,f,0,0.0,0
247.0,157,42.32078,-71.07481,Entire home/apt,2,322,4.71,STR-414833,Roxbury,4,3.0,"NEW ! Boston Condo Near MBTA, 3 Mi to Fenway! (U2)",12,f,72,17784.0,1
140.0,270,42.3607,-71.12675,Private room,2,42,4.99,STR-545307,Allston,3,1.0,3)MIT-Harvrd-BU-pri bathrm/freeprkng/Queenbed,34,t,204,28560.0,1
168.0,287,42.36079,-71.12684,Private room,2,61,4.99,STR-545307,Allston,3,1.0,1)Harvard/MIT/BU/Priv bath&entrnce/freeprkng/Qnbed,43,t,255,42840.0,1
162.0,35,42.31096,-71.06337,Entire home/apt,35,206,4.77,STR-455874,Dorchester,1,1.0,Pet-Friendly Top Floor Suite w/ a Deck!,4,f,255,41310.0,1
90.0,210,42.31163,-71.06249,Private room,29,188,4.81,STR-541492,Dorchester,7,1.0,Spacious Boston Bedroom 02,71,t,255,22950.0,1
387.0,14,42.35445,-71.06176,Private room,1,152,4.64,Exempt: This listing is a hotel or motel,Downtown,1,1.0,"The Godfrey Hotel Boston, Double Queen",0,f,0,0.0,1
173.0,43,42.37482,-71.05098,Entire home/apt,2,303,4.88,STR-416892,Charlestown,3,1.0,"Charlestown houseboat, walk to Boston attractions",6,f,36,6228.0,1
231.0,328,42.32899,-71.09594,Entire home/apt,2,282,4.94,STR-480856,Roxbury,1,1.0,Boston Rooftop Retreat,50,t,255,58905.0,1
411.0,26,42.30713,-71.10472,Entire home/apt,29,318,4.92,Exempt: This listing is a unit used for furnished institutional or business stays,Jamaica Plain,2,4.0,Trendy Glam Oasis | near T,0,f,0,0.0,1
419.0,18,42.307125,-71.104721,Entire home/apt,30,316,5.0,Exempt: This listing is a unit used for furnished institutional or business stays,Jamaica Plain,2,4.0,Elegant Treetop Retreat | near T,0,f,0,0.0,1
171.0,3,42.33487,-71.04956,Private room,29,365,4.67,STR-461452,South Boston,7,1.0,Private Master Suite & Large Livingroom in Boston,0,t,0,0.0,1
251.0,5,42.28767,-71.14229,Entire home/apt,29,77,5.0,STR-416681,Roslindale,1,4.0,"Bright, spacious, home to call home.",0,f,0,0.0,1
137.0,6,42.34152,-71.15477,Entire home/apt,29,204,5.0,Exempt: This listing is a unit used for furnished institutional or business stays,Brighton,9,0.0,"Renovated, Spacious Studio, Near BC, BU, Porch",0,f,0,0.0,1
117.0,203,42.31583,-71.06822,Private room,1,165,4.91,STR-445535,Dorchester,3,1.0,Victorian Studio with Kitchenette,34,t,204,23868.0,1
76.0,19,42.3138,-71.05331,Private room,29,244,4.89,STR-408019,Dorchester,3,1.0,Elegant & Clean Room close to Subway and Downtown,0,t,0,0.0,1
273.0,2,42.34114,-71.04959,Entire home/apt,32,248,4.5,none,South Boston,343,1.0,"Blueground | S. Boston, gym & doorman, nr t",0,f,0,0.0,0
199.0,22,42.36843,-71.03664,Entire home/apt,3,97,5.0,STR-528817,East Boston,1,1.0,Luxury Boston Condo,5,f,30,5970.0,1
50.0,66,42.27507,-71.13524,Private room,29,51,4.8,STR446549,Roslindale,1,1.0,Private basement guest room in a cozy home,3,f,174,8700.0,1
267.0,148,42.35462,-71.07637,Entire home/apt,3,144,4.75,STR-414144,Back Bay,1,1.0,"Charming Back Bay, Beacon St. Apt. w/ Private Roof",17,f,102,27234.0,1
259.0,1,42.34317,-71.08323,Entire home/apt,32,147,2.0,none,Back Bay,343,0.0,"Blueground | South End, laundry, nr t stops",0,f,0,0.0,0
149.0,134,42.31665,-71.0999,Entire home/apt,29,365,4.66,STR-545184,Jamaica Plain,1,1.0,Boston Studio Near Downtown,0,f,0,0.0,1
89.0,161,42.31178,-71.06242,Private room,1,131,4.83,STR-541492,Dorchester,7,1.0,Comfortable Boston Bedroom 03,47,t,255,22695.0,1
89.0,113,42.3129,-71.06285,Private room,1,133,4.68,STR-541492,Dorchester,7,1.0,Boston Queen Bedroom 204,38,t,228,20292.0,1
214.0,252,42.33312,-71.10272,Entire home/apt,29,69,4.84,STR-604172,Mission Hill,4,0.0,Room with Private Bath-Brigham Circle/Longwood,29,t,255,54570.0,1
40.0,3,42.33431,-71.05429,Private room,91,90,4.67,none,South Boston,3,1.0,Private bedroom in South Boston nr Downtown 130-1A,0,f,0,0.0,0
50.0,1,42.33605,-71.05349,Private room,91,90,5.0,none,South Boston,3,6.0,Private bedroom in South Boston nr Downtown 130-1C,0,f,0,0.0,0
207.0,18,42.34373,-71.08324,Entire home/apt,29,45,4.44,Exempt: This listing is a unit used for furnished institutional or business stays,Back Bay,60,0.0,Evon | Back Bay Convention CTR | Cozy Studio S9,0,f,0,0.0,1
272.0,1,42.34317,-71.08323,Entire home/apt,32,176,4.0,none,Back Bay,343,0.0,"Blueground | S. End, laundry, nr t stops",0,f,0,0.0,0
101.0,15,42.33931,-71.15122,Entire home/apt,30,350,4.47,none,Brighton,58,1.0,109S15 | The Strathmore 15 | 1BR 1B w/AC | Private,6,f,255,25755.0,0
99.0,10,42.30781,-71.0653,Private room,29,252,4.9,none,Dorchester,17,1.0,#B203 private AC full size bed 全楼禁烟Boston,1,t,58,5742.0,0
59.0,9,42.30977,-71.06435,Private room,29,355,5.0,none,Dorchester,17,1.0,#B202 Private Room Near Umass Boston,3,t,174,10266.0,0
515.0,36,42.32295,-71.09084,Entire home/apt,2,271,4.64,STR-559197,Roxbury,1,2.0,Natural Woods Luxury Condo sound prf/Fitness HEPA.,3,t,18,9270.0,1
210.0,73,42.34364,-71.07599,Private room,3,46,4.97,STR-447997,South End,6,1.0,1863 House Bed and  Breakfast M307 Room 2,8,t,48,10080.0,1
144.0,96,42.348419,-71.069756,Private room,2,238,4.3,LB-101723,Bay Village,17,1.0,Modern Efficiency Studio Awaits Your Stay!,3,f,18,2592.0,1
143.0,31,42.38765,-71.00208,Entire home/apt,29,179,4.81,STR-595276,East Boston,1,1.0,1 Bed Apartment,0,f,0,0.0,1
145.0,2,42.32021,-71.10979,Private room,30,36,5.0,STR-489454,Jamaica Plain,1,1.0,Large Private Bedroom in Unique and Spacious Condo,2,t,120,17400.0,1
44.0,12,42.29331,-71.12254,Private room,29,95,4.83,none,Roslindale,8,1.0,Room near MBTA Forest Hills w/ private living room,2,t,116,5104.0,0
40.0,19,42.29326,-71.12233,Private room,29,100,4.89,none,Roslindale,8,1.0,"Room near MBTA Forest Hills, keyless self check-in",6,t,255,10200.0,0
144.0,58,42.348419,-71.069756,Private room,2,273,4.12,LB-101723,Bay Village,17,1.0,Modern Efficiency Studio Awaits Your Stay!,7,f,42,6048.0,1
225.0,348,42.32756,-71.09474,Entire home/apt,1,59,4.79,STR-545030,Roxbury,1,2.0,Beautiful 2 bedroom in historical Fort Hill Boston,54,t,255,57375.0,1
60.0,21,42.32365,-71.06864,Private room,29,266,4.95,STR-470482,Roxbury,5,1.0,Spacious Long Term Private Room Close to Downtown,5,t,255,15300.0,1
57.0,17,42.32191,-71.07071,Private room,29,200,4.88,STR-470482,Roxbury,5,1.0,Private Designed Bedroom Long Term by Downtown,2,t,116,6612.0,1
88.0,5,42.26181,-71.11513,Entire home/apt,29,149,4.8,none,Hyde Park,3,1.0,Private Trendy modern escape from home,0,f,0,0.0,0
150.0,15,42.33125,-71.04975,Entire home/apt,28,284,5.0,Exempt: This listing is a unit used for furnished institutional or business stays,South Boston,1,1.0,Beautiful 1 Bedroom Condo in Heart of South Boston,1,f,56,8400.0,1
225.0,4,42.35847,-71.07298,Entire home/apt,32,98,5.0,none,Beacon Hill,1,1.0,Luxury Beacon Hill Condo With Private Patio/Garden,2,f,128,28800.0,0
58.0,15,42.3225,-71.06851,Private room,29,282,5.0,STR-470482,Roxbury,5,1.0,Fully Furnished Long Term Bedroom by Downtown,4,t,232,13456.0,1
50.0,3,42.29045,-71.06868,Private room,32,87,5.0,none,Dorchester,4,1.0,A minute walk from the Red line (Shawmut) Room 1,0,t,0,0.0,0
270.0,223,42.38483,-71.01962,Entire home/apt,2,308,4.97,STR-461605,East Boston,1,3.0,"Apartment w/Parking, minutes to airport / Downtown",40,t,240,64800.0,1
190.0,235,42.28791,-71.06906,Entire home/apt,2,254,4.83,STR-398049,Dorchester,3,2.0,🎖The Ashmont Apartment | Close to Subway/Downtown,54,t,255,48450.0,1
150.0,68,42.34858322143555,-71.0696029663086,Private room,2,334,4.07,LB-101723,Bay Village,17,1.0,Bay Village Suites: Perfect Studio Ready For You!,6,f,36,5400.0,1
63.0,7,42.29132,-71.06655,Private room,30,307,5.0,none,Dorchester,4,1.0,Steps away from the Shawmut station!!(room 2),1,t,60,3780.0,0
158.0,113,42.348419189453125,-71.06991577148438,Private room,2,267,4.46,LB-101724,Bay Village,17,1.0,"Prices Cannot Be Beat, Perfect Boston Apartment",21,f,126,19908.0,1
336.0,52,42.3699,-71.06146,Private room,1,152,4.94,STR-545898,Charlestown,8,1.0,Blue Waters - Harbor View,11,t,66,22176.0,1
583.0,170,42.35471,-71.06173,Entire home/apt,3,262,4.99,STR-592908,Downtown,2,3.0,Spacious 3BR | Family Favorite | Downtown Boston!,25,t,150,87450.0,1
287.0,3,42.34114,-71.04959,Entire home/apt,32,326,3.67,none,South Boston,343,1.0,"Blueground | S. Boston, doorman, nr seaport",1,f,64,18368.0,0
125.0,14,42.29144,-71.0664,Entire home/apt,29,278,4.79,STR-416826,Dorchester,2,3.0,Bright Spacious Apt w/ Free On Street Parking,1,t,58,7250.0,1
65.0,23,42.32947,-71.10791,Private room,30,129,5.0,none,Mission Hill,1,1.0,Hospital Haven,5,t,255,16575.0,0
143.0,106,42.34858322143555,-71.0696029663086,Private room,2,336,4.42,LB-101723,Bay Village,17,1.0,"Perfect Spot, Affordable Studio!",6,f,36,5148.0,1
225.0,151,42.32009,-71.07521,Entire home/apt,2,325,4.72,STR-414833,Roxbury,4,2.0,"NEW ! Boston Condo Near MBTA, 3Mi to Fenway! (U1)",13,f,78,17550.0,1
275.0,128,42.32028224048613,-71.07477278128519,Entire home/apt,2,323,4.63,STR-414833,Roxbury,4,3.0,"NEW ! Boston Condo Near MBTA, 3Mi to Fenway ! (U3)",4,f,24,6600.0,1
174.0,1,42.3386164,-71.1507462,Entire home/apt,29,140,5.0,none,Brighton,1,1.0,"Private 1 Bdr, 4 minute walk to T near Reservoir",1,f,58,10092.0,0
144.0,116,42.348419189453125,-71.06991577148438,Private room,2,270,4.31,LB-101723,Bay Village,17,1.0,"Perfect Boston Apartment, Book Today & Enjoy!",29,f,174,25056.0,1
526.0,3,42.3628,-71.06228,Private room,1,15,4.33,Exempt: This listing is a hotel or motel,Downtown,3,1.0,The Boxer Boston Deluxe Double,0,f,0,0.0,1
468.0,34,42.3646,-71.06347,Private room,1,15,4.74,Exempt: This listing is a hotel or motel,Downtown,3,1.0,The Boxer Traditional Accessible King,4,f,24,11232.0,1
165.0,30,42.35803,-71.0711,Entire home/apt,29,330,4.83,none,Beacon Hill,3,1.0,Delightful Beacon Hill 1 Bed | 1 Bath,4,t,232,38280.0,0
210.0,66,42.34387,-71.07619,Private room,3,47,4.98,STR-447997,South End,6,1.0,1863 House Bed and  Breakfast M307 Room 1,13,t,78,16380.0,1
154.0,49,42.30015,-71.07738,Entire home/apt,4,290,5.0,STR-526268,Dorchester,2,3.0,Spacious & Beautiful Entire Apt in Boston,15,t,120,18480.0,1
91.0,2,42.33917,-71.07488,Entire home/apt,91,266,5.0,none,South End,1,0.0,Boston Brownstone Gem GREAT location on Silverline,1,t,182,16562.0,0
362.0,37,42.34554,-71.07099,Entire home/apt,3,134,4.95,STR-581599,South End,1,1.0,A Charming South End Apt with Private Garden!,20,t,120,43440.0,1
60.0,24,42.32201,-71.07015,Private room,29,361,4.88,STR-470482,Roxbury,5,1.0,Spacious 1st Floor Private Room Close to Downtown,8,t,255,15300.0,1
54.0,2,42.31384,-71.06113,Private room,30,297,5.0,none,Dorchester,58,1.0,14P.T | The Grand View | 5BR 2B w/AC | Twin Room,1,f,60,3240.0,0
73.0,2,42.31384,-71.06113,Private room,30,62,4.5,none,Dorchester,58,1.0,14P.P | The Grand View | 5BR 2B w/AC | Parlor Room,0,f,0,0.0,0
70.0,4,42.31384,-71.06113,Private room,30,244,4.25,none,Dorchester,58,1.0,14P.B | The Grand View | 5BR 2B w/AC | Blue Room,0,f,0,0.0,0
63.0,7,42.31384,-71.06113,Private room,30,327,4.86,none,Dorchester,58,1.0,14P.M | The Grand View | 5BR 2B w/AC | Master Room,3,f,180,11340.0,0
413.0,18,42.32815,-71.09335,Entire home/apt,30,316,4.89,STR-447259,Roxbury,3,4.0,"Clean, Contemporary Escape | Near T",11,t,255,105315.0,1
64.0,14,42.32139,-71.06023,Private room,30,354,4.64,none,Dorchester,58,1.0,230B2.2 | The Roseclair Redline | AC & W/D | Rm #2,2,f,120,7680.0,0
71.0,8,42.32093,-71.05982,Private room,30,304,4.0,none,Dorchester,58,1.0,230B2.1 | The Roseclair Redline | AC & W/D | Rm #1,0,f,0,0.0,0
65.0,4,42.32287,-71.0621,Private room,30,337,4.5,none,Dorchester,58,1.0,230B2.3 | The Roseclair Redline | AC & W/D | Rm #3,1,f,60,3900.0,0
220.0,1,42.35221,-71.06442,Entire home/apt,32,288,5.0,none,Downtown,343,0.0,"Blueground | Downtown, doorman, nr boston common",1,f,64,14080.0,0
60.0,6,42.3139,-71.06223,Private room,29,347,4.83,none,Dorchester,58,1.0,14P.Y | The Grand View | 5BR 2B w/AC | Yellow Room,2,f,116,6960.0,0
374.0,1,42.3491652,-71.0807758,Entire home/apt,32,297,4.0,none,Back Bay,343,1.0,"Blueground | Back Bay, gym, doorman, nr mall",0,f,0,0.0,0
441.0,1,42.348129,-71.080849,Entire home/apt,32,357,5.0,none,Back Bay,343,1.0,"Blueground | Back Bay, gym, doorman, nr Esplanade",0,f,0,0.0,0
220.0,15,42.27954,-71.1179,Entire home/apt,29,269,4.53,STR-419049,Roslindale,12,3.0,Amazing 3 Bed Close To Boston With Parking & Yard,2,f,116,25520.0,1
241.0,2,42.27806,-71.11702,Entire home/apt,29,89,5.0,STR-419049,Roslindale,12,3.0,Awesome 3 Bed Close To Boston With Parking,0,f,0,0.0,1
176.0,4,42.29098,-71.06686,Entire home/apt,91,178,4.75,none,Dorchester,2,3.0,Home Sweet Home,1,t,182,32032.0,0
554.0,2,42.27807,-71.10515,Entire home/apt,2,362,5.0,STR-578222,Mattapan,1,3.0,Stonecrest Stays- A Modern & Cozy home in Boston.,2,f,12,6648.0,1
222.0,1,42.35221,-71.06442,Entire home/apt,32,278,1.0,none,Downtown,343,0.0,"Blueground | Downtown, doorman, nr green line",0,f,0,0.0,0
449.0,1,42.28407,-71.1257,Entire home/apt,29,88,5.0,STR-423417,Roslindale,1,4.0,Single Family 4 BR / 2 BA - Walk Everywhere,1,t,58,26042.0,1
65.0,44,42.25082,-71.11571,Private room,2,342,4.86,STR-522834,Hyde Park,5,1.0,New England Victorian Oasis,3,f,18,1170.0,1
60.0,325,42.3218,-71.07452,Private room,1,307,4.68,STR-410134,Roxbury,1,1.0,The Jazzy Airbnb,60,f,255,15300.0,1
143.0,75,42.31074,-71.10035,Private room,2,333,4.91,STR-545241,Jamaica Plain,5,1.0,Bright and Spacious,8,f,48,6864.0,1
158.0,54,42.31237,-71.10197,Private room,2,327,4.93,STR-545241,Jamaica Plain,5,1.0,Bright and comfortable,2,f,12,1896.0,1
936.0,78,42.34396743774414,-71.08158874511719,Entire home/apt,3,248,5.0,STR-551071,Back Bay,1,3.0,Contemporary home  in Historic Back Bay Boston,29,t,174,162864.0,1
300.0,4,42.31129,-71.06447,Entire home/apt,29,255,4.25,STR-541492,Dorchester,7,3.0,Boston Three Bedroom Apartment,3,t,174,52200.0,1
257.0,199,42.28739,-71.05766,Entire home/apt,1,75,4.81,STR-429386,Dorchester,1,3.0,Charming 3 bedroom suite in the heart of Boston,26,f,156,40092.0,1
58.0,24,42.32317,-71.06844,Private room,29,327,4.96,STR-470482,Roxbury,5,1.0,Designed 1st Floor Furnished Bedroom by Downtown,6,t,255,14790.0,1
231.0,1,42.3496531,-71.14948140000001,Entire home/apt,32,320,3.0,none,Brighton,343,2.0,"Blueground | Allston, laundry in basement",0,f,0,0.0,0
241.0,1,42.34983,-71.1494,Entire home/apt,32,286,4.0,none,Brighton,343,2.0,"Blueground | Allston, laundry in basement",0,f,0,0.0,0
241.0,1,42.34979949999999,-71.1495084,Entire home/apt,32,185,4.0,none,Brighton,343,2.0,"Blueground | Allston, laundry in basement",1,f,64,15424.0,0
373.0,209,42.330814361572266,-71.03656768798828,Entire home/apt,2,258,4.97,STR-545107,South Boston,1,4.0,"4br SouthBoston free parkg nrBeach, 6 min>BCEC",58,t,255,95115.0,1
746.0,5,42.320438,-71.056023,Entire home/apt,30,302,5.0,STR-597082,Dorchester,1,7.0,Cute Boston Condo | Near T,0,f,0,0.0,1
537.0,16,42.3295,-71.08817,Entire home/apt,30,316,4.88,STR-425117,Roxbury,6,5.0,Soaring Oasis | near South End,1,f,60,32220.0,1
688.0,11,42.3294961,-71.0881648,Entire home/apt,30,316,4.91,STR-425117,Roxbury,6,7.0,Expansive Luxury Triplex | near T,1,f,60,41280.0,1
65.0,6,42.32128,-71.06046,Private room,30,227,3.83,none,Dorchester,58,1.0,230B1.1 | The Dorset Redline | 3BR 1B w/AC | Rm #1,1,f,60,3900.0,0
87.0,6,42.323,-71.05997,Private room,30,176,4.17,none,Dorchester,58,1.0,230B1.2 | The Dorset Redline | 3BR 1B w/AC | Rm #2,0,f,0,0.0,0
112.0,26,42.36548,-71.06833,Private room,29,334,4.96,STR-531644,West End,3,1.0,High-floor Luxury Building with River Views by MGH,8,t,255,28560.0,1
83.0,145,42.36283,-71.13054,Private room,3,49,4.98,STR-383875,Allston,2,1.0,Comfy Spacious Room Near Harvard BS,28,t,168,13944.0,1
89.0,117,42.36091,-71.13049,Private room,3,62,4.85,STR-383875,Allston,2,1.0,Comfy Room Near Harvard BS,14,t,84,7476.0,1
290.0,176,42.34488,-71.07195,Entire home/apt,1,321,4.84,STR-414972,South End,2,1.0,"* NEW Listing * A True GEM in South End , Boston!!",18,t,108,31320.0,1
191.0,6,42.34843,-71.04859,Entire home/apt,29,178,5.0,none,South Boston Waterfront,1,0.0,Fort Point Corner of Windows brick & beam loft,2,t,116,22156.0,0
130.0,1,42.35214,-71.07704,Entire home/apt,32,329,5.0,none,Back Bay,12,0.0,Back Bay a few blocks from Boston Public Garden,0,f,0,0.0,0
150.0,6,42.38102,-71.06814,Entire home/apt,12,34,5.0,STR-399155,Charlestown,1,4.0,4BR - Visit Boston Like a Local!,2,t,48,7200.0,1
311.0,71,42.3755827,-71.0494657,Entire home/apt,2,345,4.99,STR-427698,Charlestown,3,1.0,Travelers Choice Best of Boston Houseboat Suite 1!,8,t,48,14928.0,1
137.0,254,42.31698,-71.09315,Entire home/apt,2,243,4.85,STR-582454,Roxbury,1,1.0,New Decor! Cozy Modern Renovated Private Suite!,42,t,252,34524.0,1
170.0,1,42.34991,-71.0674,Entire home/apt,91,278,5.0,none,Bay Village,1,2.0,Lovely Boston Back Bay/BVTownhouse  Heartof City,1,f,182,30940.0,0
100.0,1,42.38318,-71.07211,Private room,29,365,5.0,STR-431107,Charlestown,3,1.0,Cozy Bedroom for you!,0,f,0,0.0,1
216.0,1,42.35055,-71.06486,Entire home/apt,91,276,2.0,none,Downtown,3,0.0,MODERN DOWNTOWN STUDIO,0,t,0,0.0,0
259.0,19,42.34324049937066,-71.07724019857797,Entire home/apt,3,233,5.0,STR-545122,South End,2,1.0,Charming 1 bed S End Freshly painted new mattress!,12,t,72,18648.0,1
448.0,79,42.37603,-71.05034,Entire home/apt,2,264,5.0,STR-427698,Charlestown,3,2.0,Travelers Choice Best of Bos Green Turtle II Yacht,9,t,54,24192.0,1
127.0,246,42.27743,-71.1406,Entire home/apt,2,222,4.71,STR-429060,Roslindale,1,1.0,Modern Style Cozy Private Apt,44,f,255,32385.0,1
145.0,5,42.3523,-71.08539,Entire home/apt,270,359,5.0,none,Back Bay,1,1.0,Beautiful Brownstone in Heart of the Back Bay,0,t,0,0.0,0
155.0,1,42.33973,-71.14656,Entire home/apt,180,332,5.0,Exempt: This listing is a unit used for furnished institutional or business stays,Brighton,33,1.0,"Sunny & Bright 1BR, Longwood Medical Hospitals",0,f,0,0.0,1
78.0,4,42.28658,-71.05386,Private room,29,269,5.0,STR-439516,Dorchester,3,1.0,NONE SMOKING ROOM K:Spacious & SUPER SAFE & QUIET,0,f,0,0.0,1
46.0,18,42.28583,-71.05558,Private room,29,278,4.72,STR-439516,Dorchester,3,1.0,Non smoking Room S:Specious Super Safe QuietClean,2,f,116,5336.0,1
150.0,13,42.3423,-71.07443,Entire home/apt,29,49,5.0,none,South End,4,1.0,Ultra Comfy Modern in the Center of the South End,4,t,232,34800.0,0
78.0,5,42.32865,-71.09197,Private room,30,347,4.4,none,Roxbury,57,1.0,Pvt. Bedroom & Bath | Co-Live by Thatch™ | 33 #2F,0,f,0,0.0,0
306.0,72,42.31677,-71.11427,Entire home/apt,2,191,4.86,STR-488651,Jamaica Plain,2,2.0,Stylish 2-bedroom JP Pondside Pad,13,t,78,23868.0,1
60.0,8,42.34256,-71.15612,Entire home/apt,91,152,5.0,none,Brighton,1,0.0,Cozy Studio,3,t,255,15300.0,0
199.0,23,42.36524,-71.05602,Entire home/apt,30,237,4.61,STR-434641,North End,1,1.0,Cozy apartment in the lively heart of Boston,0,f,0,0.0,1
381.0,538,42.34887,-71.06596,Private room,1,279,4.42,Exempt: This listing is a hotel or motel,Downtown,2,1.0,FOUND Boston Common - Queen Room,70,f,255,97155.0,1
411.0,539,42.34935,-71.06535,Private room,1,256,4.57,Exempt: This listing is a hotel or motel,Downtown,2,1.0,FOUND Boston Common - Double Queen Room,58,f,255,104805.0,1
60.0,2,42.35882,-71.12831,Private room,91,357,5.0,none,Allston,9,1.0,(A) Cozy & comfortable room in Allston,0,f,0,0.0,0
56.0,4,42.35681,-71.12865,Private room,91,186,4.75,none,Allston,9,1.0,"(H) Cozy bedroom near Harvard, MIT & BU",1,f,182,10192.0,0
56.0,6,42.35907,-71.1301,Private room,91,326,5.0,none,Allston,9,1.0,"(G) Cozy room near Harvard, MIT, BU",2,f,255,14280.0,0
197.0,171,42.36682,-71.02931,Entire home/apt,7,190,4.94,STR-531674,East Boston,1,2.0,"Luxury apt w/ sauna & deck | by airport, downtown",54,t,255,50235.0,1
644.0,353,42.35538,-71.06196,Entire home/apt,1,4,4.76,STR-438649,Downtown,39,3.0,Large Loft Steps From Boston Common | Short Stays,75,f,255,164220.0,1
638.0,304,42.35514,-71.06191,Entire home/apt,1,23,4.77,STR-438654,Downtown,39,2.0,Luxury Furnished Loft near Park Street Station,66,f,255,162690.0,1
711.0,293,42.35726395973094,-71.06179395619714,Entire home/apt,2,8,4.74,STR-438650,Downtown,39,4.0,Downtown Luxury | Students Welcome | W/D in unit,57,f,255,181305.0,1
264.0,238,42.37714,-71.03994,Entire home/apt,2,40,4.87,STR-434812,East Boston,2,2.0,Tribeca chic | 2 BR w/private patio,41,t,246,64944.0,1
488.0,350,42.35558323953741,-71.0605228734014,Entire home/apt,1,4,4.73,STR-438652,Downtown,39,3.0,Luxury Loft | Boston Common | Monthly Discount,85,f,255,124440.0,1
300.0,14,42.37667,-71.05025,Entire home/apt,1,345,4.86,STR-427698,Charlestown,3,1.0,Best of Boston Houseboat Suite 2 Boston Harbor,0,t,0,0.0,1
1140.0,49,42.34163,-71.08367,Entire home/apt,5,250,5.0,STR-578466,Fenway,3,4.0,Luxury 4 Bdrm Penthouse Brownstone Duplex,8,t,80,91200.0,1
919.0,278,42.35708,-71.06228,Entire home/apt,1,27,4.74,STR-438653,Downtown,39,4.0,"Monthly Discounts -Fully Furnished 4br, 2ba Loft",27,f,162,148878.0,1
582.0,335,42.35722807237734,-71.06149157569895,Entire home/apt,1,8,4.71,STR-438655,Downtown,39,2.0,Keyless Entry | Laundry in Unit | Pet Friendly,52,f,255,148410.0,1
645.0,265,42.357308874194494,-71.06218277856146,Entire home/apt,1,13,4.72,STR-438658,Downtown,39,4.0,Centrally Located Luxurious Loft | Walk Anywhere!,53,f,255,164475.0,1
623.0,292,42.35576,-71.06202,Entire home/apt,1,17,4.72,STR-438659,Downtown,39,3.0,"Monthly Discounts - Furnished Luxury 3br, 2ba Loft",72,f,255,158865.0,1
421.0,254,42.355235397569416,-71.06091070350858,Entire home/apt,1,23,4.67,STR-438656,Downtown,39,2.0,Pet Friendly | Downtown Boston | Elevator + W/D,39,f,234,98514.0,1
35.0,10,42.29309,-71.12205,Private room,29,322,4.5,none,Roslindale,3,1.0,Private room  near T-Station,3,f,174,6090.0,0
165.0,105,42.30912,-71.11833,Entire home/apt,1,138,4.94,STR-493571,Jamaica Plain,1,1.0,Modern JP Townhouse w Parking - quiet & convenient,23,t,138,22770.0,1
51.0,5,42.29156,-71.12194,Private room,29,322,4.6,none,Roslindale,3,1.0,Spacious room with private living room near T,0,f,0,0.0,0
740.0,261,42.35531,-71.06071,Entire home/apt,1,7,4.72,STR-438662,Downtown,39,4.0,Lavishly Designed Home | With Office | Close to T,43,f,255,188700.0,1
536.0,308,42.35512,-71.06247,Entire home/apt,1,14,4.68,STR-438646,Downtown,39,2.0,200mbps speeds - Laundry - Discounted Long Stays,41,f,246,131856.0,1
277.0,1,42.34518,-71.08706,Entire home/apt,32,131,5.0,none,Fenway,343,1.0,"Blueground | Symphony, doorman, nr t stop & mfa",0,f,0,0.0,0
289.0,2,42.34518,-71.08706,Entire home/apt,32,276,4.0,none,Fenway,343,1.0,"Blueground | Symphony, doorman, nr mfa",0,f,0,0.0,0
259.0,1,42.3657336,-71.0669497,Entire home/apt,32,117,3.0,none,West End,343,1.0,"Blueground | W. End, gym, nr mgh & t stop",1,f,64,16576.0,0
354.0,7,42.36638,-71.04007,Entire home/apt,29,268,3.57,Exempt: This listing is a hotel or motel,East Boston,29,1.0,"Luxury Waterfront 1BR, Rooftop & Pool Access",0,f,0,0.0,1
261.0,89,42.30736,-71.06375,Entire home/apt,1,217,4.88,STR-523616,Dorchester,1,3.0,Great public transportation to tour all of Boston!,19,t,114,29754.0,1
297.0,75,42.31631,-71.09878,Entire home/apt,2,226,4.91,STR-570178,Jamaica Plain,1,2.0,"Luxe Boston 2 bdrm w/ parking, WiFi, BBQ & laundry",10,t,60,17820.0,1
63.0,10,42.329247,-71.092819,Private room,30,211,4.6,none,Roxbury,57,1.0,Pvt. Bedroom & Bath | Co-Live by Thatch™ | 31 #1B,6,f,255,16065.0,0
245.0,2,42.34507,-71.09626,Entire home/apt,32,174,4.5,none,Fenway,43,1.0,Boston One Bedroom with Fenway Park Views,1,t,64,15680.0,0
274.0,1,42.34367,-71.09797,Entire home/apt,32,331,5.0,none,Fenway,43,1.0,Modern 1 Bedroom in Fenway Cultural District,0,t,0,0.0,0
235.0,3,42.34485,-71.09832,Entire home/apt,32,345,5.0,none,Fenway,43,1.0,1 Bedroom with Floor-to-Ceiling Windows in Fenway,0,t,0,0.0,0
120.0,26,42.36745,-71.05735,Entire home/apt,29,324,4.92,STR-461702,North End,14,0.0,"Studio w/ Parking Near MGH, TD Garden & Waterfront",25,f,255,30600.0,1
235.0,1,42.34501,-71.09595,Entire home/apt,32,324,5.0,none,Fenway,43,1.0,Luxury One Bedroom Near Fenway Park with Rooftop,1,t,64,15040.0,0
85.0,5,42.31687,-71.05668,Private room,30,277,4.8,none,Dorchester,3,1.0,Boston Maison near JFK/UMASS,3,t,180,15300.0,0
419.0,160,42.35881,-71.05191,Private room,1,334,4.86,Exempt: This listing is a hotel or motel,Downtown,1,1.0,Harborside Inn-Boutique Hotel,59,t,255,106845.0,1
452.0,1,42.364773,-71.063143,Entire home/apt,32,146,5.0,none,Downtown,343,1.0,"Blueground | N. Station, gym, w/d, doorman",0,f,0,0.0,0
329.0,81,42.31294,-71.11617,Entire home/apt,4,229,4.84,STR-518927,Jamaica Plain,1,1.0,In the heart of Jamaica Plain near Pond & Longwood,21,t,168,55272.0,1
240.0,2,42.36135,-71.06387,Entire home/apt,29,241,5.0,none,West End,9,0.0,"Renovated Studio, steps to MGH, Suffolk",1,f,58,13920.0,0
215.0,1,42.34353,-71.08747,Entire home/apt,32,275,5.0,none,Fenway,43,1.0,One-Bedroom in Back Bay with Boston Skyline Views,0,t,0,0.0,0
247.0,17,42.34319,-71.14389,Entire home/apt,30,203,4.94,Exempt: This listing is a unit used for furnished institutional or business stays,Brighton,33,2.0,"2 bed, in unit laundry, Boston College, balcony.",0,f,0,0.0,1
806.0,303,42.35702565661529,-71.06194776110382,Entire home/apt,1,11,4.74,STR-466837,Downtown,39,4.0,Spacious 4bed Loft | Downtown Boston | Beacon Hill,75,f,255,205530.0,1
585.0,273,42.35563359910092,-71.06034154433256,Entire home/apt,1,22,4.76,STR-466832,Downtown,39,2.0,Washer/Dryer in-unit!  Close to MGH & Beacon Hill,53,f,255,149175.0,1
740.0,321,42.35746,-71.06085,Entire home/apt,1,11,4.82,STR-466842,Downtown,39,4.0,Designer Lux 4bed Loft | Steps to the State House,55,f,255,188700.0,1
666.0,360,42.35721,-71.06153,Entire home/apt,1,6,4.76,STR-466841,Downtown,39,3.0,Pet Friendly |  3bd 2ba Flat steps to Beacon Hill,70,f,255,169830.0,1
695.0,259,42.35666,-71.06026,Entire home/apt,1,9,4.78,STR-466838,Downtown,39,4.0,4br/2ba | 200mbps Internet | Luxury Keyless Entry,58,f,255,177225.0,1
655.0,279,42.35575107251281,-71.06242661829393,Entire home/apt,1,10,4.81,STR-466839,Downtown,39,4.0,4bed Loft | Steps to Boston Common + Beacon Hill,58,f,255,167025.0,1
836.0,323,42.3571,-71.06069,Entire home/apt,1,9,4.8,STR-461750,Downtown,39,4.0,"Parking Available-Fully Furnished 4br, 2ba-Hami509",72,f,255,213180.0,1
211.0,92,42.355056736770834,-71.06221200170934,Entire home/apt,2,247,4.32,Exempt: This listing is a hotel or motel,Downtown,6,0.0,Just Perfect Studio For Your Next Stay,11,f,66,13926.0,1
221.0,120,42.35505676269531,-71.06221008300781,Entire home/apt,2,257,4.46,Exempt: This listing is a hotel or motel,Downtown,6,1.0,Stay Tonight In Boston's Downtown!,6,f,36,7956.0,1
337.0,1,42.3469948,-71.1452694,Entire home/apt,32,358,4.0,none,Brighton,343,1.0,"Blueground | Brighton, w/d, gym, nr t & shops",0,f,0,0.0,0
124.0,9,42.28834,-71.13646,Entire home/apt,29,297,4.67,STR-443288,Roslindale,2,2.0,Charming 2br in hip neighborhood w Private Deck,0,f,0,0.0,1
290.0,18,42.37473,-71.06101,Entire home/apt,3,25,4.94,STR-385912,Charlestown,6,1.0,Charlestown Furnished  1 bedroom Apartment M465,5,t,30,8700.0,1
120.0,84,42.305282560949806,-71.06119774985596,Entire home/apt,31,352,4.77,STR-547013,Dorchester,5,2.0,IV New apartment with Luxury amenities in Boston,0,t,0,0.0,1
201.0,12,42.36014,-71.12829,Entire home/apt,2,29,4.75,STR-443485,Allston,1,1.0,Updated 1-Bed near Harvard w/ parking and office!,7,f,42,8442.0,1
236.0,254,42.35573,-71.05994,Entire home/apt,1,313,4.7,STR-466829,Downtown,40,0.0,"Simple Studio -Walk to MGH, Beacon Hill, North End",25,f,150,35400.0,1
200.0,212,42.35522,-71.05798,Entire home/apt,1,237,4.73,STR-466827,Downtown,40,0.0,Bright + Clean Studio Loft in Downtown Boston!,27,f,162,32400.0,1
228.0,211,42.35392,-71.05954,Entire home/apt,1,229,4.67,STR-466823,Downtown,40,0.0,Downtown Studio | Students Welcome,26,f,156,35568.0,1
290.0,211,42.35427,-71.05991,Entire home/apt,1,228,4.72,STR-466826,Downtown,40,0.0,Prime Location | Beacon Hill & Financial District,19,f,114,33060.0,1
279.0,208,42.35519,-71.05994,Entire home/apt,1,243,4.71,STR-466824,Downtown,40,1.0,Downtown Loft | Walk Anywhere | Ideal for Nurses!,22,f,132,36828.0,1
429.0,249,42.35397,-71.05798,Entire home/apt,1,216,4.7,STR-466798,Downtown,40,2.0,Luxury at a Discount!!  2br/2ba | 200mbps Internet,49,f,255,109395.0,1
190.0,183,42.35569,-71.06002,Entire home/apt,1,221,4.58,STR-466819,Downtown,40,1.0,Downtown Luxury Studio | Pets Welcome | WD in Bldg,23,f,138,26220.0,1
195.0,16,42.34406280517578,-71.06999969482422,Entire home/apt,29,304,5.0,none,South End,2,1.0,Modern Smart 1Bdr Private Entry Historic South End,5,t,255,49725.0,0
402.0,43,42.33437,-71.05208,Entire home/apt,2,116,4.98,STR-461650,South Boston,1,2.0,Sunny Southie Modern 2 Bedroom with Deck,20,t,120,48240.0,1
205.0,185,42.35451,-71.0579,Entire home/apt,1,181,4.64,STR-466799,Downtown,40,1.0,Bright & Bold Loft | Fast Wifi | Downtown Boston,20,f,120,24600.0,1
215.0,237,42.35397,-71.05805,Entire home/apt,1,206,4.65,STR-466811,Downtown,40,1.0,Downtown Boston | Nurses Welcome | W/D in bldg,34,f,204,43860.0,1
220.0,210,42.35426,-71.0598,Entire home/apt,1,228,4.6,STR-466817,Downtown,40,0.0,Beautiful Studio | Close to Everything | Fast Wifi,36,f,216,47520.0,1
251.0,124,42.34742,-71.09253,Entire home/apt,1,309,4.69,STR-438668,Fenway,59,1.0,Classic furnished 1BR in Fenway in Brownstone Bldg,36,f,216,54216.0,1
97.0,167,42.32987,-71.08982,Entire home/apt,29,232,4.87,STR-546302,Roxbury,1,1.0,Cozy home away from home in historic Boston,1,f,58,5626.0,1
281.0,220,42.35387599921967,-71.05848406519874,Entire home/apt,1,228,4.68,STR-466818,Downtown,40,1.0,Simple 1br |  Financial District | Keyless Entry,32,f,192,53952.0,1
212.0,215,42.35533,-71.05769,Entire home/apt,1,278,4.55,STR-466812,Downtown,40,0.0,"Downtown Central Studio w Fast WIFI, Keyless Entry",37,f,222,47064.0,1
486.0,86,42.30043,-71.06091,Entire home/apt,29,65,4.9,STR-463794,Dorchester,4,4.0,Top level great views mins to MBTA!,0,t,0,0.0,1
251.0,1,42.35066,-71.07739,Entire home/apt,32,189,4.0,none,Back Bay,343,0.0,"Blueground | Back Bay, roofdeck, nr commons",0,f,0,0.0,0
89.0,9,42.35638,-71.07139,Private room,29,52,4.78,Exempt: This listing is a unit used for furnished institutional or business stays,Beacon Hill,2,1.0,Cosy Room in Back Bay and Beacon Hill (MGH/Tufts),2,t,116,10324.0,1
210.0,168,42.38347,-71.01653,Entire home/apt,2,45,4.89,STR-447421,East Boston,1,2.0,Luxury Condo in Boston w/ backyard & parking,59,t,255,53550.0,1
74.0,83,42.33716,-71.03812,Entire home/apt,29,53,4.78,STR-399339,South Boston,3,0.0,Mins to Seaport/Downtown. Pvt bath & Entrance,0,t,0,0.0,1
397.0,191,42.37877,-71.0311,Entire home/apt,2,250,4.98,STR-490291,East Boston,1,4.0,Boston Best with Parking - GREAT reviews,31,f,186,73842.0,1
140.0,303,42.28626,-71.04232,Entire home/apt,1,26,4.91,STR-519685,Dorchester,3,1.0,Swanky unit Convenient to Downtown nr Restaurants,54,t,255,35700.0,1
209.0,227,42.35593,-71.05837,Entire home/apt,1,235,4.74,STR-466821,Downtown,40,0.0,Center of Boston Studio Pet Friendly | Laundry,40,f,240,50160.0,1
51.0,5,42.26396,-71.10395,Private room,1,175,4.2,STR-551772,Hyde Park,2,1.0,Bedroom with 2 Full Size Beds,0,f,0,0.0,1
103.0,11,42.32923,-71.09184,Entire home/apt,32,141,4.73,none,Roxbury,57,1.0,Furnished Studio by Thatch™ | Highland Ave,3,f,192,19776.0,0
290.0,214,42.29916,-71.08675,Entire home/apt,2,219,4.95,STR-443355,Roxbury,1,4.0,Modern/Luxury | Steps from Zoo & Golf Course,34,t,204,59160.0,1
245.0,83,42.36319,-71.05127,Entire home/apt,29,250,4.89,STR-441416,North End,18,1.0,North End 1 BR Gem in Little Italy,0,t,0,0.0,1
525.0,293,42.34882420341916,-71.09481479655527,Entire home/apt,1,294,4.74,STR-438670,Fenway,59,2.0,"Luxury 2 Bed, 2Bath apartment in Back Bay/Fenway!",43,f,255,133875.0,1
422.0,234,42.35727,-71.0551,Entire home/apt,2,323,4.65,STR-424139,Downtown,59,2.0,Fully Furnished 2br/2ba Loft in Downtown Boston,44,f,255,107610.0,1
404.0,248,42.35835418840674,-71.05321336034264,Entire home/apt,2,323,4.74,STR-424135,Downtown,59,2.0,Designer Inspired | Keyless Entry | Financial Dist,31,f,186,75144.0,1
269.0,1,42.3347357,-71.1018627,Entire home/apt,32,0,3.0,none,Mission Hill,343,1.0,"Blueground | Longwood, nr t & multiple schools",0,f,0,0.0,0
60.0,6,42.35866,-71.13006,Private room,91,274,4.67,none,Allston,9,1.0,"(I) Cozy Room Near Harvard, MIT, BU & prime diners",3,f,255,15300.0,0
574.0,190,42.34901,-71.0666,Entire home/apt,2,61,4.8,STR-398206,Bay Village,2,3.0,3 Bdrm 2BA Apt Quiet Spotless Parking Top Location,35,f,210,120540.0,1
238.0,60,42.26353,-71.12697,Entire home/apt,1,30,4.68,STR-460531,Hyde Park,1,2.0,Boston’s best! Free parking! Stylish 2 bdrm apt,6,f,36,8568.0,1
129.0,7,42.30019,-71.08438,Entire home/apt,29,89,4.29,STR-419049,Dorchester,12,1.0,New Renovated 1 Bed Nr Franklin Park Free Parking,1,f,58,7482.0,1
221.0,120,42.35505294799805,-71.06218719482422,Entire home/apt,2,255,4.4,STR-605732,Downtown,6,1.0,Stylish Studio in Downtown Boston!,27,f,162,35802.0,1
737.0,107,42.35529,-71.06087,Entire home/apt,3,0,4.75,STR-545379,Downtown,1,2.0,"Downtown Crossing, Large Lofted Condo, Location!",13,f,78,57486.0,1
259.0,18,42.34146,-71.07185,Entire home/apt,30,212,5.0,str-523399,South End,2,2.0,"UNION PARK, South End - sunny, historic 2B/2B",0,t,0,0.0,1
196.0,135,42.38099,-71.07038,Entire home/apt,4,229,4.98,STR-416464,Charlestown,1,1.0,"Large 1+bed in historic Charlestown, Boston!",27,t,216,42336.0,1
162.0,379,42.355056736770834,-71.06221200170934,Private room,1,290,4.37,STR439290,Downtown,6,1.0,"Long OR Short Term Stays, Affordable Boston Stay",35,f,210,34020.0,1
305.0,238,42.358980395949175,-71.05393090509003,Entire home/apt,1,280,4.68,STR-424136,Downtown,59,1.0,1BR in Downtown Boston| Walk Anywhere!,32,f,192,58560.0,1
192.0,183,42.3232,-71.05995,Entire home/apt,3,226,4.82,STR-522356,Dorchester,1,3.0,3BR JFK/UMASS redline T+parking,34,f,204,39168.0,1
274.0,106,42.2895,-71.13044,Entire home/apt,3,281,4.99,STR-445690,Roslindale,1,2.0,"2BR Near Transit, Shops, Arboretum + Free Parking",9,t,54,14796.0,1
306.0,1,42.33884,-71.08177,Entire home/apt,32,326,5.0,none,Roxbury,343,0.0,"Blueground | S. End, pool, nr art gallery & t",0,f,0,0.0,0
353.0,1,42.33884,-71.08177,Entire home/apt,32,337,5.0,none,Roxbury,343,1.0,"Blueground | S. End, pool, nr art gallery & t",0,f,0,0.0,0
399.0,284,42.35708897267829,-71.05350906465866,Entire home/apt,2,302,4.65,STR-424131,Downtown,59,2.0,Lux Downtown Flat - Large Open Layout - Fast Wifi,52,f,255,101745.0,1
237.0,227,42.35875,-71.05361,Entire home/apt,1,295,4.69,STR-424138,Downtown,59,1.0,Beautiful 1BR on Top Floor in Downtown Boston,22,f,132,31284.0,1
417.0,262,42.35893,-71.0553,Entire home/apt,2,300,4.73,STR-424137,Downtown,59,2.0,Elegant 2BD/2BA furnished apartment in FiDi,45,f,255,106335.0,1
398.0,253,42.35745,-71.0533,Entire home/apt,2,289,4.5,STR-424121,Downtown,59,2.0,Airy 2br Apt Downtown Boston - Smart Lock Entry,56,f,255,101490.0,1
307.0,246,42.35889,-71.05337,Entire home/apt,1,299,4.7,STR-424133,Downtown,59,1.0,Charming 1BR Flat Downtown Boston | Walk Anywhere,44,f,255,78285.0,1
158.0,409,42.3163,-71.05873,Entire home/apt,1,271,4.93,STR-445943,Dorchester,2,1.0,Apartment 1BR mins from JFK/UMASS free parking,95,t,255,40290.0,1
528.0,65,42.27941,-71.09465,Entire home/apt,3,346,4.97,STR-445570,Mattapan,5,4.0,Comfy Oasis,7,t,42,22176.0,1
267.0,205,42.3493129120797,-71.09268140663436,Entire home/apt,1,235,4.66,STR-438669,Fenway,59,1.0,Beautiful 1BR near Fenway Park + Kenmore!,27,f,162,43254.0,1
265.0,121,42.34309,-71.05313,Entire home/apt,29,305,4.86,STR-445533,South Boston Waterfront,1,2.0,GREAT LOCATION! Modern 2 BD and 2 BA w/Parking!,11,f,255,67575.0,1
100.0,91,42.37835,-71.02964,Entire home/apt,29,159,4.57,STR-445655,East Boston,5,1.0,City apartment with parking Logan/Downtown,1,t,58,5800.0,1
272.0,238,42.37721,-71.03767,Entire home/apt,2,152,4.8,STR-573350,East Boston,5,2.0,Romantic Getaway on the roof - parking/Airport,56,t,255,69360.0,1
193.0,29,42.31086,-71.09849,Entire home/apt,2,245,4.24,STR-445529,Jamaica Plain,23,2.0,Luxury pet-friendly 2 bed by beautiful park!,14,t,84,16212.0,1
86.0,556,42.38274,-71.02198,Private room,1,65,4.81,STR-587413,East Boston,2,1.0,"The Nook, 15m T to downtown,Walk to Airport/Subway",97,t,255,21930.0,1
98.0,472,42.38294,-71.02026,Private room,1,62,4.86,STR-587413,East Boston,2,1.0,Zakim-Walk to Airport/Subway-15min to downtown,90,t,255,24990.0,1
472.0,194,42.32932,-71.05351,Entire home/apt,2,281,4.98,STR-446942,South Boston,1,3.0,"Family Friendly City Oasis! Free Parking, King Bed",49,t,255,120360.0,1
589.0,287,42.35533065332528,-71.06073938142121,Entire home/apt,1,8,4.76,STR-438657,Downtown,39,3.0,Luxury at a Discount | 3br/2ba | 200mbps Internet,64,f,255,150195.0,1
571.0,316,42.35528350930719,-71.06044446350509,Entire home/apt,1,17,4.8,STR-466834,Downtown,39,2.0,Centralized Downtown Location | On-site Parking,49,f,255,145605.0,1
70.0,3,42.32114,-71.05993,Private room,29,46,4.67,Exempt: This listing is a unit used for furnished institutional or business stays,Dorchester,58,1.0,230B3.1 | The Mayhew Redline | w/AC & WD | Room #1,3,f,174,12180.0,1
67.0,6,42.32096,-71.0604,Private room,30,282,4.83,none,Dorchester,58,2.0,230B3.2 | The Mayhew Redline | w/AC & WD | Room #2,3,f,180,12060.0,0
505.0,267,42.35524,-71.06022,Entire home/apt,1,19,4.65,STR-438648,Downtown,39,2.0,Boston Common Loft w/ in-unit washer dryer,55,f,255,128775.0,1
513.0,319,42.35731,-71.0624,Entire home/apt,1,12,4.69,STR-438645,Downtown,39,2.0,Perfect Location | Boston Common | Park St Station,60,f,255,130815.0,1
345.0,2,42.34399,-71.09823,Entire home/apt,32,345,5.0,none,Fenway,43,2.0,"Large Two Bedroom, One Block From Fenway Park",1,t,64,22080.0,0
292.0,223,42.35131,-71.06531,Entire home/apt,5,242,4.54,STR-461740,Downtown,59,1.0,Amazing Location | Theater District | Pet Friendly,36,f,255,74460.0,1
617.0,125,42.3025,-71.06311,Entire home/apt,2,301,4.96,STR-445614,Dorchester,1,5.0,LargeDuplex10Beds w/prkg near Downton,20,t,120,74040.0,1
256.0,2,42.34114,-71.04959,Entire home/apt,32,280,5.0,none,South Boston,343,1.0,"Blueground | S. Boston, gym, w/d, nr seaport",1,f,64,16384.0,0
50.0,51,42.31583,-71.08992,Private room,29,208,4.29,STR-545309,Roxbury,3,1.0,Artistic Room,0,f,0,0.0,1
228.0,49,42.2807,-71.07172,Entire home/apt,1,363,4.88,STR-468600,Dorchester,1,1.0,#4 CLEAN COMFY & COZY GLORY GUEST SUITE,7,f,42,9576.0,1
282.0,195,42.34812,-71.13601,Entire home/apt,3,61,4.96,STR-446758,Allston,2,2.0,Entire Apt near Bos Univ/Bos College Free Parking,34,t,204,57528.0,1
204.0,7,42.27832,-71.14076,Entire home/apt,29,329,5.0,none,Roslindale,2,3.0,"6 Room, 2+ Bedroom: Sunny Quintessential Boston",0,t,0,0.0,0
193.0,417,42.35891,-71.06615,Entire home/apt,1,205,4.86,STR-447285,Beacon Hill,2,1.0,Beacon Hills Studio next to State house,71,t,255,49215.0,1
463.0,94,42.2986,-71.06144,Entire home/apt,3,68,4.72,STR-463794,Dorchester,4,4.0,Newly Reno condo 1st floor mins to public trans T,14,t,84,38892.0,1
307.0,20,42.27679,-71.06871,Entire home/apt,3,349,4.95,STR-544843,Mattapan,3,3.0,"Sparkling Clean, HOME away from home!",3,f,18,5526.0,1
520.0,79,42.29928,-71.0609,Entire home/apt,3,64,4.81,STR-545167,Dorchester,4,4.0,Cozy spacious 2nd level condo walk to public tran,5,t,30,15600.0,1
749.0,143,42.36239,-71.05044,Entire home/apt,2,297,4.93,STR-545111,Downtown,1,3.0,Boston Harbor View!Free Parking!North End 3 bed,44,t,255,190995.0,1
158.0,37,42.32662,-71.07675,Entire home/apt,1,149,4.68,STR-542712,Roxbury,1,1.0,Cozy 1 Bedroom in the Heart of Boston!,18,t,108,17064.0,1
160.0,1,42.3466,-71.1413,Entire home/apt,29,71,1.0,none,Brighton,8,2.0,Modern 2B2B Apartment - Minutes to Downtown Boston,0,f,0,0.0,0
438.0,9,42.3281455,-71.0933478,Entire home/apt,29,347,5.0,Exempt: This listing is a unit used for furnished institutional or business stays,Roxbury,1,4.0,Tasteful & Luminous Refuge | Near T,0,t,0,0.0,1
107.0,72,42.348426818847656,-71.07017517089844,Shared room,1,244,4.49,STR-415225,Bay Village,17,1.0,"Long Stays For One, Desk, Wifi, Central Location",34,f,204,21828.0,1
166.0,16,42.36618,-71.05217,Entire home/apt,10,318,4.81,STR-550224,North End,55,2.0,North End Apt Near Harbor,1,f,20,3320.0,1
82.0,80,42.34313,-71.15594,Private room,29,247,4.95,STR-439464,Brighton,4,1.0,Cozy Cabin room in a quiet Boston area,9,t,255,20910.0,1
165.0,1,42.3476761355766,-71.14312237777683,Entire home/apt,29,69,5.0,none,Brighton,8,2.0,Charming 2BR 2BA With Easy Access to Boston Center,0,f,0,0.0,0
93.0,102,42.34488,-71.15442,Private room,29,223,4.9,STR-439464,Brighton,4,1.0,Azurite colors room in a quiet Boston area,21,t,255,23715.0,1
236.0,241,42.34246,-71.10145,Entire home/apt,1,134,4.82,STR-606611,Fenway,36,1.0,"(F21)  Cozy Retreat in Fenway, Guests Favorite!",43,t,255,60180.0,1
240.0,3,42.34516,-71.09652,Entire home/apt,32,331,5.0,none,Fenway,43,1.0,Serviced 1 Bedroom Across From Fenway Park,1,t,64,15360.0,0
125.0,175,42.35308,-71.16926,Private room,1,346,4.87,STR-552948,Brighton,1,1.0,private room in a 1 family home.,19,t,114,14250.0,1
235.0,195,42.34979,-71.06544,Entire home/apt,1,236,4.78,STR-461739,Downtown,59,1.0,Bay Village Charm | 99 WalkScore | Short/Long Stay,34,f,204,47940.0,1
259.0,206,42.35097,-71.06539,Entire home/apt,5,212,4.71,STR-461742,Downtown,59,1.0,"Comfy 1br, Minutes to Boston Common, 99 Walk score",35,f,255,66045.0,1
254.0,209,42.34997,-71.0672,Entire home/apt,1,237,4.66,STR-461743,Bay Village,59,1.0,Simple 1BR steps to Boston Common and South End!,32,f,192,48768.0,1
186.0,150,42.313251,-71.054817,Entire home/apt,4,154,4.97,STR-458124,Dorchester,1,1.0,"1st floor, free parking off street, 3 min to train",26,t,208,38688.0,1
139.0,69,42.32585,-71.09502,Entire home/apt,30,141,4.3,str-446257,Roxbury,2,1.0,1 mile to Downtown Boston Cozy Studio Apartment,0,f,0,0.0,1
242.0,86,42.2883,-71.15351,Entire home/apt,1,309,4.84,STR-385960,West Roxbury,1,3.0,"European, rustic 3 bed/2bath-5 miles to Copley Sq",6,t,36,8712.0,1
450.0,34,42.32829,-71.09404,Entire home/apt,3,54,4.97,STR-446660,Roxbury,11,4.0,Fort Hill Inn Uber Cool!  **Modern City Triplex**,15,t,90,40500.0,1
229.0,3,42.35155,-71.0839,Entire home/apt,30,313,4.67,Exempt: This listing is a unit used for furnished institutional or business stays,Back Bay,33,0.0,Oversized  Furnished Brownstone Studio in Back Bay,0,f,0,0.0,1
272.0,82,42.3234,-71.09018,Entire home/apt,3,47,4.93,str-446652,Roxbury,11,3.0,*Fort Hill Inn  *Sunny* Updated Historic Beauty!,22,t,132,35904.0,1
187.0,80,42.32856,-71.09569,Entire home/apt,3,49,4.85,STR-446651,Roxbury,11,1.0,"Fort Hill Inn, Excellent  Mid Modern nice details!",16,t,96,17952.0,1
133.0,79,42.3297,-71.09593,Entire home/apt,3,67,4.89,STR-490093,Roxbury,11,1.0,Fort Hill Inn Private Guest room/ private Bath #3,20,t,120,15960.0,1
168.0,76,42.33046,-71.09397,Entire home/apt,3,56,4.88,STR-491702,Roxbury,11,1.0,"Fort Hill Inn  1 Bedroom Duplex,  *Sunny Condo*",10,t,60,10080.0,1
226.0,324,42.33620071411133,-71.05067443847656,Private room,1,258,4.98,STR-562307,South Boston,1,1.0,Guest Suite - private bathroom and roof deck,60,t,255,57630.0,1
94.0,3,42.32887,-71.09377,Private room,30,262,4.67,none,Roxbury,57,1.0,Pvt. Bedroom & Bath | Co-Live by Thatch™ | 31 #1D,1,f,60,5640.0,0
234.0,1,42.33999,-71.08143,Entire home/apt,32,148,3.0,none,Roxbury,343,0.0,"Blueground | South End, nr northeastern & dining",1,f,64,14976.0,0
221.0,1,42.34006,-71.15734,Entire home/apt,32,250,3.0,none,Brighton,343,2.0,"Blueground | Brighton, w/d, nr dining & shops",0,f,0,0.0,0
37.0,14,42.31649,-71.09199,Private room,30,299,5.0,none,Roxbury,8,1.0,All included. Comfy quiet room.,7,t,255,9435.0,0
117.0,94,42.34629,-71.1602,Private room,2,26,5.0,STR-545203,Brighton,2,1.0,"Brighton, Queen bed/private bth, park free",38,t,228,26676.0,1
212.0,190,42.30807,-71.06147,Entire home/apt,1,75,4.81,str-545118,Dorchester,3,2.0,"Swanky Unit w Cntrl air, mins 2 city Modrn Top flr",44,t,255,54060.0,1
238.0,27,42.29065,-71.06361,Private room,1,315,4.52,STR-453623,Dorchester,7,2.0,Renovated Listing (2 Rooms)!!,2,t,12,2856.0,1
580.0,47,42.29107,-71.06189,Entire home/apt,2,292,4.81,STR-453623,Dorchester,7,4.0,Renovated apartment just minutes from the T!,8,t,48,27840.0,1
136.0,52,42.29049,-71.06138,Private room,1,353,4.79,STR-453623,Dorchester,7,1.0,Newly Renovated Double Room!,4,t,24,3264.0,1
96.0,17,42.29037,-71.06367,Private room,1,314,4.94,STR-453623,Dorchester,7,1.0,Cozy Room on Top Floor!,3,t,18,1728.0,1
96.0,25,42.28918,-71.06166,Private room,1,312,4.76,STR-453623,Dorchester,7,1.0,Spacious & newly renovated private room!,2,t,12,1152.0,1
96.0,29,42.29063,-71.06357,Private room,1,255,4.79,STR-453623,Dorchester,7,1.0,Comfy renovated room in spacious apartment!,3,t,18,1728.0,1
520.0,125,42.33483,-71.04502,Entire home/apt,2,252,4.98,STR-589956,South Boston,3,2.0,Perfectly Renovated Home w/ Private Outdoor Oasis,29,t,174,90480.0,1
262.0,97,42.33701,-71.04517,Entire home/apt,2,237,4.91,STR-589956,South Boston,3,2.0,Cozy 2-Bedroom in Heart of Southie,30,t,180,47160.0,1
449.0,1,42.34449,-71.08237,Entire home/apt,32,0,5.0,none,Back Bay,343,2.0,"Blueground | Back Bay, near prudential center",0,f,0,0.0,0
1465.0,75,42.33655,-71.04533,Entire home/apt,2,329,4.95,STR-589954,South Boston,3,4.0,4-Bedroom/3 Bath Home with gorgeous deck,16,t,96,140640.0,1
564.0,314,42.3555,-71.06193,Entire home/apt,30,4,4.78,STR-461749,Downtown,39,3.0,Lavish 3br In Downtown | Keyless Entry,77,f,255,143820.0,1
341.0,237,42.35141,-71.06564,Entire home/apt,30,224,4.73,STR-451332,Downtown,59,1.0,1br in Heart of Theater District | Walk Anywhere!,40,f,255,86955.0,1
456.0,231,42.36490313211377,-71.05337157782682,Entire home/apt,2,293,4.56,STR-437465,North End,59,2.0,Delightful North End Apt - 2br 2BA w/ Laundry!,22,f,132,60192.0,1
150.0,266,42.37533,-71.03139,Entire home/apt,2,51,4.95,STR-544884,East Boston,1,1.0,CITY APARTMENT NEAR AIRPORT,56,t,255,38250.0,1
245.0,87,42.24234,-71.14182,Entire home/apt,2,341,4.8,STR-453517,Hyde Park,1,2.0,COMO,11,t,66,16170.0,1
134.0,194,42.33422,-71.10495,Entire home/apt,2,175,4.71,STR-545176,Mission Hill,19,0.0,Cozy Boston Studio - Longwood/Fenway,35,f,210,28140.0,1
154.0,145,42.33207,-71.10713,Entire home/apt,2,189,4.57,STR-545176,Mission Hill,19,0.0,Longwood/Fenway Basement Studio,25,f,150,23100.0,1
133.0,103,42.33248,-71.10711,Entire home/apt,2,182,4.52,STR-545176,Mission Hill,19,0.0,Spacious Basement Studio - Longwood/Fenway,19,f,114,15162.0,1
150.0,89,42.37998,-71.03004,Entire home/apt,29,173,4.75,STR-445655,East Boston,5,1.0,Close to everything - parking/downtown/airport,2,t,116,17400.0,1
123.0,150,42.33208,-71.10628,Entire home/apt,2,169,4.78,STR-545176,Mission Hill,19,0.0,Sunny Boston Studio - Fenway/Longwood,26,f,156,19188.0,1
162.0,167,42.33194,-71.10633,Entire home/apt,2,190,4.6,STR-545178,Mission Hill,19,0.0,Stylish Boston Studio - Fenway/Longwood,32,f,192,31104.0,1
169.0,103,42.33172,-71.11141,Entire home/apt,3,315,4.97,STR-545283,Mission Hill,3,2.0,2 Bedroom by Longwood Medical Hospitals,30,t,180,30420.0,1
396.0,1,42.34992,-71.06943,Entire home/apt,32,256,5.0,none,Bay Village,343,1.0,"Blueground | Back Bay, gym, nr the common",0,f,0,0.0,0
60.0,2,42.35705,-71.12969,Private room,91,297,5.0,none,Allston,9,1.0,"(D) Cozy comfortable room near Harvard, MIT & BU",0,f,0,0.0,0
377.0,1,42.363026,-71.0549705,Entire home/apt,32,229,5.0,none,North End,343,2.0,"Blueground | N. End, balcony & rooftop",0,f,0,0.0,0
1263.0,84,42.345726,-71.105835,Entire home/apt,29,365,4.93,Str-544821,Fenway,1,7.0,"Entire 3 story Brownstone building, Walk to Fenway",0,f,0,0.0,1
69.0,9,42.319327861470235,-71.09013210682868,Private room,29,174,5.0,none,Roxbury,2,1.0,La Casa Boheme - Upstairs Back Bedroom,2,t,116,8004.0,0
303.0,189,42.34971,-71.06718,Entire home/apt,1,232,4.69,STR-451333,Bay Village,59,1.0,Airy 1BR Walkable to Everywhere in Boston | W+D,29,f,174,52722.0,1
174.0,106,42.27186260442167,-71.0838019517025,Entire home/apt,29,89,4.77,STR-550554,Mattapan,1,2.0,ENTIRE 2BR APARTMENT IN A NICE QUIET NEIGHBORHOOD!,0,f,0,0.0,1
173.0,121,42.32845,-71.09435,Entire home/apt,3,33,4.88,str-446656,Roxbury,5,0.0,"Fort Hill Inn, *Designed*  City Loft Studio Apt",40,t,240,41520.0,1
86.0,63,42.34518,-71.15655,Private room,29,262,4.81,STR-439464,Brighton,4,1.0,Boston style bedroom in a quiet Boston area,18,t,255,21930.0,1
224.0,434,42.34914,-71.09555,Private room,1,286,4.98,STR-446547,Fenway,7,1.0,Fenway Park Vintage Brownstone  (3A),99,t,255,57120.0,1
140.0,19,42.35742,-71.06119,Entire home/apt,29,298,4.95,none,Downtown,1,0.0,Simple Studio on Beacon Hill,5,t,255,35700.0,0
224.0,469,42.34909,-71.0969,Private room,1,288,4.96,STR-446547,Fenway,7,1.0,Fenway Park Vintage Brownstone (3C),97,t,255,57120.0,1
254.0,444,42.34873,-71.0958,Private room,1,293,4.96,STR-446547,Fenway,7,1.0,Fenway Park Vintage Brownstone (4A),102,t,255,64770.0,1
173.0,429,42.34906,-71.09716,Private room,1,283,4.95,STR-446547,Fenway,7,1.0,Fenway Park Brownstone -3B (Single guest only),82,t,255,44115.0,1
70.0,37,42.35075,-71.13473,Private room,29,267,4.41,Exempt: This listing is a unit that has contracts with hospitals,Allston,4,1.0,"AL/R2 Private, simple, classic room close to BU/BC",0,f,0,0.0,1
159.0,180,42.33411,-71.10557,Entire home/apt,2,170,4.64,STR-545176,Mission Hill,19,1.0,Chic 1 Bedroom - Longwood/Fenway,26,f,156,24804.0,1
150.0,253,42.391317,-71.007146,Entire home/apt,1,174,4.78,STR-591625,East Boston,1,1.0,Lovely Private Studio near Logan Airport,30,f,180,27000.0,1
145.0,73,42.28914,-71.07021,Entire home/apt,2,260,4.97,STR-536216,Dorchester,1,1.0,Cozy and Clean Ashmont Apartment,15,t,90,13050.0,1
310.0,97,42.3597,-71.06796,Entire home/apt,1,145,4.8,STR-559081,Beacon Hill,36,2.0,"(63-2) 2BR in Beacon Hill MGH, Children's, Suffolk",48,t,255,79050.0,1
217.0,336,42.35051,-71.09503,Private room,1,301,4.94,STR-446547,Fenway,7,1.0,Fenway Park Vintage Brownstone (4C),70,t,255,55335.0,1
360.0,44,42.2736,-71.07051,Entire home/apt,2,347,4.77,STR-599897,Mattapan,3,3.0,"Very spacious, brand new 3 bedroom condo",14,f,84,30240.0,1
161.0,204,42.34446,-71.1492,Entire home/apt,4,63,4.86,STR-537737,Brighton,1,4.0,"Comfortable house w garden and parking, close to T",34,t,255,41055.0,1
169.0,356,42.35087,-71.09642,Private room,1,296,4.93,STR-446547,Fenway,7,1.0,Fenway Park Brownstone-4B  (Single guest only),71,t,255,43095.0,1
230.0,2,42.34777380000001,-71.1460998,Entire home/apt,32,365,4.5,none,Brighton,343,0.0,"Blueground | Brighton, gym, nr t, shops & food",0,f,0,0.0,0
120.0,164,42.29125,-71.11996,Private room,1,24,4.98,STR-465411,Roslindale,1,1.0,Tranquil bedroom and private bath near Arboretum,32,t,192,23040.0,1
576.0,207,42.3413200378418,-71.0804443359375,Entire home/apt,2,192,4.93,STR-494380,South End,1,2.0,South End 1800sqft 2BR Audiophile Paradise,50,t,255,146880.0,1
218.0,180,42.35395,-71.05996,Entire home/apt,1,127,4.6,STR-466814,Downtown,40,0.0,Downtown Boston Studio | Fast Wifi | Keyless Entry,21,f,126,27468.0,1
200.0,251,42.34265,-71.08161,Entire home/apt,2,301,4.93,STR-454274,South End,30,0.0,Super location! 1st Floor! Walk everywhere!,50,t,255,51000.0,1
195.0,211,42.34284,-71.08127,Entire home/apt,2,302,4.89,STR-454275,South End,30,0.0,Super location! One free parking spot! Walk Walk!,42,t,252,49140.0,1
164.0,204,42.35305,-71.13796,Entire home/apt,2,307,4.86,STR-454273,Allston,30,0.0,1 Free parking spot - Large studio - First floor,40,t,240,39360.0,1
153.0,181,42.35493,-71.13795,Entire home/apt,2,311,4.87,STR-454271,Allston,30,0.0,1 Free parking spot - Harvard School of Business,26,t,156,23868.0,1
153.0,182,42.35297,-71.13949,Entire home/apt,2,313,4.82,STR-454270,Allston,30,1.0,1 Free parking spot - 1BR/1Bath - Location - Walk!,45,t,255,39015.0,1
391.0,42,42.34064,-71.08015,Entire home/apt,1,362,4.64,Exempt: This listing is a hotel or motel,South End,18,0.0,Authentic Brownstone Boston Studio!,0,f,0,0.0,1
200.0,33,42.34093,-71.07899,Entire home/apt,1,322,4.55,Exempt: This listing is a unit used for furnished institutional or business stays,South End,18,1.0,Cozy Studio With Shared Kitchen,1,f,6,1200.0,1
56.0,6,42.35929,-71.14198,Private room,91,258,4.5,none,Brighton,2,1.0,Peaceful Spacious Private Room in Allston,1,t,182,10192.0,0
116.0,213,42.35281,-71.13735,Entire home/apt,2,304,4.86,STR-454272,Allston,30,1.0,1 Free parking spot - Large bed/1 bath - Location,43,t,255,29580.0,1
198.0,72,42.3473,-71.06916,Entire home/apt,3,265,4.44,STR-415226,South End,17,1.0,Hip and Chic Studio Awaits Your Stay!,15,f,90,17820.0,1
109.0,180,42.31609,-71.06669,Private room,1,151,4.93,STR-445535,Dorchester,3,1.0,A  French Room in Boston,42,t,252,27468.0,1
170.0,243,42.34268,-71.07616,Entire home/apt,1,118,4.84,str-561975,South End,36,0.0,(T3) Fresh & Fun Studio in Heart of South End,64,t,255,43350.0,1
379.0,2,42.34777380000001,-71.1460998,Entire home/apt,32,55,5.0,none,Brighton,343,1.0,"Blueground | Brighton, gym, nr t, shops & food",0,f,0,0.0,0
185.0,116,42.355056736770834,-71.06221200170934,Entire home/apt,3,272,4.34,STR-605736,Downtown,8,1.0,Best Location Studio In Downtown Boston,28,f,168,31080.0,1
167.0,4,42.33963,-71.15732,Entire home/apt,29,325,5.0,Exempt: This listing is a unit used for furnished institutional or business stays,Brighton,33,1.0,"Sun-filled Unit, Elevator, Pool, Boston College",0,f,0,0.0,1
54.0,3,42.35887,-71.12972,Private room,91,276,5.0,none,Allston,9,1.0,"(E) Cozy bedroom near Harvard, MIT and BU",0,f,0,0.0,0
60.0,26,42.3284,-71.08941,Private room,29,47,4.31,STR-460218,Roxbury,31,1.0,Private Room in Vibrant Roxbury Co-Living APT,7,f,255,15300.0,1
199.0,75,42.35871,-71.06831,Entire home/apt,28,109,4.77,STR-543851,Beacon Hill,36,0.0,"(412)Monthly Studio, Private Patio/ Beacon Hill",30,t,255,50745.0,1
47.0,147,42.32251,-71.05736,Private room,29,364,4.83,STR-455882,Dorchester,13,1.0,G_Sunny room easy commute to Boston Downtown.,10,f,255,11985.0,1
263.0,238,42.35827,-71.05517,Entire home/apt,1,294,4.68,STR-424128,Downtown,59,1.0,Modern 1BR Downtown Boston-Milk301,45,f,255,67065.0,1
55.0,126,42.32272,-71.0554,Private room,29,358,4.9,STR-455882,Dorchester,13,1.0,E_Cozy room easy commute to Boston Downtown.,12,f,255,14025.0,1
324.0,1,42.348633,-71.074088,Entire home/apt,32,313,5.0,none,Back Bay,343,0.0,"Blueground | Back Bay, gym, nr newbury st",0,f,0,0.0,0
201.0,112,42.36355,-71.13151,Entire home/apt,29,93,4.73,STR-418699,Allston,1,1.0,"Harvard Campus, Smith Park, Convenient Location",0,t,0,0.0,1
327.0,145,42.34057,-71.05512,Entire home/apt,2,230,4.85,STR-588927,South Boston,1,2.0,Right Near Convention Center and Train Station,22,t,132,43164.0,1
251.0,38,42.2798,-71.1185,Entire home/apt,29,89,4.79,STR-419049,Roslindale,12,3.0,Best 3 Bedroom Close To Boston,0,f,0,0.0,1
211.0,127,42.3553,-71.06309,Entire home/apt,3,238,4.09,STR-605717,Downtown,3,1.0,"Stay Tonight & Enjoy Boston, Simple Studio 401",15,f,90,18990.0,1
115.0,128,42.31966,-71.10592,Entire home/apt,2,29,4.91,STR-458400,Jamaica Plain,1,1.0,Urban Guest Suite,52,f,255,29325.0,1
585.0,19,42.35041,-71.13014,Entire home/apt,29,344,4.68,STR-573738,Allston,1,3.0,Remodeled Spacious Apartment in Perfect Location,0,f,0,0.0,1
211.0,169,42.31452,-71.05971,Entire home/apt,1,231,4.85,STR-549294,Dorchester,1,3.0,Centrally  located in the heart of Boston near T,37,f,222,46842.0,1
251.0,66,42.37761,-71.06649,Entire home/apt,2,188,4.97,STR-460031,Charlestown,1,2.0,Spacious & Pet-Friendly Modern Home in Charlestown,40,t,240,60240.0,1
194.0,178,42.34689,-71.1033,Entire home/apt,1,117,4.69,str-543851,Fenway,7,1.0,(P-102) Bright 1-Bedroom Apartment in Fenway,42,f,252,48888.0,1
198.0,179,42.3226,-71.09566,Entire home/apt,2,294,4.78,STR-491852,Roxbury,1,3.0,Newly renovated 3 bedroom 10 mins from downtown,48,t,255,50490.0,1
469.0,51,42.34804,-71.07758,Private room,1,278,4.75,Exempt: This listing is a hotel or motel,Back Bay,6,1.0,Copley Queen - Copley Sq. Hotel,14,f,84,39396.0,1
214.0,1,42.3356856,-71.0428472,Entire home/apt,32,227,5.0,none,South Boston,343,1.0,"Blueground | S. Boston, e broadway",0,f,0,0.0,0
130.0,141,42.31432104753411,-71.0591618919991,Entire home/apt,1,274,4.92,STR-520772,Dorchester,2,1.0,"1 bed, 2 rooms, 4 guests Cute&new. Free parking",55,t,255,33150.0,1
190.0,80,42.28766,-71.08116,Entire home/apt,2,76,4.84,STR-590716,Dorchester,2,2.0,New renovated lovely Boston apartment for rent,11,t,66,12540.0,1
456.0,17,42.34898,-71.07794,Private room,1,272,4.71,Exempt: This listing is a hotel or motel,Back Bay,6,1.0,Cozy Double - Copley Square Hotel,7,f,42,19152.0,1
502.0,25,42.34951,-71.07754,Private room,1,271,4.8,Exempt: This listing is a hotel or motel,Back Bay,6,1.0,Copley Double Double - Copley Square Hotel,5,f,30,15060.0,1
486.0,3,42.34724,-71.07954,Private room,1,278,4.67,Exempt: This listing is a hotel or motel,Back Bay,6,1.0,Studio King - Copley Square Hotel,0,f,0,0.0,1
275.0,100,42.34417,-71.07051,Entire home/apt,3,52,4.99,STR-460809,South End,1,1.0,1 Bedroom Apartment in Boston/South End,17,t,102,28050.0,1
66.0,146,42.32244,-71.05711,Private room,29,276,4.82,STR-455882,Dorchester,13,1.0,F_Spacious room easy commute to Boston Downtown.,8,f,255,16830.0,1
613.0,201,42.35567,-71.06129,Entire home/apt,3,232,4.67,STR-460530,Downtown,59,4.0,Downtown Xing | Lots of Light | Monthly Discounts,39,f,234,143442.0,1
736.0,251,42.35395,-71.06111,Entire home/apt,3,223,4.79,STR-460529,Downtown,59,4.0,Large Ceilings | Centrally Located 4bed 2bath,70,f,255,187680.0,1
269.0,126,42.37737274169922,-71.03465270996094,Entire home/apt,1,268,4.9,STR-526923,East Boston,2,2.0,Serene Suite near Logan Intl/MBTA Airport station,68,t,255,68595.0,1
350.0,56,42.36841,-71.05425,Entire home/apt,4,283,5.0,STR-460608,North End,1,1.0,Amazing Location in Little Italy with Roof Deck,29,t,232,81200.0,1
238.0,186,42.31312982379728,-71.06575318370699,Entire home/apt,3,320,4.9,STR-545001,Dorchester,1,2.0,Modern apartment in the city,26,t,156,37128.0,1
289.0,1,42.34777380000001,-71.1460998,Entire home/apt,32,306,5.0,none,Brighton,343,1.0,"Blueground | Brighton, gym, nr t, shops & food",0,f,0,0.0,0
268.0,1,42.3646556,-71.0553714,Entire home/apt,32,136,5.0,none,North End,343,2.0,"Blueground | N. End, nr dining, on salem st",0,f,0,0.0,0
269.0,4,42.3646556,-71.0553714,Entire home/apt,32,216,4.0,none,North End,343,2.0,"Blueground | N. End, nr dining, on salem st",2,f,128,34432.0,0
256.0,239,42.34813,-71.06964,Entire home/apt,1,208,4.91,STR-459387,Bay Village,1,1.0,Charming 1 BR apartment in Historic Bay Village,52,t,255,65280.0,1
143.0,123,42.33252,-71.10491,Entire home/apt,2,173,4.67,Exempt: This listing is a hotel or motel,Mission Hill,19,0.0,Longwood/Fenway Cozy Studio,21,f,126,18018.0,1
138.0,128,42.33405,-71.10546,Entire home/apt,2,153,4.73,Exempt: This listing is a hotel or motel,Mission Hill,19,0.0,Sunny Fenway/Longwood Studio,38,f,228,31464.0,1
116.0,120,42.3338,-71.10709,Entire home/apt,2,192,4.67,STR-545178,Mission Hill,19,0.0,Efficiency Apartment - Longwood/Fenway,19,f,114,13224.0,1
337.0,32,42.318562815458954,-71.05874533662467,Entire home/apt,28,99,5.0,STR-518432,Dorchester,1,3.0,"Bright Spacious 3Br, Mins From Downtown, Parking",8,t,255,85935.0,1
350.0,12,42.35819625854492,-71.06234741210938,Entire home/apt,29,282,5.0,none,Downtown,1,2.0,Spectacular views in a spacious Beacon Hill 2bd2ba,2,t,116,40600.0,0
330.0,1,42.348761,-71.048577,Entire home/apt,32,292,5.0,none,South Boston Waterfront,343,1.0,"Blueground | Fort Point, laundry & gym",0,f,0,0.0,0
831.0,128,42.35530607874658,-71.06086875999847,Entire home/apt,1,8,4.68,STR-466835,Downtown,39,4.0,Great Location | 4bed Loft | Parking Optional,52,f,255,211905.0,1
84.0,74,42.31656,-71.05445,Private room,2,352,4.82,STR-553034,Dorchester,1,1.0,Private bedroom located in family-owned apartment,9,t,54,4536.0,1
411.0,235,42.35087,-71.08365,Private room,1,308,4.66,LB-101745,Back Bay,16,0.0,Sonder No. 284 Back Bay | Queen Room+,91,f,255,104805.0,1
502.0,13,42.34994,-71.08552,Private room,1,257,4.46,LB-101745,Back Bay,16,0.0,Sonder No. 284 Back Bay | King Room+,4,f,24,12048.0,1
416.0,21,42.34999,-71.08554,Private room,1,291,4.43,LB-101745,Back Bay,16,0.0,Sonder No. 284 Back Bay | Ground-Level Queen Room+,8,f,48,19968.0,1
542.0,98,42.35,-71.08573,Private room,1,280,4.73,LB-101745,Back Bay,16,1.0,Sonder No. 284 Back Bay | Queen Suite+,49,f,255,138210.0,1
403.0,12,42.34947,-71.08357,Private room,1,301,4.25,LB-101745,Back Bay,16,0.0,Sonder No. 284 Back Bay | Superior Queen Room+,4,f,24,9672.0,1
224.0,21,42.34935,-71.08364,Private room,1,275,4.81,LB-101745,Back Bay,16,0.0,Sonder No. 284 Back Bay | Accessible Queen Room+,11,f,66,14784.0,1
312.0,139,42.375179,-71.048897,Entire home/apt,4,192,4.95,STR-461756,Charlestown,1,2.0,2BR Spacious Yacht - Heat & AC - On Freedom Trail,25,t,200,62400.0,1
335.0,1,42.36497,-71.06887,Entire home/apt,32,347,1.0,none,West End,343,1.0,"Blueground | Beacon Hill, great views & gym",1,f,64,21440.0,0
304.0,1,42.36497,-71.06887,Entire home/apt,32,316,4.0,none,West End,343,1.0,"Blueground | Beacon Hill, great views & gym",0,f,0,0.0,0
196.0,38,42.33488,-71.04432,Entire home/apt,29,118,4.92,Exempt: This listing is a unit that has contracts with hospitals,South Boston,18,2.0,Brand New 2 BR | 1 BA in So. BOS #1,1,t,58,11368.0,1
105.0,233,42.3381,-71.04014,Entire home/apt,29,302,4.83,STR-399339,South Boston,3,0.0,"Adorable private suite with a private entrance and bathroom close to Downtown, Seaport District and The BCEC",0,t,0,0.0,1
341.0,244,42.34974,-71.08624,Entire home/apt,1,144,4.85,STR-571648,Back Bay,36,1.0,"(N2F) Bay Windows, Newbury, Prime Location!",47,t,255,86955.0,1
255.0,229,42.34896,-71.08641,Entire home/apt,1,125,4.85,STR-543851,Back Bay,36,0.0,"(N3R) Clean and Comfortable Studio, Top Location!",43,t,255,65025.0,1
301.0,207,42.34754,-71.08574,Entire home/apt,1,140,4.9,STR-571657,Back Bay,36,1.0,"(N3F) Beautiful View, Back Bay, Brownstone Newbury",40,t,240,72240.0,1
310.0,136,42.35575,-71.05828,Entire home/apt,1,236,4.71,STR-466813,Downtown,40,1.0,Newly Designed Loft | Fast Wifi | Pet Friendly,19,f,114,35340.0,1
593.0,217,42.35532045908428,-71.06090927153579,Entire home/apt,3,237,4.71,STR-461814,Downtown,59,4.0,Beautiful 4br 2br | Downtown Xing | High Ceilings,50,f,255,151215.0,1
96.0,109,42.31283,-71.07694,Entire home/apt,3,335,4.79,STR-545041,Dorchester,1,1.0,Relaxing Chill Spot with parking on premises.,31,f,186,17856.0,1
462.0,1,42.36455,-71.0687657,Entire home/apt,32,275,1.0,none,West End,343,2.0,"Blueground | Beacon Hill, great views & gym",0,f,0,0.0,0
896.0,75,42.33483,-71.02683,Entire home/apt,2,245,4.99,STR-418682,South Boston,1,4.0,Luxury 4 bed Boston home near beach w/roof deck,24,t,144,129024.0,1
59.0,268,42.3478,-71.15407,Private room,1,124,4.92,STR-530798,Brighton,1,1.0,Clean room with Free parking,70,t,255,15045.0,1
220.0,1,42.34173,-71.07639,Private room,3,7,5.0,STR-447997,South End,6,1.0,The 1863 House Bed and Breakfast Room 3,0,t,0,0.0,1
81.0,240,42.3777,-71.0358,Private room,1,20,4.25,STR-445805,East Boston,3,1.0,Room walking to Airport & Subway & Stores,49,f,255,20655.0,1
355.0,76,42.2904167175293,-71.136474609375,Entire home/apt,3,194,4.71,STR-461034,Roslindale,3,3.0,“Arboretum Retreat” city of Boston,19,t,114,40470.0,1
79.0,234,42.3764,-71.03553,Private room,1,17,4.49,STR-445805,East Boston,3,1.0,Small Cozy Room walk to Subway Airport,68,f,255,20145.0,1
1000.0,62,42.359943,-71.063461,Entire home/apt,4,218,5.0,STR-460986,Beacon Hill,1,4.0,"Beacon Hill townhouse, 4 bedroom gem",16,t,128,128000.0,1
344.0,1,42.35119,-71.06402,Entire home/apt,32,132,5.0,none,Downtown,343,1.0,"Blueground | Downtown, amenities & rooftop views",0,f,0,0.0,0
192.0,124,42.37798,-71.03817,Entire home/apt,2,43,4.86,STR-434812,East Boston,2,1.0,Cozy Private 1BR/1BA in Modern Home Near Airport,9,t,54,10368.0,1
358.0,1,42.3511858,-71.06401699999999,Entire home/apt,32,132,5.0,none,Downtown,343,1.0,"Blueground | Downtown, amenities & rooftop views",0,f,0,0.0,0
110.0,7,42.33848,-71.15228,Entire home/apt,30,314,3.86,none,Brighton,58,2.0,109S14 | The Strathmore 14 w/AC | 2BR 1B | Private,2,f,120,13200.0,0
326.0,185,42.31848,-71.0729,Entire home/apt,1,308,4.72,STR-460774,Roxbury,1,4.0,Stylish Spacious Guests House,40,f,240,78240.0,1
113.0,7,42.280727,-71.074799,Entire home/apt,29,53,4.86,STR-520523,Dorchester,1,2.0,"Close to Downtown, pets friendly, Free Parking!",0,f,0,0.0,1
61.0,9,42.37813,-71.03303,Private room,29,280,5.0,none,East Boston,5,1.0,Charming bedthroom and upscale apartment.,2,f,116,7076.0,0
239.0,124,42.32321,-71.06031,Entire home/apt,3,139,4.87,STR-546622,Dorchester,1,4.0,"Rare 3.5 bed apt, super location Boston, +parking",30,t,180,43020.0,1
315.0,1,42.365947,-71.063473,Entire home/apt,32,142,5.0,none,Downtown,343,0.0,"Blueground | N Station, gym, nr boston landmarks",0,f,0,0.0,0
95.0,56,42.32269,-71.09473,Private room,2,350,4.68,STR-545899,Roxbury,5,1.0,Comfortable King bedroom,17,f,102,9690.0,1
429.0,10,42.36,-71.12897,Entire home/apt,29,270,4.8,STR-460052,Allston,1,2.0,ENTIRE RENTAL UNIT  TWO BED  WITH PARKING,0,f,0,0.0,1
275.0,1,42.364968,-71.06887,Entire home/apt,32,85,5.0,none,West End,343,1.0,"Blueground | Beacon Hill, great views & gym",0,f,0,0.0,0
765.0,132,42.36498,-71.05327,Entire home/apt,2,251,4.95,STR-537315,North End,1,3.0,North End Family Villa,41,t,246,188190.0,1
155.0,87,42.30486,-71.12977,Entire home/apt,4,119,4.93,STR-463838,Jamaica Plain,1,1.0,Private Guest Suite with Parking & Fire Pit,23,t,184,28520.0,1
208.0,113,42.35504531860352,-71.06221008300781,Entire home/apt,2,252,4.41,STR-605729,Downtown,6,1.0,"Big Saving, Stay In Boston, Close to Everywhere!",19,f,114,23712.0,1
270.0,71,42.35504531860352,-71.06221008300781,Entire home/apt,2,274,4.21,STR-605734,Downtown,6,1.0,Downtown Stylish Boston Studio,12,f,72,19440.0,1
221.0,88,42.35505,-71.06221,Entire home/apt,2,262,4.43,STR-605721,Downtown,6,1.0,Experience Boston At It’s Finest!,22,f,132,29172.0,1
55.0,9,42.3798,-71.03361,Private room,29,283,4.89,none,East Boston,5,1.0,Peaceful bedroom in upscale apartment,2,f,116,6380.0,0
432.0,60,42.36662,-71.03784,Entire home/apt,1,0,4.93,STR-544991,East Boston,3,2.0,Best Location in Boston!,21,t,126,54432.0,1
259.0,1,42.34621,-71.06301,Entire home/apt,32,286,5.0,none,South End,343,0.0,"Blueground | S. End, nr ink block, w/d & gym",0,f,0,0.0,0
257.0,1,42.34621,-71.06301,Entire home/apt,32,151,5.0,none,South End,343,0.0,"Blueground | S. End, nr ink block, w/d & gym",1,f,64,16448.0,0
90.0,26,42.27124,-71.10898,Entire home/apt,10,82,4.81,STR-546280,Hyde Park,2,1.0,BeautIful apartment in a quiet area.,6,t,120,10800.0,1
402.0,39,42.27724,-71.07475,Entire home/apt,4,330,4.9,Str-551845,Mattapan,1,5.0,Cozy home with free parking,18,t,144,57888.0,1
272.0,2,42.35118,-71.08697,Entire home/apt,32,66,4.0,none,Back Bay,343,1.0,"Blueground | Back Bay, nr restaurants & shopping",0,f,0,0.0,0
116.0,2,42.3405,-71.15032,Entire home/apt,30,249,4.0,none,Brighton,58,2.0,109S9 | The Strathmore 9 w/AC | 2BR 1B | Private,0,f,0,0.0,0
52.0,2,42.32318,-71.06123,Private room,30,360,5.0,none,Dorchester,58,1.0,230B1.3 | The Dorset Redline | 3BR 1B w/AC | Rm #3,1,f,60,3120.0,0
237.0,5,42.33182,-71.11009,Entire home/apt,30,313,4.2,Exempt: This listing is a unit used for furnished institutional or business stays,Mission Hill,58,5.0,39S1 | Huge 4BR 2BA w/AC & W/D 75ft to Greenline!,2,f,120,28440.0,1
174.0,44,42.29047,-71.13168,Entire home/apt,29,88,4.98,STR-544910,Roslindale,1,1.0,Chic Renovated Suite w/ King Bed & Private Porch,0,f,0,0.0,1
294.0,1,42.351397,-71.043191,Entire home/apt,32,196,5.0,none,South Boston Waterfront,343,1.0,"Blueground | Seaport, gym, nr harbor",0,f,0,0.0,0
276.0,1,42.35892,-71.05416,Entire home/apt,32,124,3.0,none,Downtown,343,1.0,"Blueground | Downtown, gym, nr faneuil hall",0,f,0,0.0,0
166.0,39,42.348365783691406,-71.06988525390625,Entire home/apt,2,273,4.0,STR-415223,Bay Village,17,1.0,Welcome to Boston! Book Now,11,f,66,10956.0,1
131.0,12,42.27159,-71.10932,Entire home/apt,10,330,4.92,STR-414417,Hyde Park,2,1.0,Lovely 1 bedroom upstairs apartment all private,2,t,40,5240.0,1
147.0,36,42.3005,-71.08394,Entire home/apt,3,56,4.75,STR-419049,Dorchester,12,1.0,Great 1 Bedroom w/ Free Parking,23,f,138,20286.0,1
85.0,25,42.30013,-71.0857,Entire home/apt,29,56,4.48,STR-419040,Dorchester,12,1.0,Best 1 Bedroom Nr. Franklin Park w/ Free Parking !,0,f,0,0.0,1
178.0,218,42.34264,-71.07674,Entire home/apt,1,117,4.78,str-561975,South End,36,0.0,"(T2) Bay Windows, Delicious Pizza, Prime Location!",65,t,255,45390.0,1
174.0,111,42.348419189453125,-71.06983947753906,Entire home/apt,3,276,4.36,STR-415222,Bay Village,17,1.0,Perfect For Solo Travelers Or Friends!,11,f,66,11484.0,1
315.0,55,42.34977,-71.08612,Entire home/apt,1,77,4.71,Exempt: This listing is a hotel or motel,Back Bay,57,1.0,Thatch™ Newbury Street | One-Bedroom Apt. #1,12,f,72,22680.0,1
282.0,120,42.28784,-71.06787,Entire home/apt,2,213,4.95,STR-386945,Dorchester,3,3.0,🎖The Ashmont Suite | Close to Subway + Downtown🎖,53,t,255,71910.0,1
234.0,1,42.34218,-71.07845,Entire home/apt,1,321,5.0,LB-434068,South End,18,1.0,Stylish Studio With Shared Kitchen,0,f,0,0.0,1
475.0,1,42.34863,-71.07409,Entire home/apt,32,365,5.0,none,Back Bay,343,1.0,"Blueground | Back Bay, w/d & gym, nr copley sq",0,f,0,0.0,0
62.0,3,42.35841,-71.12858,Private room,91,273,5.0,none,Allston,9,1.0,"(B) Cozy bedroom near BU, Harvard & MIT",0,f,0,0.0,0
52.0,19,42.37919,-71.03519,Private room,29,192,5.0,none,East Boston,5,1.0,Cozy Bedroom in an Upscale Apartment,5,f,255,13260.0,0
299.0,39,42.34929,-71.08407,Entire home/apt,1,58,4.72,Exempt: This listing is a hotel or motel,Back Bay,57,1.0,Thatch™ Newbury Street | One-Bedroom Apt. #2,11,f,66,19734.0,1
334.0,70,42.348644,-71.085091,Entire home/apt,1,66,4.9,Exempt: This listing is a hotel or motel,Back Bay,57,1.0,Thatch™ Newbury | One Bedroom | Apt #3,23,f,138,46092.0,1
296.0,53,42.348644,-71.085091,Entire home/apt,1,75,4.77,Exempt: This listing is a hotel or motel,Back Bay,57,1.0,Thatch™ Newbury Street | One-Bedroom Apt. #4,23,f,138,40848.0,1
292.0,53,42.34798,-71.08406,Entire home/apt,1,68,4.68,Exempt: This listing is a hotel or motel,Back Bay,57,1.0,Thatch™ Newbury Street | One-Bedroom Apt. #5,16,f,96,28032.0,1
310.0,46,42.34786,-71.08623,Entire home/apt,1,52,4.65,Exempt: This listing is a hotel or motel,Back Bay,57,1.0,Thatch™ Newbury Street | One-Bedroom Apt. #6,7,f,42,13020.0,1
493.0,1,42.348633,-71.074088,Entire home/apt,32,267,5.0,none,Back Bay,343,1.0,"Blueground | Back Bay, w/d & gym, nr copley sq",0,f,0,0.0,0
108.0,28,42.25041,-71.12739,Entire home/apt,15,361,4.93,STR-468015,Hyde Park,2,1.0,Beautiful space in Beautiful home!!,2,t,60,6480.0,1
975.0,45,42.29853,-71.06139,Entire home/apt,2,65,4.89,STR-463794,Dorchester,4,8.0,Unique 2 floors 8 beds 4 bath public transit,12,t,72,70200.0,1
257.0,75,42.35938,-71.0701,Entire home/apt,1,62,4.8,Exempt: This listing is a hotel or motel,Beacon Hill,57,1.0,"Beacon Hill, J. Miller Flats -Studio Apt #3",21,f,126,32382.0,1
235.0,65,42.35925,-71.07145,Entire home/apt,1,69,4.82,Exempt: This listing is a hotel or motel,Beacon Hill,57,1.0,"Beacon Hill, J. Miller Flats - Studio Flat #5",17,f,102,23970.0,1
276.0,93,42.358532,-71.070816,Entire home/apt,1,67,4.83,Exempt: This listing is a hotel or motel,Beacon Hill,57,1.0,"Beacon Hill, J. Miller Flats - 1 Bedroom Flat #2",33,f,198,54648.0,1
263.0,46,42.358532,-71.070816,Entire home/apt,1,65,4.54,Exempt: This listing is a hotel or motel,Beacon Hill,57,1.0,"Beacon Hill, J. Miller Flats - 1 Bedroom Flat #4",5,f,30,7890.0,1
248.0,95,42.358532,-71.070816,Entire home/apt,1,73,4.74,Exempt: This listing is a hotel or motel,Beacon Hill,57,1.0,"Beacon Hill, J. Miller Flats - 1 Bedroom Flat #6",23,f,138,34224.0,1
218.0,44,42.358532,-71.070816,Entire home/apt,1,64,4.86,Exempt: This listing is a hotel or motel,Beacon Hill,57,1.0,"Beacon Hill, J. Miller Flats - Studio Flat #7",15,f,90,19620.0,1
253.0,50,42.358532,-71.070816,Entire home/apt,1,66,4.84,Exempt: This listing is a hotel or motel,Beacon Hill,57,1.0,"Beacon Hill, J. Miller Flats- 1 Bedroom Flat #8",19,f,114,28842.0,1
85.0,33,42.30628,-71.07934,Private room,29,270,4.58,Exempt: This listing is a unit used for furnished institutional or business stays,Dorchester,2,1.0,Welcoming Boston room with free parking,0,f,0,0.0,1
85.0,44,42.30737,-71.07952,Private room,91,365,4.8,Exempt: This listing is a unit used for furnished institutional or business stays,Dorchester,2,1.0,Masters bed room in Boston with free parking,0,f,0,0.0,1
452.0,272,42.34344,-71.10094,Entire home/apt,1,302,4.73,Exempt: This listing is a hotel or motel,Fenway,16,1.0,Sonder at Pierce Boston | One-Bedroom Apartment,61,f,255,115260.0,1
495.0,3,42.35082,-71.07943,Entire home/apt,90,59,5.0,STR-468139,Back Bay,1,2.0,Back Bay Condo Entire Floor w/ Private Elevator,0,t,0,0.0,1
311.0,81,42.34431,-71.1009,Entire home/apt,1,255,4.72,Exempt: This listing is a hotel or motel,Fenway,16,0.0,Sonder at Pierce Boston | Accessible Queen Studio,13,f,78,24258.0,1
692.0,258,42.34407,-71.10296,Entire home/apt,1,289,4.71,Exempt: This listing is a hotel or motel,Fenway,16,2.0,Sonder at Pierce Boston | Two-Bedroom Apartment,43,f,255,176460.0,1
178.0,351,42.35989,-71.06651,Entire home/apt,1,199,4.82,STR-465433,Beacon Hill,2,1.0,Beacon Hills Studio next to State house 3,94,t,255,45390.0,1
200.0,233,42.31625,-71.0771,Entire home/apt,2,315,4.95,STR-599465,Roxbury,3,3.0,Modern & Cozy 3-BR Condo near Downtown,34,t,204,40800.0,1
300.0,8,42.25812,-71.12023,Private room,2,363,4.13,STR-476185,Hyde Park,1,3.0,CSK Palour  lovely 3 bedrooms,1,f,6,1800.0,1
402.0,215,42.34479,-71.10123,Entire home/apt,1,295,4.72,Exempt: This listing is a hotel or motel,Fenway,16,0.0,Sonder at Pierce Boston | Queen Studio Apartment,45,f,255,102510.0,1
1228.0,109,42.34303,-71.10301,Entire home/apt,1,266,4.81,Exempt: This listing is a hotel or motel,Fenway,16,3.0,Sonder at Pierce Boston | Three-Bedroom Apartment,35,f,210,257880.0,1
139.0,373,42.3608,-71.14287,Entire home/apt,1,212,4.82,STR-524680,Brighton,1,1.0,Cozy Stay Near Harvard/BU/BC With Parking,96,f,255,35445.0,1
194.0,132,42.34133,-71.0755,Entire home/apt,1,155,4.67,str-561975,South End,36,0.0,"(T7) Clean, Easy, Prime Location, Walkable to all!",26,t,156,30264.0,1
96.0,28,42.33672,-71.04591,Private room,1,50,3.82,Exempt: This listing is a hotel or motel,South Boston,57,1.0,Thatch Quarters™ | Pvt. Room in Southie | 101 DOT,5,f,30,2880.0,1
241.0,8,42.33808,-71.14987,Entire home/apt,29,333,4.63,Exempt: This listing is a unit used for furnished institutional or business stays,Brighton,33,1.0,Sun-Filled w/ City Views public transportation,0,f,0,0.0,1
108.0,14,42.34201,-71.05557,Private room,2,45,4.64,Exempt: This listing is a hotel or motel,South Boston,57,1.0,Thatch Quarters™ | Pvt. Room in Southie | #202,9,f,54,5832.0,1
83.0,6,42.35664,-71.07152,Private room,29,61,4.5,Exempt: This listing is a unit used for furnished institutional or business stays,Beacon Hill,6,1.0,Stay Next to Public Garden | Back Bay |MGH,2,f,116,9628.0,1
112.0,16,42.34181,-71.05633,Private room,2,62,4.31,Exempt: This listing is a hotel or motel,South Boston,57,1.0,Thatch Quarters | Pvt. Room in Southie | 203,4,f,24,2688.0,1
111.0,21,42.34343,-71.05575,Private room,1,61,4.0,Exempt: This listing is a hotel or motel,South Boston Waterfront,57,1.0,Thatch Quarters™ | Pvt. Room in Southie | 204,6,f,36,3996.0,1
114.0,37,42.34241,-71.05772,Private room,1,54,4.65,Exempt: This listing is a hotel or motel,South Boston,57,1.0,Thatch Quarters™ | Pvt. Room in Southie | 302,12,f,72,8208.0,1
139.0,62,42.3452,-71.0728,Entire home/apt,28,86,4.85,STR-607146,South End,36,0.0,(37-2) Stylish Monthly Gray Street Apartment,17,t,255,35445.0,1
285.0,8,42.2683523887178,-71.09562906010238,Entire home/apt,29,274,4.88,STR-524800,Mattapan,1,1.0,One Bedroom Minutes from Train & Downtown Boston,0,f,0,0.0,1
108.0,29,42.3430459867776,-71.05572826729508,Entire home/apt,2,56,4.0,Exempt: This listing is a hotel or motel,South Boston,57,1.0,WB Quarters by Thatch | Room 304 | Shared BA,5,f,30,3240.0,1
107.0,58,42.34316,-71.0557,Private room,2,44,4.52,Exempt: This listing is a hotel or motel,South Boston,57,1.0,Thatch Quarters™ | Pvt. Room in Southie | 305,18,f,108,11556.0,1
107.0,29,42.34151,-71.05573,Private room,2,65,4.45,Exempt: This listing is a hotel or motel,South Boston,57,1.0,Thatch Quarters™ | Pvt. Room in Southie | 306,13,f,78,8346.0,1
110.0,39,42.34348,-71.05727,Private room,2,55,4.41,Exempt: This listing is a hotel or motel,South Boston,57,1.0,Thatch Quarters™ | Pvt. Room in Southie | 402,7,f,42,4620.0,1
109.0,19,42.3431,-71.05742,Private room,2,47,4.26,Exempt: This listing is a hotel or motel,South Boston,57,1.0,Thatch Quarters™ | Pvt. Room in Southie | 403,7,f,42,4578.0,1
104.0,23,42.34177,-71.05555,Private room,2,36,4.17,Exempt: This listing is a hotel or motel,South Boston,57,1.0,Thatch Quarters™ | Pvt. Room in Southie | 404,5,f,30,3120.0,1
118.0,20,42.34311,-71.05769,Private room,2,53,4.2,Exempt: This listing is a hotel or motel,South Boston,57,1.0,Thatch Quarters™ | Pvt. Room in Southie | 405,5,f,30,3540.0,1
197.0,102,42.30843,-71.06155,Entire home/apt,2,36,4.69,STR-545050,Dorchester,1,2.0,Lovely 2BR with private parking 15-20m to Downtown,16,f,96,18912.0,1
97.0,66,42.33654,-71.04408,Private room,2,48,4.35,Exempt: This listing is a hotel or motel,South Boston,57,1.0,Thatch Quarters™ | Pvt. Room in Southie | 103 DOT,20,f,120,11640.0,1
96.0,28,42.33683,-71.04604,Private room,2,50,3.5,Exempt: This listing is a hotel or motel,South Boston,57,1.0,Thatch Quarters™ | Pvt. Room in Southie | 104 DOT,8,f,48,4608.0,1
96.0,35,42.33668,-71.04592,Private room,2,58,3.94,Exempt: This listing is a hotel or motel,South Boston,57,1.0,Thatch Quarters™ | Pvt. Room in Southie | 202 DOT,14,f,84,8064.0,1
96.0,29,42.33465,-71.04447,Private room,2,63,3.79,none,South Boston,57,1.0,Thatch Quarters™ | Pvt. Room in Southie | 201 DOT,3,f,18,1728.0,0
117.0,22,42.33476,-71.04544,Private room,2,60,3.91,Exempt: This listing is a hotel or motel,South Boston,57,1.0,Thatch Quarters™ | Pvt. Room in Southie | 203 DOT,5,f,30,3510.0,1
225.0,291,42.34945,-71.09717,Private room,1,292,4.97,STR-446547,Fenway,7,1.0,Fenway Park Vintage Brownstone (2C),83,t,255,57375.0,1
117.0,40,42.33462,-71.04459,Private room,2,59,4.03,Exempt: This listing is a hotel or motel,South Boston,57,1.0,Thatch Quarters™ | Pvt. Room in Southie | 302 DOT,7,f,42,4914.0,1
273.0,14,42.36516,-71.05531,Entire home/apt,9,237,4.64,STR-476426,North End,14,2.0,Central 2 Bed in North End; Near Waterfront &Shops,1,f,18,4914.0,1
96.0,33,42.33512,-71.04409,Private room,2,56,4.27,Exempt: This listing is a hotel or motel,South Boston,57,1.0,Thatch Quarters™ | Pvt. Room in Southie | 303 DOT,13,f,78,7488.0,1
312.0,1,42.365719,-71.0553517,Entire home/apt,32,335,1.0,none,North End,343,2.0,"Blueground | N. End, w/d on salem st, nr dining",0,f,0,0.0,0
343.0,1,42.365947,-71.063473,Entire home/apt,32,176,5.0,none,Downtown,343,0.0,"Blueground | N Station, gym & w/d, nr td garden",0,f,0,0.0,0
400.0,1,42.365947,-71.063473,Entire home/apt,32,206,4.0,none,Downtown,343,1.0,"Blueground | N Station, gym & w/d, nr td garden",0,f,0,0.0,0
171.0,10,42.34009427549511,-71.07131623063711,Entire home/apt,1,335,4.5,STR-594040,South End,1,1.0,Boston’s Historic South End!,10,f,60,10260.0,1
117.0,30,42.33528074215172,-71.04608726246296,Entire home/apt,2,54,3.97,Exempt: This listing is a hotel or motel,South Boston,57,1.0,Thatch Quarters| Pvt. Bunk Room in Southie | 304,9,f,54,6318.0,1
96.0,39,42.3348,-71.04473,Private room,2,57,4.38,Exempt: This listing is a hotel or motel,South Boston,57,1.0,Thatch Quarters™ | Pvt. Bunk Room in Southie | 305,15,f,90,8640.0,1
52.0,106,42.32062,-71.0568,Private room,29,360,4.76,STR-455882,Dorchester,13,1.0,I_Cozy room easy commute to Boston Downtown.,8,f,255,13260.0,1
334.0,1,42.3511858,-71.06401699999999,Entire home/apt,32,162,4.0,none,Downtown,343,1.0,"Blueground | Theatre District, gym, nr boylston t",0,f,0,0.0,0
111.0,238,42.38032,-71.02937,Entire home/apt,1,294,4.75,STR-519465,East Boston,1,1.0,Eagle's Landing - Logan Airport,100,f,255,28305.0,1
303.0,1,42.34518,-71.08706,Entire home/apt,32,147,5.0,none,Fenway,343,1.0,"Blueground | Symphony, doorman & biz center",0,f,0,0.0,0
115.0,5,42.32745,-71.0943,Entire home/apt,91,217,5.0,none,Roxbury,4,2.0,Lovely two bedroom apartment on a 2 floor unit.,1,f,182,20930.0,0
238.0,40,42.343246607901605,-71.076681302475,Entire home/apt,30,311,4.98,STR-472289,South End,1,1.0,Private 1 Queen Bed S.End Sunroom (no smoke/pet),6,f,255,60690.0,1
498.0,1,42.29725,-71.06725,Entire home/apt,29,364,5.0,STR-465016,Dorchester,1,6.0,The Boston Chateau,1,t,58,28884.0,1
303.0,49,42.36079,-71.12893,Entire home/apt,2,300,4.94,STR-493345,Allston,1,2.0,Recently Renovated Allston 2 Bdr Apt Near Harvard,21,t,126,38178.0,1
258.0,41,42.30805,-71.07671,Entire home/apt,3,224,5.0,STR-548110,Dorchester,1,3.0,"Charming Urban Oasis- 3-BR Apt, Centrally Located",15,f,90,23220.0,1
338.0,1,42.348633,-71.074088,Entire home/apt,32,222,5.0,none,Back Bay,343,0.0,"Blueground | Back Bay, gym, nr newbury st",0,f,0,0.0,0
596.0,80,42.2865,-71.03959,Entire home/apt,1,342,4.85,STR-604741,Dorchester,4,5.0,"(DR79) Spacious Home, Near City, w/d Roof Deck!",10,t,60,35760.0,1
279.0,165,42.36495,-71.05249,Entire home/apt,5,325,4.92,STR-472277,North End,23,1.0,Prime Central 1brm in North End Boston,37,t,255,71145.0,1
63.0,17,42.28263473510742,-71.12765502929688,Private room,5,343,4.88,STR-476790,Roslindale,2,1.0,Welcoming large bedroom,4,f,40,2520.0,1
120.0,9,42.35805,-71.06792,Entire home/apt,29,211,4.22,none,Beacon Hill,8,1.0,Lovely 1 bedroom apartment in downtown Boston,0,t,0,0.0,0
334.0,24,42.32543,-71.10734,Entire home/apt,2,88,4.96,STR-589926,Jamaica Plain,1,4.0,Family-friendly House at Prime Location,13,t,78,26052.0,1
130.0,5,42.35823565460668,-71.06924159274057,Entire home/apt,29,207,4.8,none,Beacon Hill,8,2.0,Comfortable 2-bedroom apartment in downtown Boston,1,t,58,7540.0,0
216.0,128,42.35504531860352,-71.06221008300781,Entire home/apt,2,235,4.32,STR-605731,Downtown,8,1.0,Studio in the Heart of Boston!,46,f,255,55080.0,1
288.0,6,42.33626,-71.08569,Entire home/apt,30,282,4.67,Exempt: This listing is a unit used for furnished institutional or business stays,Roxbury,33,2.0,"South End,2 bed, in unit lau,cen air, Northeastern",0,f,0,0.0,1
189.0,20,42.32789,-71.08992,Entire home/apt,1,5,4.3,STR-460218,Roxbury,31,4.0,Modern & Spacious 4-Bedroom Apartment in Roxbury,8,f,48,9072.0,1
218.0,127,42.34074,-71.07696,Entire home/apt,1,154,4.81,str-561975,South End,36,0.0,(T5) Prime Location! Great Restaurants! SE Studio!,24,t,144,31392.0,1
194.0,112,42.330807,-71.112587,Entire home/apt,3,219,4.91,STR-544938,Mission Hill,3,2.0,"2Bedroom - WALK to subway, hospitals, food, & more",31,t,186,36084.0,1
155.0,86,42.35504531860352,-71.06221008300781,Private room,2,259,4.27,STR-605700,Downtown,8,1.0,"Boston Studio, Ready For Long & Short Stays",11,f,66,10230.0,1
162.0,11,42.35624,-71.07335,Entire home/apt,30,68,4.36,Exempt: This listing is a unit used for furnished institutional or business stays,Beacon Hill,6,1.0,City Oasis | Step into Public Garden & Back Bay,3,f,180,29160.0,1
60.0,13,42.32633,-71.09019,Private room,29,39,4.23,STR-460218,Roxbury,31,0.0,"Modern Private Room, Minutes from Downtown Boston",2,f,116,6960.0,1
96.0,67,42.34344,-71.15595,Private room,29,262,4.9,STR-439464,Brighton,4,1.0,Paris style bedroom in a quiet Boston area,10,t,255,24480.0,1
145.0,5,42.3613,-71.06494,Entire home/apt,29,230,4.6,none,West End,8,2.0,Cozy 2-bedroom apartment in downtown Boston,0,t,0,0.0,0
257.0,25,42.37155,-71.04287,Private room,4,176,4.52,Exempt: This listing is a hotel or motel,East Boston,1,1.0,"Full 1 BDR Apt W/ Harbor Front, Skyline Views",0,f,0,0.0,1
196.0,6,42.34868,-71.13847,Entire home/apt,29,277,4.83,STR-148098,Allston,1,1.0,"1 Bdrm Condo w Parking, near BU BC, St Elizabeth",3,t,174,34104.0,1
76.0,2,42.29677,-71.08227,Private room,91,274,5.0,none,Dorchester,3,1.0,"Nice, private bedroom in Boston, close to T.",2,f,255,19380.0,0
274.0,2,42.35085,-71.08205,Entire home/apt,29,69,4.5,Exempt: This listing is a unit used for furnished institutional or business stays,Back Bay,6,1.0,Lovely Studio | Walk to Prudential & Newbury St,0,f,0,0.0,1
165.0,23,42.29756,-71.11414,Entire home/apt,2,33,5.0,STR-584222,Jamaica Plain,1,0.0,Stylish 1BR apartment near Arboretum + Peloton Row,23,t,138,22770.0,1
345.0,36,42.33391,-71.05338,Entire home/apt,2,336,4.81,STR-468136,South Boston,2,2.0,Lovely Two Bedroom Condo in South Boston,6,t,36,12420.0,1
365.0,1,42.36595,-71.06347,Entire home/apt,32,292,4.0,none,Downtown,343,1.0,"Blueground | Somerville, gym & w/d, nr green line",0,f,0,0.0,0
46.0,18,42.36149,-71.14515,Private room,29,307,4.28,STR-461419,Brighton,31,1.0,Sunlit Corner Room in Shared Apt Near Everything,1,f,58,2668.0,1
139.0,95,42.346661,-71.139252,Entire home/apt,2,6,4.95,STR-479831,Brighton,1,1.0,Brookline Brighton Allston private studio  Parking,14,f,84,11676.0,1
58.0,1,42.27189,-71.11775,Private room,29,87,5.0,none,Hyde Park,1,1.0,1 bedroom in owner-occupied condo.,0,f,0,0.0,0
117.0,4,42.32107,-71.05923,Entire home/apt,31,365,5.0,none,Dorchester,9,0.0,Boston studio close to JFK Station,1,f,62,7254.0,0
119.0,1,42.31967,-71.05772,Entire home/apt,31,360,5.0,none,Dorchester,9,0.0,Boston New One bedroom close to JFK station,0,f,0,0.0,0
89.0,3,42.32087,-71.05931,Entire home/apt,31,275,4.67,none,Dorchester,7,0.0,Studio in Boston close to T and shopping,0,t,0,0.0,0
125.0,1,42.31968,-71.0574,Entire home/apt,31,360,5.0,none,Dorchester,7,1.0,"Boston new one bedroom, close to T and beach",0,t,0,0.0,0
494.0,33,42.28162,-71.12219,Entire home/apt,3,22,4.91,STR-464402,Roslindale,3,3.0,"Gorgeous 3-story, 3-bedroom home",5,t,30,14820.0,1
250.0,6,42.35063934326172,-71.08123779296875,Entire home/apt,40,179,5.0,none,Back Bay,1,1.0,Stylish living in the heart of Backbay new in Abnb,2,f,160,40000.0,0
191.0,39,42.274357,-71.088326,Entire home/apt,2,339,4.92,STR-480898,Mattapan,1,0.0,Cozy studio with kitchenette and private bathroom,13,f,78,14898.0,1
283.0,1,42.32992410000001,-71.1043268,Entire home/apt,32,131,4.0,none,Mission Hill,343,2.0,"Blueground | Longwood, nr green & orange lines",0,f,0,0.0,0
43.0,29,42.3525,-71.16243,Private room,1,329,4.24,STR-484106,Brighton,31,1.0,Charming Getaway with Smart TV and Full Kitchen,13,f,78,3354.0,1
325.0,39,42.344532,-71.079376,Entire home/apt,3,39,4.97,STR-566476,South End,6,1.0,"Cozy, adorable 1 bedroom private apartment M365-2",10,t,60,19500.0,1
288.0,4,42.33729,-71.08545,Entire home/apt,30,282,5.0,Exempt: This listing is a unit used for furnished institutional or business stays,Roxbury,9,2.0,"South End,2 bed, in unit lau,cen air, Northeastern",0,f,0,0.0,1
325.0,5,42.33559,-71.0837,Entire home/apt,30,186,4.6,Exempt: This listing is a unit used for furnished institutional or business stays,Roxbury,33,2.0,"New renovation ,elevator, in unit laun, South End",0,f,0,0.0,1
130.0,9,42.35849,-71.06928,Entire home/apt,29,207,4.89,none,Beacon Hill,8,1.0,Lovely 1 bedroom apartment in Beacon Hill Boston,3,t,174,22620.0,0
133.0,3,42.35862,-71.06927,Entire home/apt,29,206,5.0,none,Beacon Hill,8,2.0,Wonderful 2 Bedroom in Beacon Hill Boston,1,t,58,7714.0,0
102.0,129,42.27872,-71.07145,Entire home/apt,2,40,4.89,STR-475138,Dorchester,1,1.0,Prime City Location: Private Suite-separate entry.,42,t,252,25704.0,1
188.0,53,42.32441,-71.08664,Entire home/apt,2,11,4.7,STR-547613,Roxbury,3,2.0,Stunning Victorian with Office | Mins to Downtown,29,t,174,32712.0,1
145.0,4,42.35884,-71.06953,Entire home/apt,29,196,4.5,none,Beacon Hill,8,2.0,Wonderful 2-bedroom apt in Boston Beacon Hill,0,t,0,0.0,0
173.0,7,42.35864,-71.06899,Entire home/apt,29,196,3.86,none,Beacon Hill,8,1.0,Wonderful 1bedroom apartment Boston,4,t,232,40136.0,0
266.0,21,42.32173,-71.1113,Entire home/apt,2,34,4.95,STR-558231,Jamaica Plain,23,3.0,Beautiful single family home in Jamaica Plain,7,t,42,11172.0,1
82.0,25,42.25022,-71.12842,Private room,10,364,4.8,STR-468015,Hyde Park,2,1.0,Cheerful 1-bedroom in a home,0,t,0,0.0,1
161.0,20,42.30009,-71.07765,Entire home/apt,29,330,4.7,STR-482642,Dorchester,1,3.0,New Modern Apt in Boston (3 Bedroom),2,f,116,18676.0,1
275.0,62,42.2938741,-71.1524408,Entire home/apt,7,210,5.0,STR-482028,West Roxbury,1,2.0,2BR DOG-Friendly Apt in 2-Fam Home - Comfy Retreat,19,t,255,70125.0,1
161.0,162,42.34253,-71.07674,Entire home/apt,1,116,4.83,STR-561975,South End,36,0.0,"(T1) Budget Friendly, South End Studio, Crowd Fav!",30,t,180,28980.0,1
322.0,170,42.34853335191449,-71.10454676740507,Entire home/apt,1,343,4.82,STR-483056,Fenway,59,1.0,Top Floor Fenway 1br w/ Patio | Keyless Entry,44,f,255,82110.0,1
90.0,52,42.25279,-71.11463,Private room,29,349,4.92,STR-522834,Hyde Park,5,1.0,Lovely - 1 bed room  Penthouse Suite free parking,0,f,0,0.0,1
269.0,13,42.33563,-71.08578,Entire home/apt,30,280,5.0,Exempt: This listing is a unit used for furnished institutional or business stays,Roxbury,33,2.0,2BR/2BA South End Gem | Steps to Northeastern,1,f,60,16140.0,1
300.0,80,42.27376,-71.17007,Entire home/apt,4,127,5.0,STR-546115,West Roxbury,1,3.0,Top of the Hill Townhouse,21,t,168,50400.0,1
263.0,12,42.32917,-71.0533,Entire home/apt,29,323,4.83,STR-485180,South Boston,1,2.0,Newly renovated -2 Bedroom Condo,0,t,0,0.0,1
230.0,1,42.3438654,-71.0880786,Entire home/apt,32,116,5.0,none,Fenway,343,1.0,"Blueground | Symphony, next door to laundry",0,f,0,0.0,0
223.0,6,42.36969,-71.03944,Entire home/apt,1,285,5.0,STR-565585,East Boston,1,2.0,Eastie Gem: Taste of local life by the waterfront,6,f,36,8028.0,1
234.0,132,42.34997,-71.09185,Entire home/apt,1,138,4.7,STR-543851,Fenway,1,0.0,(KA) Between Back Bay and Kenmore Square (Fenway)!,34,t,204,47736.0,1
809.0,210,42.34938,-71.09293,Entire home/apt,1,191,4.82,STR-476581,Fenway,59,2.0,Luxurious Fenway 2BR Penthouse w/ Roof Deck,58,f,255,206295.0,1
259.0,14,42.3364,-71.08554,Entire home/apt,30,144,4.64,Exempt: This listing is a unit used for furnished institutional or business stays,Roxbury,33,2.0,"Northeastern,Boston Medical,in unit laundry,C/A",0,f,0,0.0,1
388.0,11,42.30711180000001,-71.1121067,Entire home/apt,29,364,4.73,STR-479745,Jamaica Plain,1,4.0,Cheerful 4-bedroom home with backyard and patio,0,f,0,0.0,1
458.0,1,42.348129,-71.080849,Entire home/apt,32,288,5.0,none,Back Bay,343,1.0,"Blueground | Back Bay, gym, w/d, fully furnished",0,f,0,0.0,0
136.0,155,42.27901,-71.1153,Entire home/apt,2,335,4.68,STR-544977,Roslindale,1,1.0,"Basement Studio w/ Kitchenette, Privacy, NEW BED!",24,f,144,19584.0,1
286.0,1,42.34041,-71.06949,Entire home/apt,180,289,5.0,none,South End,33,2.0,"Luxury 1Bed Loft, 2 Baths, Central Air, South End",0,f,0,0.0,0
230.0,169,42.36759,-71.03371,Entire home/apt,1,343,4.97,STR-545823,East Boston,1,2.0,Modern Apt Central to Logan Airport & Downtown,40,f,240,55200.0,1
388.0,86,42.2945,-71.13955,Entire home/apt,2,322,4.99,STR-586690,West Roxbury,1,4.0,Beautiful  single family house built on a hill,14,t,84,32592.0,1
175.0,3,42.3504614,-71.0579946,Entire home/apt,59,318,5.0,none,Leather District,10,2.0,"Downtown Loft 2 Bedroom, Location",0,f,0,0.0,0
88.0,20,42.2751934,-71.094881,Private room,29,365,4.6,STR-518065,Mattapan,2,1.0,Karlie’s Place mini suite,0,f,0,0.0,1
406.0,68,42.35652,-71.13679,Entire home/apt,2,161,4.88,STR-511359,Allston,2,3.0,Sunny 3 bed. Bu BC Harvard Boston landing&Hospit.,23,t,138,56028.0,1
243.0,184,42.34782782682846,-71.09417717227724,Entire home/apt,1,291,4.77,STR-438668,Fenway,59,1.0,Lovely Fenway 1br | New to Airbnb!,35,f,210,51030.0,1
71.0,6,42.2678,-71.12603,Private room,29,166,5.0,none,Hyde Park,1,1.0,Bright & Cozy Studio w/free Parking and Wifi,2,t,116,8236.0,0
426.0,25,42.34408,-71.07934,Entire home/apt,1,324,4.36,STR-447236,South End,7,1.0,Copley House Premium Studio,11,f,66,28116.0,1
217.0,42,42.2736,-71.07226,Entire home/apt,2,357,4.81,STR-599897,Mattapan,3,3.0,Fantastic 3 bedroom Condo.Everything is brand New!,19,f,114,24738.0,1
118.0,54,42.27173,-71.07147,Entire home/apt,2,353,4.57,STR-599897,Mattapan,3,1.0,Newly Renovated oversized Studio unit,17,f,102,12036.0,1
319.0,19,42.27282,-71.07049,Entire home/apt,2,349,4.89,STR-525549,Mattapan,1,3.0,Lovely 3 Bedroom In Boston,10,t,60,19140.0,1
216.0,131,42.3550474,-71.0622106,Entire home/apt,2,240,4.45,STR-605723,Downtown,6,1.0,One Bedroom By Boston Common,64,f,255,55080.0,1
336.0,24,42.37017,-71.0614,Entire home/apt,1,150,4.88,STR-420570,Charlestown,8,1.0,Serenity - 36’ Aft Cabin Carver,15,t,90,30240.0,1
324.0,6,42.25127,-71.11544,Entire home/apt,29,247,5.0,STR-571090,Hyde Park,1,4.0,A sunny haven in the city!,5,f,255,82620.0,1
112.0,1,42.35442865544264,-71.0755918174982,Entire home/apt,91,275,5.0,none,Back Bay,1,0.0,Back Bay Gem: Cozy 1 bedroom Condo (main floor),1,f,182,20384.0,0
46.0,24,42.36151,-71.14337,Private room,29,307,4.5,STR-461419,Brighton,31,1.0,"Large Room w/ Bath in Furnished Apt, good Wifi!",3,f,174,8004.0,1
279.0,1,42.365947,-71.063473,Entire home/apt,32,279,5.0,none,Downtown,343,1.0,"Blueground | N. Station, w/d & gym, nr td garden",0,f,0,0.0,0
328.0,31,42.3223593,-71.1127947,Entire home/apt,6,134,5.0,STR-544844,Jamaica Plain,1,2.0,Lovely 2-Bedroom Condo by Jamaica Pond,8,t,96,31488.0,1
337.0,1,42.365947,-71.063473,Entire home/apt,32,76,5.0,none,Downtown,343,1.0,"Blueground | N. Station, w/d & gym, nr td garden",0,f,0,0.0,0
156.0,1,42.32001,-71.07952,Entire home/apt,1,50,5.0,STR-604626,Roxbury,4,1.0,"Private 1bed1bath, Free parking! Transit closeby",1,f,6,936.0,1
221.0,96,42.34268369999999,-71.05653339999999,Entire home/apt,1,65,4.63,Exempt: This listing is a hotel or motel,South Boston,57,1.0,South Bos. W. Broadway - 1 BR 1 BA #301,36,f,216,47736.0,1
179.0,58,42.34268369999999,-71.05653339999999,Entire home/apt,1,82,4.33,Exempt: This listing is a hotel or motel,South Boston,57,1.0,South Bos. W Broadway - 1 BR 1 BA #401,29,f,174,31146.0,1
178.0,57,42.34268369999999,-71.05653339999999,Entire home/apt,1,73,4.42,Exempt: This listing is a hotel or motel,South Boston,57,1.0,South Bos. W Broadway - 1 BR 1 BA #201,21,f,126,22428.0,1
247.0,4,42.31135,-71.04706,Entire home/apt,30,339,4.75,Exempt: This listing is a unit that has contracts with hospitals,Dorchester,33,1.0,Renovated Top Floor 1 Bedroom Condo in Savin Hill,0,f,0,0.0,1
391.0,40,42.34914,-71.0807,Entire home/apt,1,277,4.33,Exempt: This listing is a hotel or motel,Back Bay,16,1.0,Sonder The Magnolia | Queen Suite+,10,f,60,23460.0,1
291.0,18,42.35039,-71.0821,Entire home/apt,1,232,4.17,Exempt: This listing is a hotel or motel,Back Bay,16,1.0,Sonder The Magnolia | Accessible Queen Suite+,5,f,30,8730.0,1
472.0,134,42.35057,-71.08177,Entire home/apt,1,303,4.46,Exempt: This listing is a hotel or motel,Back Bay,16,1.0,Sonder The Magnolia | Superior Queen Suite+,43,f,255,120360.0,1
51.0,28,42.27871,-71.09947,Private room,4,344,5.0,STR-459557,Mattapan,2,1.0,Love and tranquility,6,t,48,2448.0,1
442.0,47,42.3793231,-71.031711,Entire home/apt,3,225,4.96,STR-579066,East Boston,1,5.0,Cozy near Airport and Train,5,t,30,13260.0,1
81.0,7,42.31344,-71.053,Private room,29,319,5.0,none,Dorchester,3,1.0,Master bedroom & bath close to Subway and Downtown,2,t,116,9396.0,0
381.0,181,42.3581870820172,-71.05292292238751,Entire home/apt,1,167,4.89,STR-489692,Downtown,40,0.0,Sleek FIDI Studio | Close to Public Transit!,36,f,216,82296.0,1
452.0,171,42.35851859637587,-71.05364896225989,Entire home/apt,1,197,4.75,STR-489709,Downtown,40,1.0,New! Lovely 1br | FIDI District| Keyless Entry,43,f,255,115260.0,1
417.0,215,42.35851418690993,-71.0531663803597,Entire home/apt,1,222,4.75,STR-489677,Downtown,40,2.0,Spacious 2br FIDI District | Centrally Located!,64,f,255,106335.0,1
1034.0,59,42.34428399999999,-71.0697069,Entire home/apt,3,311,5.0,STR-493489,South End,1,3.0,South End Brownstone Duplex,25,t,150,155100.0,1
199.0,116,42.34252,-71.08402,Entire home/apt,1,325,4.85,STR-595612,Back Bay,4,0.0,The Ellie House 5- Cozy Back Bay Getaway!,25,f,150,29850.0,1
344.0,152,42.34216,-71.08169,Entire home/apt,2,308,4.89,STR-491733,South End,1,1.0,Stunning South End 1BR - private roof deck,37,t,222,76368.0,1
275.0,19,42.2882,-71.09446,Entire home/apt,2,356,4.95,STR-483331,Mattapan,1,3.0,Five75 Lux BOS - Boho Chic,0,f,0,0.0,1
399.0,3,42.34821,-71.08002,Entire home/apt,29,365,5.0,STR-466119,Back Bay,72,2.0,Modern Huge 2bed 2bath Apartment Back bay,0,f,0,0.0,1
182.0,101,42.29687,-71.11235,Entire home/apt,3,302,4.85,STR-481824,Jamaica Plain,2,3.0,Lovely 3bedroom apartment in Boston,31,t,186,33852.0,1
316.0,12,42.3124907,-71.1023494,Entire home/apt,7,18,5.0,STR-489403,Jamaica Plain,1,3.0,Spacious Family Friendly Single-Family Home in JP,4,f,56,17696.0,1
390.0,146,42.35742713365388,-71.05498999345882,Entire home/apt,1,209,4.71,STR-489707,Downtown,40,2.0,Spacious FIDI 2br/1br | Close to Everything!,38,f,228,88920.0,1
266.0,154,42.35871,-71.05515,Entire home/apt,1,194,4.79,STR-489691,Downtown,40,0.0,Lovely FIDI Studio | Close to Faneuil Hall!,31,f,186,49476.0,1
272.0,81,42.33305499999999,-71.0487466,Entire home/apt,1,216,4.83,STR-485772,South Boston,1,1.0,Clean and convenient!  Walk to Boston highlights!,24,t,144,39168.0,1
113.0,63,42.35147,-71.13247,Private room,29,208,4.16,Exempt: This listing is a unit that has contracts with hospitals,Allston,4,1.0,AL/R4 Spacious & Sunny Room in Best Boston area!,10,f,255,28815.0,1
110.0,3,42.27324,-71.16277,Entire home/apt,91,327,5.0,none,West Roxbury,3,0.0,Divine Studio  suburb of Boston,1,t,182,20020.0,0
315.0,1,42.3496958,-71.081231,Entire home/apt,32,0,5.0,none,Back Bay,343,1.0,"Blueground | Back Bay, w/d, nr copley t",0,f,0,0.0,0
123.0,147,42.35345,-71.13951,Entire home/apt,2,310,4.88,STR-482962,Allston,30,0.0,1 Free parking spot - Small & Cozy studio - Clean,48,t,255,31365.0,1
186.0,154,42.34433,-71.08268,Entire home/apt,2,297,4.88,STR-465646,Back Bay,30,0.0,Walk everywhere! Location! Location! Cute studio!,49,t,255,47430.0,1
275.0,182,42.34453,-71.08284,Entire home/apt,2,292,4.83,STR-465647,Back Bay,30,2.0,Walk everywhere! Two BR Apartment! Super location!,61,t,255,70125.0,1
148.0,141,42.32153,-71.05485,Entire home/apt,2,225,4.89,STR-489740,Dorchester,1,1.0,10 minutes to downtown Boston,49,t,255,37740.0,1
269.0,108,42.3173486,-71.0929748,Entire home/apt,2,206,4.93,str-551849,Roxbury,1,3.0,Cozy 3-Bedroom Home w/ Queen Beds and More,36,t,216,58104.0,1
126.0,2,42.2964,-71.05882,Entire home/apt,29,111,5.0,STR-489938,Dorchester,1,1.0,Lovely one bedroom Apartment in Boston.,0,f,0,0.0,1
788.0,84,42.35738,-71.07152,Entire home/apt,2,67,4.82,Exempt: This listing is a hotel or motel,Beacon Hill,57,3.0,"Beacon Hill, J. Miller Flats - 3 Bedroom Flat #1",28,f,168,132384.0,1
160.0,86,42.3088302,-71.0602971,Entire home/apt,1,27,4.8,STR-545118,Dorchester,3,2.0,Close 2 City SwankyModrn  Unit w Centrl Air,52,t,255,40800.0,1
356.0,5,42.27838,-71.15953,Entire home/apt,1,100,4.8,STR-513970,West Roxbury,16,1.0,W.R. Private apt on flr 2 sleeps 6 3 beds,0,t,0,0.0,1
165.0,5,42.38255,-71.07385,Entire home/apt,30,291,5.0,none,Charlestown,1,1.0,"Luxury Condo Near DT | Fast Wi-Fi, Gym, Workspace",0,f,0,0.0,0
134.0,190,42.28288,-71.139,Entire home/apt,1,107,4.91,STR-532287,Roslindale,1,1.0,Cozy Renovated Suite w/Free St Parking near Train,59,t,255,34170.0,1
248.0,153,42.36472,-71.05683,Entire home/apt,1,129,4.9,STR-483019,North End,1,1.0,North End/TD Garden Condo w/Rooftop Deck,47,t,255,63240.0,1
532.0,201,42.35675344797994,-71.05471005204328,Entire home/apt,1,227,4.74,STR-489678,Downtown,40,2.0,Cozy 2br in Boston FIDI District,59,f,255,135660.0,1
442.0,161,42.35701237566666,-71.05481246796076,Entire home/apt,1,245,4.78,STR-489679,Downtown,40,2.0,Lavish FIDI 2br/2ba | Close to everything!,49,f,255,112710.0,1
445.0,185,42.356952467586254,-71.05509589038489,Entire home/apt,1,233,4.77,STR-489680,Downtown,40,2.0,2br/2ba FIDI Apt | Keyless Entry | Walk anywhere!,62,f,255,113475.0,1
469.0,239,42.35883208439192,-71.05460809946901,Entire home/apt,1,206,4.78,STR-489681,Downtown,40,2.0,Bright and Bold 2BR | Minutes from the T!,71,f,255,119595.0,1
502.0,129,42.34982,-71.06879,Entire home/apt,2,301,4.88,STR-544848,Bay Village,1,2.0,Condo in downtown Boston,37,t,222,111444.0,1
342.0,115,42.34051,-71.14498,Entire home/apt,3,302,4.93,STR-492873,Brighton,1,3.0,BC/BU - Beautifully Renovated Penthouse  3-BR/2-BA,32,t,192,65664.0,1
300.0,92,42.34236,-71.08233,Entire home/apt,1,338,4.76,STR-595609,Back Bay,4,1.0,"The Ellie House 11, Back Bay, 2 bed!",13,f,78,23400.0,1
230.0,89,42.34244,-71.08176,Entire home/apt,1,327,4.75,STR-595607,South End,4,1.0,The Ellie House 8- Fan Favorite! Back Bay! W/D,22,f,132,30360.0,1
210.0,26,42.36193,-71.14457,Entire home/apt,29,293,4.23,STR-461419,Brighton,31,5.0,5BR 2BTH Bright & Spacious  Apt in Brighton,8,f,255,53550.0,1
56.0,35,42.27827,-71.09892,Private room,4,360,4.8,STR-459557,Mattapan,2,1.0,Juan & Wendy's Gateway#1,6,t,48,2688.0,1
504.0,205,42.35825,-71.05526,Entire home/apt,1,238,4.68,STR-489674,Downtown,40,2.0,"Bold, Spacious 2br in Boston's Financial District",67,f,255,128520.0,1
608.0,192,42.35878332685929,-71.05506999156788,Entire home/apt,1,229,4.74,STR-489676,Downtown,40,2.0,Airy 2BR | Fidi Boston | Walk anywhere!,73,f,255,155040.0,1
462.0,202,42.356589950524445,-71.05380253226004,Entire home/apt,1,232,4.74,STR-489682,Downtown,40,2.0,Beautiful 2BR In FIDI Boston | Self Check-in,53,f,255,117810.0,1
441.0,193,42.35727981525896,-71.05497914089749,Entire home/apt,1,232,4.8,STR-489683,Downtown,40,2.0,FIDI Boston Lovely 2BR | Close to the T!,62,f,255,112455.0,1
506.0,194,42.35681644219281,-71.05324444850807,Entire home/apt,1,228,4.74,STR-489684,Downtown,40,2.0,Gorgeous Boston 2BR | Financial District,62,f,255,129030.0,1
557.0,203,42.3579815584475,-71.05506052287039,Entire home/apt,1,234,4.71,STR-489685,Downtown,40,2.0,Open Air 2BR | FIDI Boston | Close to Everything!,59,f,255,142035.0,1
485.0,198,42.3580831477226,-71.05316686351354,Entire home/apt,1,235,4.66,STR-489686,Downtown,40,2.0,FIDI 2br | Keyless Entry | Fully Furnished,57,f,255,123675.0,1
447.0,160,42.35661866605673,-71.05438096977204,Entire home/apt,1,229,4.66,STR-489687,Downtown,40,2.0,Wonderful FIDI 2br | Keyless Entry,43,f,255,113985.0,1
353.0,161,42.35724,-71.053,Entire home/apt,1,235,4.86,STR-489689,Downtown,40,1.0,Warm 1BR in Boston FIDI | Close to Everything!,38,f,228,80484.0,1
336.0,167,42.35866684098461,-71.05489370532862,Entire home/apt,1,220,4.8,STR-489693,Downtown,40,1.0,Comfy Financial District 1br | Keyless Entry,50,f,255,85680.0,1
332.0,178,42.35884,-71.05493,Entire home/apt,1,245,4.81,STR-489695,Downtown,40,1.0,Spacious 1br In Boston FIDI | Close to T!,41,f,246,81672.0,1
338.0,197,42.35832,-71.05316,Entire home/apt,1,219,4.85,STR-489705,Downtown,40,1.0,Bright FIDI 1br | Centrally Located,54,f,255,86190.0,1
1000.0,10,42.33581,-71.03809,Entire home/apt,29,365,5.0,STR-486358,South Boston,1,3.0,South Boston Best Location!,0,f,0,0.0,1
162.0,96,42.33331,-71.10498,Entire home/apt,2,181,4.72,STR-545178,Mission Hill,19,0.0,Cute Efficiency Unit in Longwood/Fenway,29,f,174,28188.0,1
132.0,79,42.33186,-71.10578,Entire home/apt,2,193,4.63,STR-545178,Mission Hill,19,0.0,Cozy Longwood-Fenway Studio,26,f,156,20592.0,1
392.0,96,42.38509,-71.00395,Entire home/apt,3,153,4.92,STR-570193,East Boston,2,3.0,Chic Condo near T Station & Airport.,23,t,138,54096.0,1
326.0,97,42.38513940000001,-71.00392049999999,Entire home/apt,3,161,4.94,STR-492566,East Boston,2,3.0,T-Stop Getaway: Stylish Condo by the Logan Airport,31,t,186,60636.0,1
201.0,122,42.38831,-70.996,Entire home/apt,2,331,4.89,STR-560474,East Boston,1,2.0,"2bd Apt, 3 min walk to train, 7min to airport",34,t,204,41004.0,1
311.0,30,42.2981,-71.07053,Entire home/apt,2,354,4.73,STR-469079,Dorchester,1,4.0,Spacious 4BR in Boston – Clean & Near Transit,3,f,18,5598.0,1
416.0,237,42.2960199,-71.0808613,Entire home/apt,1,320,4.93,STR-491593,Dorchester,7,3.0,New! Luxurious 3-BR Apt (7B2) Near Downtown Boston,97,t,255,106080.0,1
351.0,71,42.3082134,-71.11154549999999,Entire home/apt,4,298,4.97,STR-545049,Jamaica Plain,1,2.0,All new 2-bedroom garden apartment on great block.,24,t,192,67392.0,1
182.0,1,42.3356856,-71.0428472,Entire home/apt,32,207,4.0,none,South Boston,343,0.0,"Blueground | South Boston, nr restaurants",0,f,0,0.0,0
204.0,168,42.35431,-71.07596,Entire home/apt,1,112,4.6,Exempt: This listing is a hotel or motel,Back Bay,7,0.0,(140R) Bohemian Back Bay Studio Retreat,54,f,255,52020.0,1
76.0,9,42.33327,-71.05132,Private room,29,84,4.33,STR-522998,South Boston,31,1.0,"Bright Cozy Room, Steps from Red Line & Beaches",0,f,0,0.0,1
68.0,42,42.27188,-71.08839,Private room,5,363,4.81,STR-489962,Mattapan,1,1.0,Boston room's and studios in boston ma.usa,16,t,160,10880.0,1
48.0,1,42.29525,-71.08216,Private room,91,256,2.0,none,Dorchester,3,1.0,Lovely 1-Bedroom close to public transportation.,0,f,0,0.0,0
125.0,156,42.2751989,-71.0761706,Entire home/apt,1,320,4.89,STR-545047,Mattapan,1,1.0,Boston arbor oasis - cute one bedroom suite,55,t,255,31875.0,1
356.0,15,42.34757,-71.10204,Entire home/apt,90,216,4.87,Exempt: This listing is a unit used for furnished institutional or business stays,Fenway,33,2.0,"Luxury 2Bed, 2Bath, Near BU, Hospitals, Fenway",1,f,180,64080.0,1
195.0,9,42.34742,-71.10491,Entire home/apt,29,320,5.0,none,Fenway,2,0.0,Gorgeous Audubon Circle Studios (4),3,t,174,33930.0,0
253.0,130,42.3487,-71.10437,Entire home/apt,1,192,4.86,STR-493755,Fenway,59,1.0,Cozy Fenway 1Br/1Ba | Close to Fenway Park!,37,f,222,56166.0,1
131.0,7,42.35017,-71.08923,Entire home/apt,29,209,5.0,none,Back Bay,1,1.0,Beautiful Back Bay 1 BR on Commonwealth Ave,5,t,255,33405.0,0
272.0,109,42.37146,-71.03357,Entire home/apt,1,330,4.61,STR-489771,East Boston,23,4.0,4BD/2BA w/ 2 King Beds! Near Airport and Subway.,22,t,132,35904.0,1
590.0,186,42.34938,-71.0836,Entire home/apt,1,249,4.87,STR-550494,Back Bay,36,3.0,"(5G2) Beautiful Duplex, W/D, Best Location!",60,t,255,150450.0,1
333.0,34,42.2932,-71.06254,Entire home/apt,2,281,4.88,STR-483772,Dorchester,1,3.0,Newly renovated. 10 mins to Boston. 3bds+2brs Apt.,5,t,30,9990.0,1
120.0,5,42.3167812,-71.1068123,Entire home/apt,29,77,4.8,none,Jamaica Plain,4,2.0,"Sunshine, Laundry-in-unit, Designated work area",2,t,116,13920.0,0
410.0,1,42.3511858,-71.06401699999999,Entire home/apt,32,284,5.0,none,Downtown,343,2.0,"Blueground | Chinatown/Theater Dist, gym, nr t",0,f,0,0.0,0
136.0,88,42.35581,-71.15674,Entire home/apt,2,228,4.95,STR-494245,Brighton,1,1.0,Boston In-law Suite with Private Entrance,25,f,150,20400.0,1
397.0,1,42.365947,-71.063473,Entire home/apt,32,280,5.0,none,Downtown,343,2.0,"Blueground | N Station, w/d & gym, nr td garden",0,f,0,0.0,0
150.0,137,42.37815119660565,-71.03183518957874,Entire home/apt,2,322,4.8,STR-494373,East Boston,1,1.0,Beautiful  and Cozy Apartment!,44,t,255,38250.0,1
66.0,98,42.3206,-71.05697,Private room,29,306,4.8,STR-484164,Dorchester,13,1.0,B_Large room easy commute to Boston Downtown.,11,f,255,16830.0,1
54.0,98,42.32233,-71.05546,Private room,29,327,4.8,STR-484164,Dorchester,13,1.0,D_Lovely room easy commute to Boston Downtown.,8,f,255,13770.0,1
142.0,128,42.25809,-71.12244,Entire home/apt,2,197,4.89,STR-515097,Hyde Park,1,3.0,Hidden Gem  right in the city of Boston !,45,t,255,36210.0,1
893.0,9,42.34406,-71.07557,Entire home/apt,3,265,5.0,STR-522463,South End,1,2.0,Beautiful South End 2BR apartment,6,f,36,32148.0,1
142.0,280,42.37859,-71.03479,Private room,1,330,4.96,STR-515160,East Boston,1,1.0,Sunny room with private en suite bathroom,69,t,255,36210.0,1
610.0,115,42.34248,-71.08748,Entire home/apt,3,18,4.9,STR-416410,Fenway,1,3.0,"Location, Location, Location! - Luxury 3 Bedrooms",47,t,255,155550.0,1
47.0,15,42.35999,-71.14328,Private room,29,307,4.73,STR-461419,Brighton,31,1.0,Comfortable Living in Furnished Private Room,4,f,232,10904.0,1
74.0,1,42.2611332,-71.1158162,Private room,91,365,5.0,none,Hyde Park,3,3.0,Trendy Escape 3 bedroom Hostel with patios,0,f,0,0.0,0
198.0,118,42.28509,-71.14088,Entire home/apt,2,41,4.89,STR-494903,Roslindale,1,2.0,Transit friendly condo on quiet street,37,t,222,43956.0,1
209.0,91,42.30837,-71.11098,Entire home/apt,3,231,4.96,str-599568,Jamaica Plain,2,1.0,Peaceful Garden Apartment,17,t,102,21318.0,1
232.0,111,42.36536,-71.05187,Entire home/apt,1,300,4.85,STR-511468,North End,23,1.0,Ideal North End 1brm Central To Everything,21,t,126,29232.0,1
725.0,132,42.3491,-71.08513,Entire home/apt,1,297,4.75,STR-547612,Back Bay,36,2.0,"(5G1) 2 Bedroom, BackBay, Newbury Street, Location",38,t,228,165300.0,1
191.0,1,42.36599,-71.03674,Entire home/apt,7,81,5.0,STR-543034,East Boston,1,1.0,Classic & stylish condo near iconic Boston Harbor,0,f,0,0.0,1
499.0,1,42.32821,-71.11177,Entire home/apt,29,365,5.0,Exempt: This listing is a unit used for furnished institutional or business stays,Jamaica Plain,72,2.0,Lovely luxury 2Ba 2Ba Lake view Boston,0,f,0,0.0,1
240.0,45,42.31798,-71.05273,Entire home/apt,3,24,4.53,STR-463273,Dorchester,9,2.0,"Last Minute Deals, Experience Boston, FREE Parking",15,t,90,21600.0,1
448.0,1,42.34921,-71.04141,Entire home/apt,29,365,5.0,STR-856339,South Boston Waterfront,72,2.0,Outstanding apartment in Seaport,0,f,0,0.0,1
699.0,8,42.32862,-71.11265,Entire home/apt,29,365,4.75,Exempt: This listing is a unit used for furnished institutional or business stays,Jamaica Plain,72,2.0,Outstanding luxury 2Br 2Ba apartment,0,f,0,0.0,1
499.0,9,42.32869,-71.11064,Entire home/apt,30,365,4.56,Exempt: This listing is a unit used for furnished institutional or business stays,Jamaica Plain,72,3.0,Spacious 3Br2Br apartment with astonishing view,1,f,60,29940.0,1
425.0,105,42.33769997569087,-71.04779206216335,Entire home/apt,3,144,4.94,STR-512389,South Boston,1,3.0,Boston Townhouse - 3bd / 2.5ba - Central Location,54,t,255,108375.0,1
325.0,2,42.3496453,-71.0813703,Entire home/apt,32,304,5.0,none,Back Bay,343,1.0,"Blueground | Back Bay, w/d, nr newbury st",0,f,0,0.0,0
518.0,17,42.33349,-71.04808,Entire home/apt,1,276,4.88,STR-461452,South Boston,7,2.0,"PH City Views, Spacious 2 Bed/2 Bath w/ 2 Decks",5,t,30,15540.0,1
245.0,1,42.3474674,-71.1332006,Entire home/apt,32,187,1.0,none,Allston,343,1.0,"Blueground | Allston, gym & w/d, nr griggs t",0,f,0,0.0,0
80.0,50,42.3704059242531,-71.03423446151498,Private room,2,85,4.92,STR-513668,East Boston,1,1.0,Private bedroom next to Logan Airport,32,t,192,15360.0,1
444.0,31,42.30159,-71.07647,Entire home/apt,2,250,4.71,STR-550183,Dorchester,1,4.0,New spacious 4BR w/ keyless entry& free st parking,9,f,54,23976.0,1
497.0,153,42.3460970337773,-71.07256090149903,Entire home/apt,1,273,4.98,STR-493899,South End,1,3.0,*NEW* 3 BR South End Duplex with A/C in the city!,46,t,255,126735.0,1
148.0,30,42.324499935324376,-71.0821790504146,Private room,1,364,4.77,STR-515996,Roxbury,1,1.0,Private Room in Quaint Victorian Home,0,f,0,0.0,1
193.0,68,42.3846216,-71.00165059999999,Entire home/apt,4,325,4.84,STR-523410,East Boston,1,2.0,"Minutes to Airport, Train, Downtown & Free Parking",34,t,255,49215.0,1
329.0,1,42.359547,-71.0634099,Entire home/apt,32,83,3.0,none,Beacon Hill,343,2.0,"Blueground | Beacon Hill, w/d, nr boston common",0,f,0,0.0,0
363.0,72,42.35931,-71.06947,Entire home/apt,1,132,4.67,STR-559081,Beacon Hill,36,2.0,"(63-3) Beacon Hill, Location! near MGH &T station!",38,t,228,82764.0,1
435.0,59,42.3775,-71.06687,Entire home/apt,3,307,4.97,STR-493935,Charlestown,1,3.0,2 Story Charlestown Gem,20,f,120,52200.0,1
80.0,7,42.31346,-71.1084,Private room,29,326,4.86,STR-512012,Jamaica Plain,1,1.0,Shady Sage Hideaway,2,f,116,9280.0,1
86.0,53,42.279479136551686,-71.15932762726267,Private room,1,266,4.94,STR-513970,West Roxbury,16,1.0,Private double bed for  one or two on flr 2,16,t,96,8256.0,1
451.0,1,42.34988,-71.04433,Entire home/apt,30,355,5.0,STR-590366,South Boston Waterfront,55,2.0,Chic Apt Seaport,0,f,0,0.0,1
169.0,120,42.36716,-71.03568,Entire home/apt,1,85,4.91,STR-544991,East Boston,3,0.0,Studio Getaway,34,t,204,34476.0,1
70.0,7,42.29318,-71.06116,Private room,32,196,4.71,none,Dorchester,3,1.0,"Private bedroom, private bath, off-street parking",3,t,192,13440.0,0
213.0,24,42.34450252864977,-71.08865586441802,Entire home/apt,1,38,4.92,STR-568786,Fenway,57,1.0,Symphony Suites #1 | Back Bay & Fenway,23,f,138,29394.0,1
253.0,1,42.3527433,-71.12187410000001,Entire home/apt,32,304,5.0,none,Allston,343,1.0,"Blueground | Allston, nr boston u & green line",0,f,0,0.0,0
248.0,112,42.28212,-71.13348,Entire home/apt,2,338,4.93,STR-584689,Roslindale,2,1.0,Modern 1BR apt in Boston’s Roslindale Village,22,t,132,32736.0,1
1000.0,6,42.3585533,-71.06614259999999,Entire home/apt,29,285,5.0,STR-518990,Beacon Hill,1,4.0,Rare Beacon Hill Gem,0,f,0,0.0,1
221.0,141,42.36667,-71.05215,Entire home/apt,1,332,4.89,STR-515319,North End,23,0.0,Perfect North End Studio,39,t,234,51714.0,1
1558.0,21,42.34822,-71.0692,Entire home/apt,2,282,5.0,STR-516061,Bay Village,2,4.0,Luxurious & Spacious Townhome,14,t,84,130872.0,1
283.0,137,42.27013,-71.10741,Entire home/apt,29,262,4.91,STR-513973,Hyde Park,1,3.0,3 Bed Large Boston home for groups with parking,17,t,255,72165.0,1
26.0,7,42.27713,-71.08175,Private room,30,282,4.86,STR-515739,Mattapan,4,1.0,A Sweeter Place (C) managed by Andrea,3,f,180,4680.0,1
327.0,164,42.32428,-71.07315,Entire home/apt,1,307,4.97,STR-545053,Roxbury,1,2.0,Hidden Gem 2 BR/1BA near Zoo 3 mil downtown Fenway,41,t,246,80442.0,1
92.0,2,42.31971,-71.05937,Entire home/apt,31,365,3.0,none,Dorchester,9,0.0,"Boston Studio, 7 minute walk to T",1,f,62,5704.0,0
137.0,3,42.340317662628394,-71.15183288177035,Entire home/apt,30,277,4.0,none,Brighton,58,2.0,109S3 | The Strathmore 3 w/AC | 2BR 2BA | Bi-Level,2,f,120,16440.0,0
1350.0,26,42.34925,-71.0841,Entire home/apt,2,321,4.85,STR-520200,Back Bay,1,3.0,Art Penthouse / Roofdeck in the Heart of Boston,6,t,36,48600.0,1
180.0,10,42.36593455069983,-71.0355713888855,Entire home/apt,29,289,5.0,none,East Boston,2,1.0,One T stop from Downtown,3,t,174,31320.0,0
71.0,32,42.27778149851245,-71.1608659183274,Private room,1,266,4.88,STR-513970,West Roxbury,16,1.0,Private twin bed on floor 2 w/ window AC,12,t,72,5112.0,1
127.0,41,42.27934864405998,-71.16129037469021,Private room,1,90,5.0,STR-513970,West Roxbury,16,1.0,W.R. room double bed w/ pull out couch w/ a.c.,16,t,96,12192.0,1
528.0,2,42.32835,-71.11039,Entire home/apt,29,364,5.0,Exempt: This listing is a unit used for furnished institutional or business stays,Jamaica Plain,72,2.0,Luxury water view Boston pond,0,f,0,0.0,1
225.0,49,42.289678488923215,-71.08004640230429,Entire home/apt,2,352,4.94,STR-460728,Dorchester,2,2.0,Boston's Finest 2 Bedroom Home,13,t,78,17550.0,1
168.0,1,42.26668,-71.12718,Entire home/apt,91,364,5.0,none,Hyde Park,1,3.0,Entire 2BR home near shops & public transportation,0,f,0,0.0,0
300.0,40,42.322700702865255,-71.09304891117581,Entire home/apt,29,269,4.63,STR-539410,Roxbury,1,3.0,Fort Hill/Highland Park Townhome,1,f,58,17400.0,1
184.0,132,42.34997,-71.09586,Entire home/apt,2,299,4.95,STR-518214,Fenway,30,0.0,Walk! Location! Steps from the T! 1 bed 1st floor!,45,t,255,46920.0,1
242.0,142,42.31948,-71.10599,Entire home/apt,2,315,4.88,STR-518597,Jamaica Plain,1,2.0,JP Artist Oasis.,46,t,255,61710.0,1
336.0,13,42.37175,-71.05956,Private room,1,159,4.85,STR-545898,Charlestown,8,1.0,Harbor View - Harbor View,10,t,60,20160.0,1
231.0,3,42.346708771466666,-71.15158382803202,Entire home/apt,91,265,5.0,none,Brighton,1,3.0,Renovated 3Br/1.5baths. Parking. Great location.,1,t,182,42042.0,0
155.0,190,42.29714,-71.08037,Entire home/apt,1,336,4.94,STR-491593,Dorchester,7,1.0,Newly Cozy 1-BR Apt (7B1) Near To Downtown Boston,65,t,255,39525.0,1
265.0,4,42.2879258,-71.1399203,Private room,3,354,4.75,STR-546206,Roslindale,3,2.0,Welcome to Your Private Oasis,1,t,6,1590.0,1
358.0,205,42.295936,-71.080832,Entire home/apt,1,340,4.92,STR-491593,Dorchester,7,3.0,New Luxurious 3-BR Apt (9B2) Near Downtown Boston,72,t,255,91290.0,1
346.0,2,42.3527433,-71.12187410000001,Entire home/apt,32,274,3.5,none,Allston,343,2.0,"Blueground | Allston, nr boston u & green line",1,f,64,22144.0,0
351.0,4,42.3527433,-71.12187410000001,Entire home/apt,32,365,4.75,none,Allston,343,2.0,"Blueground | Allston, nr boston u & green line",0,f,0,0.0,0
289.0,157,42.353860193273704,-71.07630671621459,Entire home/apt,1,273,4.79,STR-546677,Back Bay,36,0.0,(J5) Sun Drenched Emerald Back Bay Studio,52,t,255,73695.0,1
140.0,104,42.390197149246475,-71.00069295197193,Entire home/apt,1,36,4.75,STR-566522,East Boston,2,1.0,Studio in East Boston #2,45,t,255,35700.0,1
139.0,1,42.25012042866413,-71.13245536960848,Entire home/apt,30,262,5.0,none,Hyde Park,11,2.0,2bd in Quiet boston neighborhood near mbta,0,f,0,0.0,0
327.0,1,42.365947,-71.063473,Entire home/apt,32,54,5.0,none,Downtown,343,0.0,"Blueground | N Station, w/d & gym, nr td garden",0,f,0,0.0,0
452.0,1,42.365947,-71.063473,Entire home/apt,32,275,5.0,none,Downtown,343,2.0,"Blueground | N Station, w/d & gym, nr td garden",1,f,64,28928.0,0
500.0,10,42.27776,-71.11733,Entire home/apt,29,364,4.5,STR-419049,Roslindale,12,3.0,Very Nice 3Bedroom Close To Boston + Free Parking,0,f,0,0.0,1
180.0,5,42.33319799852546,-71.0478741472269,Private room,29,365,4.0,STR-461452,South Boston,7,1.0,Updated South Boston Unit with Deck,0,t,0,0.0,1
116.0,7,42.3607929,-71.1262631,Entire home/apt,45,169,5.0,STR-383892,Allston,12,0.0,StudioDeluxe near Harvard Business School,3,t,255,29580.0,1
140.0,127,42.389828263890514,-71.00259027290345,Entire home/apt,1,67,4.75,STR-544965,East Boston,2,1.0,Studio in E. Boston #1,44,t,255,35700.0,1
246.0,90,42.31201,-71.06022,Entire home/apt,1,324,4.94,STR-492134,Dorchester,1,1.0,Guest Suite on the Hill,32,t,192,47232.0,1
770.0,67,42.36003795522229,-71.12327506728496,Entire home/apt,1,345,4.88,STR-519533,Allston,2,7.0,Boston Historical Urban Oasis,30,t,180,138600.0,1
429.0,260,42.295945,-71.080569,Entire home/apt,1,303,4.94,STR-491593,Dorchester,7,3.0,New Deluxe 3-BR Apt (7W2) Near Downtown Boston,106,t,255,109395.0,1
323.0,191,42.2958734,-71.08054650000001,Entire home/apt,1,339,4.94,STR-491593,Dorchester,7,3.0,A New Deluxe 3-BR Apt (9W2) Near Downtown Boston,68,t,255,82365.0,1
162.0,127,42.32430523674081,-71.06804419511593,Entire home/apt,1,283,4.87,Str-520115,Roxbury,1,2.0,Chic 2BR in the heart of Boston,30,f,180,29160.0,1
50.0,53,42.301319,-71.165781,Private room,1,6,4.91,STR-520249,West Roxbury,1,1.0,Cozy room for your trip.,0,f,0,0.0,1
399.0,1,42.34264,-71.10107,Entire home/apt,29,365,5.0,Str-353545,Fenway,72,1.0,Modern Luxury apt in Watertown,0,f,0,0.0,1
65.0,17,42.277853675096054,-71.16010426966892,Private room,1,99,4.82,STR-513970,West Roxbury,16,1.0,Private room twin bed flr 2 w/ window a.c,9,t,54,3510.0,1
251.0,3,42.27818334565676,-71.16146609349464,Entire home/apt,1,93,4.67,STR-513970,West Roxbury,16,2.0,W.R. Private furnished utilities inc 3rd floor,2,t,12,3012.0,1
551.0,62,42.335234,-71.054872,Entire home/apt,3,284,4.97,str-519800,South Boston,1,3.0,"Cozy, comfortable and convenient",21,t,126,69426.0,1
252.0,74,42.297686,-71.113484,Entire home/apt,3,229,4.96,STR-518539,Jamaica Plain,2,3.0,Charming & bright 3bedroom Apt,29,t,174,43848.0,1
212.0,1,42.34777380000001,-71.1460998,Entire home/apt,32,115,5.0,none,Brighton,343,0.0,"Blueground | Brighton, w/d, pool & gym, nr t",0,f,0,0.0,0
227.0,120,42.36517738844505,-71.05263340741818,Entire home/apt,1,327,4.83,STR-520557,North End,23,1.0,Exquisite North End 1brm,38,t,228,51756.0,1
220.0,151,42.36726277067371,-71.05232351801394,Entire home/apt,1,317,4.91,STR-520558,North End,23,0.0,Modern North End Studio,39,t,234,51480.0,1
107.0,11,42.28793,-71.13991,Private room,1,354,5.0,STR-546206,Roslindale,3,1.0,Welcome to the Aqua Room,2,t,12,1284.0,1
108.0,4,42.28793,-71.13992,Private room,1,359,4.75,STR-546206,Roslindale,3,1.0,Welcome to The Lavender Room,0,t,0,0.0,1
26.0,9,42.2778739,-71.0824847,Private room,30,242,5.0,STR-521861,Mattapan,4,1.0,A Sweet Place (B) managed by Andrea,5,f,255,6630.0,1
64.0,2,42.27865667330715,-71.08178761407363,Entire home/apt,30,296,3.5,STR-524303,Mattapan,4,2.0,An Even Sweeter Place managed by Andrea,0,f,0,0.0,1
297.0,1,42.3522851,-71.05910879999999,Entire home/apt,32,39,5.0,none,Chinatown,343,1.0,"Blueground | Financial District, gym, nr greenway",0,f,0,0.0,0
226.0,100,42.35730177094459,-71.05326282459265,Entire home/apt,1,276,4.64,STR-461939,Downtown,59,1.0,Financial District Charm | Walk anywhere!,27,f,162,36612.0,1
235.0,87,42.3486,-71.08625,Entire home/apt,1,216,4.56,STR-520909,Back Bay,59,1.0,Beautiful Newbury St. 1Br,44,f,255,59925.0,1
253.0,65,42.348301150228934,-71.08446960340625,Entire home/apt,1,180,4.68,STR-520910,Back Bay,59,1.0,Cozy Back Bay | 1Br / 1Bath!,19,f,114,28842.0,1
272.0,90,42.35106434619906,-71.0819839547802,Entire home/apt,11,181,4.7,STR-520911,Back Bay,59,1.0,Monthly Newbury Street Gem,26,f,255,69360.0,1
266.0,82,42.34819947769173,-71.08644007542718,Entire home/apt,1,223,4.76,STR-520912,Back Bay,59,1.0,Centrally Located Back Bay 1Br!,23,f,138,36708.0,1
327.0,64,42.34870643018961,-71.08644605772977,Entire home/apt,1,226,4.59,STR-520914,Back Bay,59,1.0,Wonderful Newbury 1 Bedroom!,22,f,132,43164.0,1
275.0,102,42.34844,-71.08605,Entire home/apt,1,225,4.74,STR-520913,Back Bay,59,1.0,Stunning Back Bay | 1Br / 1Bth,36,f,216,59400.0,1
48.0,2,42.30271148580186,-71.06850565262005,Private room,30,276,5.0,none,Dorchester,4,1.0,Private cozy bedroom in Boston.,0,f,0,0.0,0
169.0,146,42.2958734,-71.08054650000001,Entire home/apt,1,331,4.9,STR-491593,Dorchester,7,1.0,Cozy New Built 1-BR Apt (9W1) Near Downtown Boston,57,t,255,43095.0,1
200.0,9,42.359362,-71.0682975,Entire home/apt,2,256,5.0,STR-589859,Beacon Hill,2,1.0,Studio in Heart of Beacon Hill (Downtown Boston),9,f,54,10800.0,1
220.0,2,42.359362,-71.0682975,Entire home/apt,29,355,4.5,none,Beacon Hill,2,1.0,Charming Beacon Hill 1bd in Brownstone,1,f,58,12760.0,0
181.0,10,42.32289973146069,-71.11363270178217,Entire home/apt,29,254,4.9,none,Jamaica Plain,1,2.0,Convenient & cozy 2BD in JP - 1 mile to hospitals,4,t,232,41992.0,0
107.0,105,42.3117713,-71.11527120000001,Entire home/apt,1,5,4.73,STR-561503,Jamaica Plain,1,1.0,Cozy 1B1B in the heart of JP,60,t,255,27285.0,1
287.0,19,42.3560237,-71.1368711,Entire home/apt,2,143,4.0,STR-522067,Allston,4,2.0,24-Renovated 2 bedroom only 8 min from the city,7,f,42,12054.0,1
264.0,12,42.33287,-71.09857,Entire home/apt,1,237,4.83,STR-521770,Mission Hill,59,1.0,Beautiful Mission Hill 1Br/Ba!,8,f,48,12672.0,1
300.0,22,42.331554054259264,-71.09869749195016,Entire home/apt,1,139,4.91,STR-521769,Mission Hill,59,1.0,Wonderful 1BR in Mission Hill!,14,f,84,25200.0,1
239.0,28,42.33238913992304,-71.10074118946933,Entire home/apt,1,181,4.82,STR-521767,Mission Hill,59,1.0,Spacious Mission Hill Studio!,9,f,54,12906.0,1
441.0,104,42.33107906800154,-71.10018509120489,Entire home/apt,1,224,4.88,STR-521766,Mission Hill,59,2.0,New! Gorgeous 2Br | Mission Hill,44,f,255,112455.0,1
230.0,39,42.27294408892755,-71.0991840898128,Entire home/apt,29,365,4.85,STR-586958,Mattapan,1,2.0,Comfortable quiet 2 bedroom 1bath,4,t,232,53360.0,1
515.0,7,42.34671938164582,-71.10177411892872,Entire home/apt,30,257,5.0,Exempt: This listing is a unit used for furnished institutional or business stays,Fenway,9,2.0,"Luxury, 2bed,2 bath, Boston Central, Boston Univ",0,f,0,0.0,1
314.0,168,42.31355842721171,-71.08467057133451,Entire home/apt,2,96,4.86,STR-523111,Roxbury,1,4.0,Spacious multi-level 4 bed /2bath Apt. in Boston,29,t,174,54636.0,1
242.0,29,42.34183,-71.0558,Private room,2,63,4.41,Exempt: This listing is a hotel or motel,South Boston,57,1.0,"Quarters on Broadway, South Boston 406 Bunk",8,f,48,11616.0,1
262.0,87,42.3174703,-71.0801929,Entire home/apt,1,336,4.94,STR-522415,Roxbury,1,2.0,Modern 2 Bedroom in Boston,32,f,192,50304.0,1
76.0,3,42.2716784,-71.0727197,Private room,1,265,5.0,STR-597756,Mattapan,1,1.0,"Free garage parking, private bed+bath, Central ""T""",3,f,18,1368.0,1
93.0,4,42.31921,-71.05955,Entire home/apt,31,362,4.75,none,Dorchester,7,0.0,Boston Studio walk to T Station,0,t,0,0.0,0
272.0,2,42.3475057,-71.1010258,Entire home/apt,32,121,5.0,none,Fenway,343,0.0,"Blueground | Fenway, roof & gym, nr fenway park",0,f,0,0.0,0
58.0,17,42.32197993468771,-71.1027149189887,Private room,1,123,4.24,Exempt: This listing is a unit used for furnished institutional or business stays,Jamaica Plain,2,1.0,Welcoming 1 bedroom C,6,f,36,2088.0,1
321.0,14,42.347770270573385,-71.0794092658466,Entire home/apt,4,166,4.93,Exempt: This listing is a unit used for furnished institutional or business stays,Back Bay,72,2.0,Back Bay heart 2BR 2BA Unit near Prudential center,0,f,0,0.0,1
235.0,172,42.3651757086422,-71.03671754053205,Entire home/apt,2,231,4.96,STR-555372,East Boston,2,2.0,"Nxt to ocean, 5 min dntwn by T",54,t,255,59925.0,1
455.0,25,42.27585996935596,-71.07228684526291,Entire home/apt,4,329,4.92,STR-549122,Mattapan,1,5.0,Residential home with free parking,11,t,88,40040.0,1
536.0,140,42.34950701821771,-71.09329788049406,Entire home/apt,1,221,4.72,STR-489711,Fenway,59,3.0,Wonderful Fenway 3br/2ba | Steps from Fenway Park!,60,f,255,136680.0,1
218.0,86,42.289883,-71.1394402,Entire home/apt,2,149,4.95,STR-523310,Roslindale,1,3.0,"Forever Boston-5 mil Fenway, FreePrkg",31,t,186,40548.0,1
319.0,21,42.35063833281663,-71.09297187157289,Entire home/apt,1,156,4.71,STR-476579,Fenway,59,0.0,Cozy Back Bay Studio | Close to Fenway!,21,f,126,40194.0,1
537.0,132,42.35546,-71.06294,Entire home/apt,3,212,4.79,STR-460528,Downtown,59,4.0,Almost there!  4bed 2bath Apartment in Downtown,69,f,255,136935.0,1
406.0,56,42.2941174,-71.11704639999999,Entire home/apt,30,332,4.88,STR-590060,Jamaica Plain,5,5.0,Stylish Boston Renovation | Near T,12,t,255,103530.0,1
394.0,29,42.279007146693225,-71.09426341045074,Entire home/apt,2,257,5.0,STR-522459,Mattapan,1,3.0,Best Place To Rest,11,t,66,26004.0,1
271.0,39,42.34974,-71.06737,Entire home/apt,29,340,4.79,STR-481123,Bay Village,59,1.0,Charming Theater District 1Br | Walk Anywhere!,0,f,0,0.0,1
267.0,95,42.35918176984304,-71.05380096814993,Entire home/apt,1,284,4.63,STR-424130,Downtown,59,1.0,Pet Friendly - Laundry in Bldg - FIDI,36,f,216,57672.0,1
110.0,2,42.314918197821875,-71.0556744600529,Entire home/apt,29,188,5.0,none,Dorchester,1,1.0,Spacious Savin Hill Apt mins from Redline,1,f,58,6380.0,0
282.0,59,42.31381,-71.08926,Entire home/apt,1,288,5.0,STR-560204,Roxbury,1,4.0,Spacious & Stylish 4-BR w/ 4-BA Apt near DT,45,t,255,71910.0,1
339.0,4,42.32853,-71.11256,Entire home/apt,29,341,4.5,STR-734567,Jamaica Plain,72,2.0,Lovely corner condo in Boston close to Hospitals,0,f,0,0.0,1
88.0,65,42.28312,-71.09187,Private room,1,40,4.86,STR-524356,Mattapan,1,1.0,Private room in Boston Neighborhood (1st Fl),15,t,90,7920.0,1
55.0,4,42.3140755,-71.05715889999999,Private room,29,328,4.0,none,Dorchester,3,1.0,Djady’s,1,f,58,3190.0,0
340.0,79,42.29362,-71.13868,Entire home/apt,2,344,4.99,STR-518362,West Roxbury,1,2.0,Upscale Boston 2 BR w/ Off Street Parking,25,t,150,51000.0,1
300.0,50,42.36971097877554,-71.04019015026245,Entire home/apt,2,270,4.78,STR-524764,East Boston,1,3.0,Location+Comfort+Convenience!,12,t,72,21600.0,1
250.0,2,42.3263693,-71.0918622,Entire home/apt,29,297,5.0,none,Roxbury,1,3.0,Single Family with comfort plus location.,2,f,116,29000.0,0
836.0,1,42.37930140632935,-71.06538013831026,Entire home/apt,29,88,5.0,STR-525162,Charlestown,1,4.0,Mystic River House,0,f,0,0.0,1
367.0,41,42.283682954683336,-71.07296703274152,Entire home/apt,1,348,4.8,STR-522922,Dorchester,5,3.0,Lovely 3 bedroom 2 bath “6 miles from downtown”,11,f,66,24222.0,1
569.0,92,42.3349257,-71.0449714,Entire home/apt,2,317,4.96,STR-401897,South Boston,1,4.0,Heart of Southie - Hot Tub + Walk to Top Bars,34,t,204,116076.0,1
180.0,45,42.2786954,-71.11786239999999,Entire home/apt,3,304,4.89,STR-522292,Roslindale,1,2.0,"Roslindale Condo,W/D in unit,2 BDR,Free Parking",7,t,42,7560.0,1
158.0,1,42.31914890858806,-71.0543593840498,Entire home/apt,29,364,5.0,STR-524924,Dorchester,1,1.0,Boston Getaway,0,f,0,0.0,1
437.0,78,42.30792251715304,-71.06957950762751,Entire home/apt,2,72,4.65,STR-521194,Dorchester,3,5.0,Family & Group Haven near Downtown Retreat,23,f,138,60306.0,1
125.0,11,42.32406084251169,-71.10620076790872,Private room,2,17,4.64,STR-552508,Jamaica Plain,10,1.0,Private Room (Violet) in a House,2,f,12,1500.0,1
100.0,13,42.34111233139622,-71.07471588434498,Private room,30,232,4.92,none,South End,1,1.0,Stylish Room in South End + Private Patio,6,t,255,25500.0,0
282.0,9,42.34081347370269,-71.1012587845715,Entire home/apt,1,232,4.89,STR-519403,Fenway,59,0.0,Fenway Studio Steps to Boston Children's Hospital,9,f,54,15228.0,1
109.0,2,42.32136235398295,-71.05950816707173,Entire home/apt,31,362,5.0,none,Dorchester,9,1.0,Boston 1 bedrm/livingrm close T,1,f,62,6758.0,0
286.0,154,42.3672321,-71.0383392,Entire home/apt,1,293,4.95,STR-523013,East Boston,1,2.0,Quiet brownstone close to city,60,t,255,72930.0,1
90.0,9,42.317710297890656,-71.05689192691577,Private room,29,237,4.89,none,Dorchester,3,1.0,Downtown Boston - Maison Moderne,3,t,174,15660.0,0
109.0,2,42.32121927779309,-71.05758894719567,Entire home/apt,30,360,5.0,none,Dorchester,9,1.0,Boston 1 bed/livingrm close to T,0,f,0,0.0,0
550.0,107,42.3509,-71.14514,Entire home/apt,1,200,4.99,STR-522682,Allston,1,3.0,"New 3 bedroom, 2 bath unit, meadow view!",42,t,252,138600.0,1
119.0,4,42.31936111146322,-71.0576935235636,Entire home/apt,31,277,4.75,none,Dorchester,9,0.0,"1 bed/kitchen, 7 minutes to T",0,f,0,0.0,0
265.0,1,42.3311374,-71.0469214,Entire home/apt,32,207,3.0,none,South Boston,343,1.0,"Blueground | South Boston, w/d, nr carson Bbeach",0,f,0,0.0,0
1020.0,23,42.34268619963691,-71.07805605844173,Entire home/apt,3,336,5.0,STR-418362,South End,1,3.0,South End Stunner/walk to all the neighborhoods!,8,t,48,48960.0,1
171.0,65,42.3469948,-71.1452694,Entire home/apt,1,139,4.75,STR-569345,Brighton,39,1.0,Ideal for long stays | Chic downtown glass suite,56,t,255,43605.0,1
160.0,123,42.36017770501304,-71.06564076074733,Private room,2,343,4.72,STR-590834,Beacon Hill,3,1.0,Private Double Bedroom in Beacon Hill (Bedroom #2),39,t,234,37440.0,1
76.0,168,42.36003164153384,-71.06746991939835,Private room,2,288,4.85,STR-519747,Beacon Hill,3,1.0,Private Bedroom in Beacon Hill (Bedroom #1),62,t,255,19380.0,1
68.0,113,42.3581736763962,-71.06559134916827,Shared room,2,345,4.81,STR-590834,Beacon Hill,3,1.0,Ottoman Cot in Beacon Hill,40,t,240,16320.0,1
140.0,92,42.35039487296866,-71.09370635747206,Entire home/apt,2,298,4.79,STR-524856,Fenway,30,0.0,Walk to Subway!  1st floor! - Steps from the T!,40,t,240,33600.0,1
323.0,14,42.34083,-71.0799,Entire home/apt,1,343,4.64,LB-434068,South End,18,1.0,Brownstone Studio Retreat,11,f,66,21318.0,1
247.0,95,42.34786,-71.14511,Entire home/apt,1,143,4.85,STR-569353,Brighton,39,1.0,Ideal for long stays | elegant suite Boston views,29,t,174,42978.0,1
434.0,161,42.33467151684205,-71.08334665548122,Entire home/apt,2,283,4.96,STR-525603,Roxbury,5,3.0,Charming South End Farmhouse - Near Northeastern!,62,t,255,110670.0,1
183.0,44,42.333891348395305,-71.1064474663934,Entire home/apt,2,185,4.75,STR-545176,Mission Hill,19,0.0,Cute Studio in Longwood/Fenway,17,f,102,18666.0,1
122.0,98,42.33285,-71.10488,Entire home/apt,2,176,4.83,Str-545178,Mission Hill,19,0.0,Stylish Compact Efficiency Unit - Longwood/Fenway,44,f,255,31110.0,1
197.0,45,42.37885436946893,-71.0319274351848,Entire home/apt,1,125,4.89,STR-541684,East Boston,1,1.0,Eastie near the airport Great location,16,t,96,18912.0,1
179.0,37,42.336180098174786,-71.02861688707804,Private room,1,85,5.0,STR-537705,South Boston,2,1.0,Boston by the beach with patio & private bathroom!,9,t,54,9666.0,1
101.0,1,42.3194004182431,-71.05758102174532,Entire home/apt,29,357,5.0,none,Dorchester,7,1.0,"New Boston 1bed/living, close T",0,t,0,0.0,0
251.0,11,42.31445,-71.09751,Entire home/apt,2,353,4.91,STR-528400,Jamaica Plain,1,3.0,Charming New England Artist House,3,f,18,4518.0,1
138.0,82,42.2905563,-71.0523528,Entire home/apt,2,24,4.7,STR-525637,Dorchester,1,2.0,Charming vintage apartment!,43,f,255,35190.0,1
206.0,1,42.3507,-71.06544,Entire home/apt,29,207,5.0,STR-422488,Downtown,31,1.0,"Downtown Studio Apt, Perfect for Medical Workers",0,f,0,0.0,1
278.0,4,42.33726387317135,-71.0835430418494,Entire home/apt,30,308,5.0,Exempt: This listing is a unit used for furnished institutional or business stays,Roxbury,33,2.0,Upscale South End Apt | Walk to Northeastern,0,f,0,0.0,1
123.0,51,42.35666,-71.16563,Private room,1,337,4.96,STR-531923,Brighton,1,1.0,Korean Gem in Brighton,19,t,114,14022.0,1
699.0,3,42.3496,-71.04379,Entire home/apt,29,353,4.33,STR-264768,South Boston Waterfront,72,3.0,Stunning. Unique. And Very Upscale 3BR 2BA W&Dryer,0,f,0,0.0,1
165.0,3,42.34677,-71.14316,Entire home/apt,29,62,5.0,none,Brighton,8,2.0,Homey 2BR 2BA Apartment Close to Boston Downtown,1,f,58,9570.0,0
494.0,112,42.35758,-71.0556,Entire home/apt,1,204,4.72,STR-489710,Downtown,40,2.0,Luxury Loft | W/D in Unit | Pet Friendly,47,f,255,125970.0,1
399.0,3,42.35924344926408,-71.15026073167738,Entire home/apt,29,364,5.0,Str-079287,Brighton,72,2.0,Charming 2BR 2BA Beautiful View King bed W&D insid,0,f,0,0.0,1
209.0,28,42.39006727537949,-71.00597769672298,Entire home/apt,3,64,5.0,STR-464151,East Boston,1,1.0,1Bedroom • Boston• Airport • Magnificent view,14,t,84,17556.0,1
207.0,12,42.28593803715664,-71.14666342630856,Entire home/apt,29,180,5.0,Exempt: This listing is a unit used for furnished institutional or business stays,Roslindale,2,2.0,"Cheerful, Open Concept, Apt. 2BD/1Bath, 1st Floor",4,t,232,48024.0,1
189.0,4,42.25103653441923,-71.13272659288779,Entire home/apt,30,212,5.0,none,Hyde Park,11,4.0,Boston 4bd 2 bath Townhouse with parking & office,2,f,120,22680.0,0
56.0,57,42.3150924,-71.085883,Private room,2,193,4.74,STR-530667,Roxbury,1,1.0,Victorian room hosted by Treana,27,f,162,9072.0,1
547.0,19,42.343446834480865,-71.07304531640413,Entire home/apt,3,4,4.89,STR-529608,South End,1,2.0,Spacious Condo in Boston's South End,3,f,18,9846.0,1
58.0,9,42.3131565640206,-71.05738075256687,Private room,29,281,4.78,Exempt: This listing is a unit used for furnished institutional or business stays,Dorchester,3,1.0,Alyn,1,f,58,3364.0,1
96.0,3,42.32367209126128,-71.10681704647588,Private room,2,110,4.67,STR-552508,Jamaica Plain,10,1.0,Large Private Room (Orchid Room),0,f,0,0.0,1
100.0,4,42.32423,-71.10498,Private room,29,281,5.0,STR-550313,Jamaica Plain,10,1.0,Spacious Private Room (Agave Rm),0,f,0,0.0,1
143.0,89,42.284873568189504,-71.04756586071318,Entire home/apt,2,176,4.78,STR-544857,Dorchester,2,1.0,Cozy Urban Studio in Boston,26,f,156,22308.0,1
961.0,6,42.3284,-71.11054,Entire home/apt,29,364,4.83,Exempt: This listing is a unit used for furnished institutional or business stays,Jamaica Plain,72,2.0,Stunning Unique And Very Upscale,1,f,58,55738.0,1
355.0,1,42.34992,-71.06943,Entire home/apt,32,100,5.0,none,Bay Village,343,1.0,"Blueground | Back Bay, gym & w/d, nr restaurants",0,f,0,0.0,0
66.0,6,42.29326606011727,-71.05967807778376,Private room,32,191,4.83,STR-468301,Dorchester,3,1.0,"Private bedroom, shared bath, off-street parking L",2,t,128,8448.0,1
279.0,4,42.28164157543658,-71.09436311898457,Entire home/apt,29,364,4.75,STR-074983,Mattapan,1,3.0,Retro Bungalow| Inquire for Discounts & Questions,0,f,0,0.0,1
140.0,28,42.27966722977507,-71.16040286824438,Entire home/apt,5,241,4.96,STR-520919,West Roxbury,5,1.0,"Cozy studio near-Train&Bus, safe area in Boston",14,t,140,19600.0,1
499.0,8,42.36033,-71.14863,Entire home/apt,29,364,4.75,Exempt: This listing is a unit used for furnished institutional or business stays,Brighton,72,2.0,Stunning Riverview 2BR/2BA,0,f,0,0.0,1
979.0,108,42.3498155,-71.068324,Entire home/apt,1,264,4.95,STR-593564,Bay Village,3,3.0,"Spacious, Sun-filled Brownstone in Heart of Boston",42,t,252,246708.0,1
1260.0,3,42.349815,-71.068324,Entire home/apt,10,327,5.0,STR-593564,Bay Village,3,3.0,Stunning Luxury Oasis ~Brownstone @Heart of Boston,1,t,20,25200.0,1
307.0,1,42.3465132,-71.1032136,Entire home/apt,32,130,5.0,none,Fenway,343,1.0,"Blueground | Fenway, gym & w/d, nr dining & shops",0,f,0,0.0,0
321.0,62,42.3556715,-71.1375296,Entire home/apt,2,159,4.82,STR-520260,Allston,2,2.0,"Happy Green House, Boston Landing, BU, BC, Harvard",22,t,132,42372.0,1
745.0,23,42.3172101,-71.0598517,Entire home/apt,30,325,4.91,STR-445060,Dorchester,2,6.0,"Spacious, New Renovation | Near T",11,f,255,189975.0,1
170.0,2,42.34851753562866,-71.14247547809995,Entire home/apt,29,61,5.0,none,Brighton,8,2.0,Spacious & Stylish 2BR 2BA Near Downtown Boston,1,f,58,9860.0,0
206.0,97,42.3308789,-71.0371873,Entire home/apt,2,296,5.0,STR-603351,South Boston,1,1.0,Extraordinary 1-Bedroom Apartment in South Boston!,38,t,228,46968.0,1
326.0,94,42.35145241585736,-71.06505139960292,Entire home/apt,1,234,4.59,STR-461738,Downtown,59,2.0,Perfect Traveling Nurse Housing - Theatre District,45,f,255,83130.0,1
163.0,80,42.34673,-71.14722,Entire home/apt,1,136,4.76,STR-569363,Brighton,39,1.0,Ideal for long stays | Modern suite on top floor,37,t,222,36186.0,1
142.0,197,42.36766146996237,-71.03295247100604,Entire home/apt,1,147,4.83,STR-529583,East Boston,2,2.0,Bright 2BR by Boston Waterfront,69,t,255,36210.0,1
303.0,113,42.351110332172645,-71.06699304116705,Entire home/apt,5,133,4.5,STR-461741,Downtown,59,1.0,Modern 1BRs steps from Boston Common + South End,49,f,255,77265.0,1
624.0,58,42.28846,-71.0393,Entire home/apt,1,334,4.83,str-526502,Dorchester,4,5.0,"(DR52) Spacious 6 bed, Close to City, Roof deck!",29,t,174,108576.0,1
420.0,29,42.3204372,-71.05602139999999,Entire home/apt,30,337,4.9,STR-597081,Dorchester,1,4.0,Charming Boston Home | Near T,3,t,180,75600.0,1
66.0,34,42.32193,-71.08004,Private room,2,335,4.62,STR-415018,Roxbury,7,1.0,Alaska Street R21,14,f,84,5544.0,1
239.0,1,42.34988,-71.04433,Entire home/apt,30,322,5.0,Exempt: This listing is a unit used for furnished institutional or business stays,South Boston Waterfront,55,1.0,Apt Downtown Seaport Near Restaurants,1,f,60,14340.0,1
78.0,33,42.32125,-71.07801,Private room,2,269,4.61,STR-415018,Roxbury,7,1.0,Alaska Street R22,9,f,54,4212.0,1
173.0,23,42.3472763,-71.1514285,Entire home/apt,2,47,4.74,STR-532631,Brighton,1,1.0,Brighton Apartment Sleeps 3+ Steps to Bus Line,8,f,48,8304.0,1
88.0,34,42.32184601281022,-71.07909028242294,Private room,2,334,4.68,STR-415018,Roxbury,7,1.0,Alaska Street R24,11,f,66,5808.0,1
357.0,10,42.34983,-71.09379,Entire home/apt,3,336,4.9,Exempt: This listing is a hotel or motel,Fenway,9,1.0,Charlesgate Suites: Premier Oversized One Bedroom,4,t,24,8568.0,1
255.0,22,42.34983,-71.09379,Entire home/apt,3,328,4.77,Exempt: This listing is a hotel or motel,Fenway,9,0.0,Charlesgate Suites: Perfect Lower Level Suite,6,t,36,9180.0,1
230.0,35,42.34983,-71.09379,Entire home/apt,3,287,4.8,Exempt: This listing is a hotel or motel,Fenway,9,0.0,Charlesgate Suites: Lower Level Suite,20,t,120,27600.0,1
287.0,37,42.34983,-71.09379,Entire home/apt,3,332,4.95,Exempt: This listing is a hotel or motel,Fenway,9,0.0,Charlesgate Suites: Renovated & Ready To Host You!,24,t,144,41328.0,1
291.0,25,42.34983,-71.09379,Entire home/apt,3,331,4.76,Exempt: This listing is a hotel or motel,Fenway,9,0.0,Charlesgate Suites: Enjoy Boston Today!,13,t,78,22698.0,1
265.0,22,42.34983,-71.09379,Entire home/apt,3,327,4.77,Exempt: This listing is a hotel or motel,Fenway,9,0.0,Charlesgate Suites: Restored Elegance,9,t,54,14310.0,1
287.0,22,42.34983,-71.09379,Entire home/apt,3,334,4.77,Exempt: This listing is a hotel or motel,Fenway,9,1.0,Charlesgate Suites: Newly Renovated Studio,8,t,48,13776.0,1
265.0,43,42.34983,-71.09379,Entire home/apt,3,330,4.84,Exempt: This listing is a hotel or motel,Fenway,9,0.0,Charlesgate Suites: Urban Chic Delight - Discover,30,t,180,47700.0,1
265.0,42,42.34983,-71.09379,Entire home/apt,3,325,4.9,Exempt: This listing is a hotel or motel,Fenway,9,0.0,Charlesgate Suites: Contemporary Retreat In Style,20,t,120,31800.0,1
223.0,4,42.34916723063684,-71.13388875543235,Entire home/apt,91,278,4.75,none,Allston,1,2.0,"Spacious, Walkable 2BR Condo | 30/60/90+ Nights",2,f,255,56865.0,0
154.0,5,42.34751,-71.09374,Entire home/apt,29,210,4.8,STR-531873,Fenway,59,1.0,Cozy & Modern 1 BDR | Fenway within minutes!,0,f,0,0.0,1
170.0,27,42.34327,-71.08405,Entire home/apt,1,219,4.48,Exempt: This listing is a hotel or motel,Back Bay,52,0.0,Petit Garden Level Micro Studio,22,f,132,22440.0,1
57.0,2,42.35706021337518,-71.12911636763924,Private room,91,266,5.0,none,Allston,9,1.0,"(C) Cozy & comfortable room near Harvard, MIT & BU",1,f,182,10374.0,0
299.0,3,42.29902921546571,-71.06776620274428,Entire home/apt,29,269,4.67,Str-104727,Dorchester,1,3.0,Home Away From Home,2,f,116,34684.0,1
188.0,31,42.34167,-71.08246,Entire home/apt,29,228,4.52,Exempt: This listing is a hotel or motel,South End,52,0.0,Back Bay Simple Studio Apartment,14,f,255,47940.0,1
190.0,29,42.34149086490141,-71.08211337458772,Entire home/apt,29,226,4.55,Exempt: This listing is a hotel or motel,South End,52,0.0,Quiet Studio Circa South End,15,f,255,48450.0,1
199.0,46,42.34183238862012,-71.08212672872108,Entire home/apt,29,235,4.87,Exempt: This listing is a hotel or motel,South End,52,0.0,Retro Studio on Quiet Street,30,f,255,50745.0,1
189.0,26,42.342438994258224,-71.0821252927106,Entire home/apt,29,230,4.73,Exempt: This listing is a hotel or motel,Back Bay,52,0.0,Cozy Studio near Prudential Ctr,20,f,255,48195.0,1
232.0,27,42.3415,-71.08347,Entire home/apt,29,218,4.7,Exempt: This listing is a hotel or motel,Roxbury,52,0.0,Comfy Back Bay Alcove Studio Apt,13,f,255,59160.0,1
425.0,11,42.342008804636386,-71.08411850981184,Entire home/apt,29,273,4.55,Exempt: This listing is a hotel or motel,Fenway,52,0.0,Sunkissed Studio near South End,4,f,232,98600.0,1
182.0,16,42.34437403038891,-71.08257439972587,Entire home/apt,29,237,4.38,Exempt: This listing is a hotel or motel,Back Bay,52,0.0,Blissful South End Studio,4,f,232,42224.0,1
175.0,16,42.34382660197117,-71.08222208744212,Entire home/apt,29,216,4.69,Exempt: This listing is a hotel or motel,Back Bay,52,0.0,Tranquil South End Studio,2,f,116,20300.0,1
247.0,19,42.3451,-71.08007,Entire home/apt,29,210,4.89,Exempt: This listing is a hotel or motel,Back Bay,52,0.0,Newly Renovated w/ Exposed Brick,13,f,255,62985.0,1
195.0,14,42.34214,-71.08206,Entire home/apt,29,229,4.79,Exempt: This listing is a hotel or motel,South End,52,0.0,South End Serene Studio,8,f,255,49725.0,1
203.0,26,42.34436,-71.0821,Entire home/apt,29,216,4.46,Exempt: This listing is a hotel or motel,Back Bay,52,0.0,Harmonious South End Studio,11,f,255,51765.0,1
222.0,20,42.344438876900405,-71.08347546066226,Entire home/apt,29,233,4.6,Exempt: This listing is a hotel or motel,Back Bay,52,0.0,Cozy South End Loft,6,f,255,56610.0,1
186.0,14,42.34364,-71.08199,Entire home/apt,29,220,4.36,Exempt: This listing is a hotel or motel,Back Bay,52,0.0,Elegant Prudential Area Studio,4,f,232,43152.0,1
189.0,23,42.342409342896794,-71.08281844038515,Entire home/apt,29,215,4.43,Exempt: This listing is a hotel or motel,Back Bay,52,0.0,Urban Chic South End Studio,7,f,255,48195.0,1
321.0,119,42.3313364,-71.0548846,Entire home/apt,1,346,4.94,STR-525163,South Boston,1,2.0,Southie Condo-By Subway-Bring Pets-Pool Table,57,t,255,81855.0,1
83.0,126,42.37091,-71.03928,Private room,1,331,4.92,STR-546789,East Boston,2,1.0,"Cozy FULL Bd, 7mn to Aiport, 3mn walk to Train",45,t,255,21165.0,1
360.0,5,42.30782,-71.11265,Entire home/apt,2,98,5.0,STR-588924,Jamaica Plain,1,4.0,Cozy home with backyard & patio,5,f,30,10800.0,1
362.0,62,42.34153,-71.0828,Entire home/apt,1,306,4.73,Exempt: This listing is a hotel or motel,South End,52,0.0,Quaint studio apartment! Back Bay Area,32,f,192,69504.0,1
238.0,69,42.34348985925966,-71.08423327597426,Entire home/apt,1,318,4.78,Exempt: This listing is a hotel or motel,Back Bay,52,0.0,Modern studio apartment!,29,f,174,41412.0,1
152.0,18,42.34300085036171,-71.08404904011313,Entire home/apt,29,227,4.56,Exempt: This listing is a hotel or motel,Back Bay,52,0.0,Modern South-End Studio Apt!,2,f,116,17632.0,1
171.0,24,42.34353,-71.08219,Entire home/apt,29,300,4.42,Exempt: This listing is a hotel or motel,Back Bay,52,0.0,Quaint Studio Apt! | Steps from Back Bay,17,f,255,43605.0,1
173.0,54,42.34366672808913,-71.08386691907516,Entire home/apt,1,211,4.65,Exempt: This listing is a hotel or motel,Back Bay,52,0.0,Old Charm Studio Apt near Back Bay,17,f,102,17646.0,1
183.0,20,42.34192427441922,-71.0823934312471,Entire home/apt,29,226,4.65,Exempt: This listing is a hotel or motel,South End,52,0.0,Centrally Located Basic Studio,13,f,255,46665.0,1
233.0,29,42.34378414344051,-71.08290022500243,Entire home/apt,1,230,4.9,Exempt: This listing is a hotel or motel,Back Bay,52,0.0,Spacious Studio! | Back Bay,16,f,96,22368.0,1
140.0,96,42.3203345,-71.10534799999999,Entire home/apt,1,53,4.93,STR-545405,Jamaica Plain,1,1.0,Beaut private close univ+hospital,39,t,234,32760.0,1
98.0,78,42.34607,-71.1618,Private room,2,19,4.96,STR-545203,Brighton,2,1.0,"Lake st/Brighton Queen BD bath, walk to bus train",31,t,186,18228.0,1
150.0,18,42.34215590068706,-71.08435806459522,Entire home/apt,29,184,4.78,Exempt: This listing is a hotel or motel,Fenway,52,0.0,Prudential Area Loft Retreat,8,f,255,38250.0,1
211.0,22,42.34425,-71.08264,Entire home/apt,29,214,4.91,Exempt: This listing is a hotel or motel,Back Bay,52,0.0,Charming Studio Apt! | Back Bay,7,f,255,53805.0,1
200.0,16,42.342049610623654,-71.08451058659904,Entire home/apt,29,325,4.75,Exempt: This listing is a hotel or motel,Fenway,52,0.0,Serene Studio with Cozy Atmosphere!,7,f,255,51000.0,1
182.0,10,42.34431,-71.08278,Entire home/apt,29,183,3.8,Exempt: This listing is a hotel or motel,Back Bay,52,0.0,Brixton Studio | Minutes from Back Bay!,0,f,0,0.0,1
197.0,8,42.34266082692078,-71.08216115823868,Entire home/apt,29,226,4.75,Exempt: This listing is a hotel or motel,Back Bay,52,0.0,Vibrant Studio! | Minutes from Back Bay,5,f,255,50235.0,1
214.0,16,42.34350157600517,-71.08454095429711,Entire home/apt,29,223,4.06,Exempt: This listing is a hotel or motel,Back Bay,52,0.0,Bright & Cozy Studio Apartment,8,f,255,54570.0,1
179.0,34,42.34238,-71.0837,Entire home/apt,29,308,4.62,Exempt: This listing is a hotel or motel,Back Bay,52,0.0,Chic Metro South End Studio,16,f,255,45645.0,1
177.0,25,42.343982363776675,-71.08253819066451,Entire home/apt,29,201,4.92,Exempt: This listing is a hotel or motel,Back Bay,52,0.0,Artisan Brick South End Loft,14,f,255,45135.0,1
191.0,13,42.29612796442264,-71.05413084152573,Entire home/apt,2,365,4.54,STR-520490,Dorchester,2,3.0,"3BR Victorian getaway with loft, near the Bay",5,f,30,5730.0,1
194.0,122,42.3683239,-71.03689260000002,Entire home/apt,2,275,4.7,STR-585753,East Boston,1,2.0,Lolo’s apt !Best location!,51,f,255,49470.0,1
212.0,23,42.34387393685642,-71.08387142511404,Entire home/apt,29,326,4.52,Exempt: This listing is a hotel or motel,Back Bay,52,0.0,South End Blissful Studio,9,f,255,54060.0,1
186.0,28,42.34196079667983,-71.08244915742726,Entire home/apt,29,227,4.57,Exempt: This listing is a hotel or motel,South End,52,0.0,Stylish South End Studio,15,f,255,47430.0,1
208.0,12,42.34378,-71.08451,Entire home/apt,29,327,4.75,Exempt: This listing is a hotel or motel,Back Bay,52,0.0,South End Serene Studio,3,f,174,36192.0,1
231.0,15,42.34221,-71.08316,Entire home/apt,29,221,4.4,Exempt: This listing is a hotel or motel,Back Bay,52,0.0,Peaceful Back Bay Studio,6,f,255,58905.0,1
177.0,14,42.34211704773742,-71.08394470499259,Entire home/apt,1,329,4.5,Exempt: This listing is a hotel or motel,Back Bay,52,0.0,Cozy Central South End Studio,6,f,36,6372.0,1
187.0,14,42.34369,-71.08373,Entire home/apt,29,271,4.5,Exempt: This listing is a hotel or motel,Back Bay,52,0.0,Lovely Studio Apt | South End,10,f,255,47685.0,1
197.0,32,42.34174,-71.08232,Entire home/apt,1,306,4.47,Exempt: This listing is a hotel or motel,South End,52,0.0,Wonderful South End Studio,11,f,66,13002.0,1
144.0,26,42.34188,-71.08378,Entire home/apt,29,216,4.54,Exempt: This listing is a hotel or motel,Fenway,52,0.0,Sleek Back Bay Studio,15,f,255,36720.0,1
181.0,19,42.34283,-71.08414,Entire home/apt,29,317,4.68,Exempt: This listing is a hotel or motel,Back Bay,52,0.0,Airy Studio | South End,11,f,255,46155.0,1
65.0,1,42.30451,-71.06783,Private room,31,267,5.0,none,Dorchester,4,1.0,Private Queen Bedroom in city,0,f,0,0.0,0
209.0,50,42.2622,-71.11584,Entire home/apt,1,354,4.86,STR-541389,Hyde Park,1,3.0,"*Cozy, Convenient Boston. Indulge, you deserve it*",21,t,126,26334.0,1
100.0,2,42.27275820000001,-71.1636271,Entire home/apt,91,161,5.0,none,West Roxbury,3,1.0,Small Studio in quiet area,2,t,255,25500.0,0
195.0,2,42.34957526552142,-71.07428161896075,Entire home/apt,29,328,5.0,none,Back Bay,1,1.0,Raffles Pied-A-Tier Studio,1,t,58,11310.0,0
634.0,72,42.33248448718322,-71.03141129766878,Entire home/apt,3,222,4.96,STR-512153,South Boston,1,5.0,Beautiful Southie Single Family,29,t,174,110316.0,1
421.0,41,42.2842416,-71.167526,Entire home/apt,1,324,4.88,STR-533053,West Roxbury,1,5.0,Single Family Boston House Great Privacy,23,t,138,58098.0,1
399.0,1,42.34823,-71.08041,Entire home/apt,29,365,5.0,Exempt: This listing is a unit used for furnished institutional or business stays,Back Bay,72,2.0,Spacious 2BR 2BA in Back Bay,0,f,0,0.0,1
250.0,3,42.36748894863978,-71.03160281458007,Entire home/apt,90,266,4.67,STR-529583,East Boston,2,2.0,Bright 2BR By Boston Waterfront,1,t,180,45000.0,1
250.0,11,42.35012530594145,-71.04326350753023,Entire home/apt,9,8,4.91,STR-575045,South Boston Waterfront,55,1.0,Lux 1BR w/ Amenities in Seaport,3,f,54,13500.0,1
235.0,94,42.34955280297618,-71.09576616985966,Entire home/apt,2,293,4.89,STR-526091,Fenway,30,1.0,Walk! Walk! Walk! 1 Bed / 1 Bath - 2 mins from T!,37,t,222,52170.0,1
88.0,17,42.28136,-71.09466,Private room,1,353,5.0,STR-577876,Mattapan,1,1.0,New Private Room in Condo with a Dog,10,t,60,5280.0,1
382.0,3,42.32872592745317,-71.11223613595075,Entire home/apt,29,296,3.67,Exempt: This listing is a unit used for furnished institutional or business stays,Jamaica Plain,72,2.0,Luxury 2 Br 2 Ba apt Boston Jamica pond,0,f,0,0.0,1
90.0,1,42.32155,-71.05724,Entire home/apt,31,327,4.0,none,Dorchester,7,0.0,"Boston studio, 7 minutes to T",1,t,62,5580.0,0
455.0,62,42.38045,-71.07001,Entire home/apt,2,137,4.97,STR-538419,Charlestown,1,3.0,"Designer 3-BR Apt in Historic Charlestown, Boston",36,t,216,98280.0,1
167.0,15,42.3434,-71.08432,Entire home/apt,1,228,4.0,STR-531850,Back Bay,52,0.0,Stellar South End Studio,6,f,36,6012.0,1
150.0,29,42.34399414329803,-71.08190357954153,Entire home/apt,29,215,4.76,Exempt: This listing is a hotel or motel,Back Bay,52,0.0,Compact Back Bay Studio,18,f,255,38250.0,1
57.0,38,42.32189708739804,-71.05528191741077,Private room,29,334,4.68,STR-455882,Dorchester,13,1.0,K. Spacious room easy commute to Boston Downtown,8,f,255,14535.0,1
52.0,40,42.32087406801446,-71.05568976922757,Private room,29,361,4.88,STR-455882,Dorchester,13,1.0,L. Sunny room easy commute to Boston Downtown,6,f,255,13260.0,1
57.0,33,42.32252,-71.05746,Private room,29,333,4.82,STR-455882,Dorchester,13,1.0,M. Large room easy commute to Boston Downtown.,10,f,255,14535.0,1
196.0,45,42.34376175238195,-71.08199789552447,Entire home/apt,1,231,4.6,Exempt: This listing is a hotel or motel,Back Bay,52,0.0,Modern Simple Studio | South End,22,f,132,25872.0,1
222.0,53,42.343215714583415,-71.08403995728031,Entire home/apt,1,220,4.68,Exempt: This listing is a hotel or motel,Back Bay,52,0.0,Peaceful South End Studio!,27,f,162,35964.0,1
119.0,30,42.343985241791366,-71.0824229492576,Entire home/apt,1,303,4.4,STR-531837,Back Bay,52,0.0,Serene South End Studio,9,f,54,6426.0,1
165.0,71,42.34376,-71.08188,Entire home/apt,1,299,4.56,Exempt: This listing is a hotel or motel,Back Bay,52,0.0,Lovely South End Studio,44,f,255,42075.0,1
207.0,15,42.34336,-71.08395,Entire home/apt,1,226,4.6,Exempt: This listing is a hotel or motel,Back Bay,52,0.0,Charming South End Studio Apt,3,f,18,3726.0,1
139.0,22,42.34211322463612,-71.0835579706857,Entire home/apt,29,229,4.77,Exempt: This listing is a unit that has contracts with hospitals,Back Bay,52,0.0,Peaceful Studio | Close to Fenway,7,f,255,35445.0,1
208.0,47,42.34259,-71.08393,Entire home/apt,1,310,4.64,Exempt: This listing is a hotel or motel,Back Bay,52,0.0,Spacious Studio Apt | South End,18,f,108,22464.0,1
174.0,42,42.3418,-71.08347,Entire home/apt,1,230,4.57,Exempt: This listing is a hotel or motel,Back Bay,52,0.0,Quaint Studio Apt | Close to Fenway,15,f,90,15660.0,1
303.0,77,42.3417319,-71.1431193,Private room,1,361,4.22,Exempt: This listing is a hotel or motel,Brighton,3,1.0,Studio Room at Hotel Boston,2,f,12,3636.0,1
399.0,4,42.35947,-71.1486,Entire home/apt,29,364,4.75,Exempt: This listing is a unit used for furnished institutional or business stays,Brighton,72,2.0,2BR 2BA Beautiful View  W&D,0,f,0,0.0,1
37.0,12,42.29276687560215,-71.12202441282217,Private room,29,72,4.58,none,Roslindale,8,1.0,"Roslindale Room near MBTA, self check-in",6,t,255,9435.0,0
228.0,38,42.286338056398,-71.04252835224409,Entire home/apt,3,55,4.71,STR-559439,Dorchester,1,3.0,Hidden Gem in Port Norfolk,27,t,162,36936.0,1
406.0,7,42.34261,-71.14372,Private room,1,363,3.57,Exempt: This listing is a hotel or motel,Brighton,3,1.0,One Bedroom Apt in Boston Hotel,0,f,0,0.0,1
250.0,6,42.32851223209749,-71.05345238041572,Private room,1,72,5.0,STR-537702,South Boston,1,1.0,The Win on Wendeller - A Stylish Condo in Boston,0,f,0,0.0,1
269.0,80,42.2907089,-71.0461607,Entire home/apt,1,339,4.73,STR-570818,Dorchester,1,4.0,988/2 - 4BR Boston|Cozy Getaway near Geneva Cliffs,29,t,174,46806.0,1
69.0,40,42.27770002445315,-71.16073794979158,Private room,1,98,4.85,STR-513970,West Roxbury,16,1.0,Private room lock double bed flr 3 window a.c,12,t,72,4968.0,1
212.0,19,42.34873,-71.06069,Entire home/apt,91,146,4.32,STR-399153,Chinatown,4,2.0,"DowntownBoston,Nearly everything",14,f,255,54060.0,1
198.0,50,42.3483657,-71.0698862,Entire home/apt,3,269,3.98,STR-415225,Bay Village,17,1.0,Private Studio In Boston's Bay Village!,21,f,126,24948.0,1
305.0,103,42.35202976524467,-71.08161956401018,Entire home/apt,1,218,4.79,STR-450901,Back Bay,59,0.0,Bright Back Bay Studio,40,f,240,73200.0,1
101.0,2,42.35284739226045,-71.13352082669735,Entire home/apt,91,297,4.5,none,Allston,1,1.0,"Heart of Allston BU, Green Line",0,f,0,0.0,0
164.0,44,42.34524270793829,-71.15029424465831,Entire home/apt,2,148,4.89,STR-544744,Brighton,3,2.0,"2 Bedroom Loft Apartment in Brighton, Free Parking",34,t,204,33456.0,1
130.0,8,42.31597,-71.10642,Entire home/apt,29,67,4.88,none,Jamaica Plain,4,1.0,"One Bed + Office, 2nd Floor & Steps to Orange Line",5,t,255,33150.0,0
195.0,60,42.3423474596366,-71.07732179238533,Entire home/apt,1,149,4.78,STR-599891,South End,36,0.0,"(476-5) Roof Deck, 2beds, Cozy, Comfy, Location!",25,t,150,29250.0,1
218.0,91,42.34214779250125,-71.07909586835892,Entire home/apt,1,137,4.78,STR-599887,South End,36,0.0,"(476-2) Clean & Cozy, South End / Back Bay!",37,t,222,48396.0,1
188.0,85,42.34226,-71.07925,Entire home/apt,1,127,4.86,STR-599893,South End,36,0.0,"(476-9) Queen Studio, Back Bay/ South End, W/D.",41,t,246,46248.0,1
227.0,52,42.36743,-71.03544,Entire home/apt,3,25,4.98,STR-478920,East Boston,1,2.0,Cozy full condo / Walkable to T,19,t,114,25878.0,1
349.0,7,42.25749571383021,-71.11875652965605,Entire home/apt,2,365,3.29,Str-144818,Hyde Park,3,3.0,Peace love humility and safety,3,f,18,6282.0,1
72.0,1,42.3370788943205,-71.03337548072379,Private room,91,249,5.0,none,South Boston,7,1.0,Travelers Lux Room in the Heart of South Boston #1,0,f,0,0.0,0
190.0,100,42.34696,-71.10332,Entire home/apt,1,142,4.68,str-543851,Fenway,7,0.0,(PG03) Cozy Budget-Friendly Studio in Fenway,34,f,204,38760.0,1
248.0,99,42.34445218198396,-71.08105165816404,Entire home/apt,2,286,4.96,STR-465643,Back Bay,30,1.0,Super location! Walk everywhere! 1 bed / 1 bath,51,t,255,63240.0,1
75.0,100,42.3710378806628,-71.04006197628438,Private room,1,229,4.94,STR-546789,East Boston,2,1.0,"Cozy Queen Bd, 7mn to Aiport, 3 mn walk to Train",49,t,255,19125.0,1
495.0,16,42.35044641835193,-71.06818657368422,Entire home/apt,29,204,5.0,Exempt: This listing is a unit that has contracts with hospitals,Bay Village,9,2.0,Back-Bay* Boston* Downtown* w/Gym & Parking,0,t,0,0.0,1
316.0,98,42.34922,-71.09505,Entire home/apt,2,300,4.84,STR-526090,Fenway,30,2.0,Walk! Walk! Kenmore Square - 2 Beds / 1 Bathroom,46,t,255,80580.0,1
255.0,63,42.34909022215199,-71.09523336919413,Entire home/apt,1,309,4.67,STR-438671,Fenway,59,1.0,Chic Fenway 1b Perfect Location!,19,f,114,29070.0,1
115.0,1,42.3240913,-71.0907016,Entire home/apt,91,216,5.0,Exempt: This listing is a unit used for furnished institutional or business stays,Roxbury,4,2.0,Beautiful Two Bedroom Apartment,0,f,0,0.0,1
217.0,45,42.27659184787903,-71.11711643636227,Entire home/apt,1,75,4.98,STR-561210,Roslindale,1,2.0,My Sweet Apartment,27,t,162,35154.0,1
59.0,4,42.33661532636998,-71.03493836024303,Private room,91,266,4.75,none,South Boston,7,1.0,Luxury Room in the Heart of South Boston #3,2,f,255,15045.0,0
271.0,79,42.34372357126928,-71.15170223466356,Entire home/apt,2,149,4.86,STR-542383,Brighton,3,2.0,"Newly renovated apartment, 2 bedroom, Free parking",39,t,234,63414.0,1
547.0,12,42.34309827458531,-71.07708044350147,Entire home/apt,3,192,5.0,STR-551850,South End,1,2.0,South End Penthouse w/Roofdeck,10,t,60,32820.0,1
89.0,26,42.2787557,-71.16044099999999,Private room,1,266,4.88,STR-513970,West Roxbury,16,1.0,private room w/ 2 single beds for 1 or 2 with a.c.,12,t,72,6408.0,1
134.0,79,42.33964,-71.0938,Entire home/apt,1,302,4.63,STR-540387,Fenway,86,1.0,"Ideal Spot Near Fenway & Berklee College, Ground L",48,f,255,34170.0,1
126.0,56,42.33951673701451,-71.09350181962292,Entire home/apt,1,295,4.63,STR-540389,Fenway,86,1.0,"Central Location by Fenway & Berklee College, Grou",21,f,126,15876.0,1
164.0,37,42.3403,-71.09578,Entire home/apt,1,317,4.68,STR-540390,Fenway,86,1.0,"Stay Close to Fenway, Berklee & Newbury St, #4",18,f,108,17712.0,1
174.0,42,42.34013,-71.0956,Entire home/apt,1,304,4.71,STR-540391,Fenway,86,1.0,Boston Getaway: Steps to Fenway & Top Sights #101,22,f,132,22968.0,1
196.0,37,42.3405182,-71.0945877,Entire home/apt,1,310,4.73,STR-540401,Fenway,86,1.0,"Walk to Berklee College & Fenway Park, #202",16,f,96,18816.0,1
92.0,2,42.33886227708896,-71.15213032985815,Entire home/apt,91,277,5.0,none,Brighton,1,1.0,My city sunshine apt,1,t,182,16744.0,0
149.0,29,42.34026,-71.09563,Entire home/apt,1,331,4.59,STR-540404,Fenway,86,1.0,"Fenway Park, Berklee & Newbury at Your Door, #205",11,f,66,9834.0,1
168.0,23,42.33977,-71.09559,Entire home/apt,1,333,4.7,STR-540392,Fenway,86,1.0,"Perfect Location Near Fenway & Berklee College, #1",4,f,24,4032.0,1
140.0,39,42.33969,-71.09415,Entire home/apt,1,299,4.79,STR-540393,Fenway,86,1.0,Boston Getaway: Steps to Fenway & Top Sights #103,16,f,96,13440.0,1
189.0,48,42.34168617543995,-71.09518205208003,Entire home/apt,1,281,4.88,STR-540400,Fenway,86,1.0,Stay in Style: Fenway Park Around the Corner #201,16,f,96,18144.0,1
137.0,38,42.341502139596166,-71.09552725688755,Entire home/apt,1,322,4.74,STR-540402,Fenway,86,1.0,"Stay in the Heart of Fenway & Berklee, #203",10,f,60,8220.0,1
203.0,29,42.34007,-71.09347,Entire home/apt,1,319,4.9,STR-540403,Fenway,86,1.0,"Central to Fenway, Berklee & Newbury St, #204",16,f,96,19488.0,1
210.0,56,42.34675,-71.09135,Entire home/apt,1,317,4.79,STR-540405,Fenway,86,1.0,"Perfect Base Near Fenway & Berklee College, #206",30,f,180,37800.0,1
185.0,48,42.34484487859594,-71.0906269950402,Entire home/apt,1,300,4.71,STR-540409,Fenway,86,1.0,"Walk to Fenway, Berklee College & More, #207",20,f,120,22200.0,1
152.0,50,42.344704861725305,-71.09044872306895,Entire home/apt,1,319,4.68,STR-540407,Fenway,86,1.0,"Stay Close to Fenway Park & Berklee College, #208",14,f,84,12768.0,1
213.0,63,42.33963722877396,-71.09398343821611,Entire home/apt,1,319,4.84,STR-540410,Fenway,86,1.0,"In the Center of Fenway, Berklee & Newbury, #209",26,f,156,33228.0,1
164.0,64,42.34534,-71.09138,Entire home/apt,1,269,4.83,STR-540412,Fenway,86,1.0,"Steps from Fenway Park, Berklee & Newbury, #301",34,f,204,33456.0,1
171.0,66,42.33973,-71.09544,Entire home/apt,1,320,4.91,STR-540413,Fenway,86,1.0,Bright&Modern Studio in Boston’s Fenway Area #302,38,f,228,38988.0,1
138.0,24,42.34014,-71.09545,Entire home/apt,1,331,4.75,STR-540415,Fenway,86,1.0,"Fenway, Berklee College & Shopping Nearby, #303",9,f,54,7452.0,1
157.0,98,42.34159093155845,-71.09413088507534,Entire home/apt,1,302,4.87,STR-540416,Fenway,86,1.0,"Prime Location by Berklee College & Fenway, #304",46,f,255,40035.0,1
158.0,48,42.33989,-71.09554,Entire home/apt,1,333,4.77,STR-540418,Fenway,86,1.0,"Fenway, Berklee College & Newbury St Just Minutes",28,f,168,26544.0,1
131.0,26,42.341708921510254,-71.09485568035703,Entire home/apt,1,311,4.73,STR-540419,Fenway,86,1.0,"Walk to Fenway, Berklee & Iconic Boston Spots, #30",11,f,66,8646.0,1
164.0,86,42.34659,-71.0892,Entire home/apt,1,291,4.78,STR-540426,Fenway,86,1.0,"Steps from Fenway Park, Berklee & Newbury, #401",45,f,255,41820.0,1
173.0,19,42.33947,-71.09381,Entire home/apt,1,326,4.32,STR-540428,Fenway,86,1.0,"Fenway Park & Berklee College Just Steps Away, #40",8,f,48,8304.0,1
141.0,43,42.33935,-71.09415,Entire home/apt,1,279,4.65,STR-540431,Fenway,86,1.0,"Ideal Location by Fenway, Berklee & Shopping, #404",25,f,150,21150.0,1
199.0,31,42.33941039268015,-71.09387939893679,Entire home/apt,1,323,4.71,STR-540432,Fenway,86,1.0,"Live by Fenway Park & Berklee College, #405",7,f,42,8358.0,1
201.0,36,42.339688701361496,-71.09537347149856,Entire home/apt,1,322,4.69,STR-540433,Fenway,86,1.0,"Fenway, Berklee & Newbury St at Your Door, #406",15,f,90,18090.0,1
169.0,521,42.34681494729365,-71.09053291074052,Entire home/apt,1,343,4.8,STR-540422,Fenway,86,1.0,Stay in the Heart of Fenway & Berklee,230,f,255,43095.0,1
118.0,41,42.34167,-71.09485,Entire home/apt,1,288,4.8,STR-540427,Fenway,86,1.0,"Stay Near Berklee College, Fenway & Newbury, #402",10,f,60,7080.0,1
97.0,131,42.37654878429381,-71.03550695040252,Private room,1,15,4.49,STR-445805,East Boston,3,1.0,Simple Room walking to Airport T,43,f,255,24735.0,1
203.0,91,42.32048,-71.07729,Entire home/apt,2,331,4.89,STR-539401,Roxbury,2,2.0,Newly Renovated Roxbury Tower,39,t,234,47502.0,1
68.0,13,42.35007174728618,-71.1347417826025,Private room,29,357,4.54,Exempt: This listing is a unit used for furnished institutional or business stays,Allston,4,1.0,AL/R3 Boston's New Room Central Spot,1,f,58,3944.0,1
64.0,28,42.27981,-71.15979,Private room,1,265,4.89,STR-513970,West Roxbury,16,1.0,W.R. Private room twin bed floor 3 w/ window a.c.,14,t,84,5376.0,1
263.0,30,42.33612195959301,-71.04810612535806,Entire home/apt,1,144,4.9,STR-539404,South Boston,1,2.0,2BR walking distance to seaport/downtown,7,f,42,11046.0,1
499.0,2,42.32833,-71.11261,Entire home/apt,29,365,4.0,Str-562345,Jamaica Plain,72,2.0,Lovely corner 2 BR 2BA apt Boston  hospitals.,1,f,58,28942.0,1
248.0,87,42.2904444,-71.06052729999999,Entire home/apt,2,328,4.93,Str-539606,Dorchester,3,2.0,Modern Apt in Boston|Near Subway|Free Parking|Safe,33,t,198,49104.0,1
167.0,97,42.37138183463158,-71.0399257294879,Entire home/apt,2,315,4.87,STR-540462,East Boston,1,1.0,1 BR Gem 5min to Train & Airport explore the city,57,t,255,42585.0,1
102.0,20,42.31276,-71.07632,Private room,1,0,4.9,STR-520018,Dorchester,1,1.0,Modern/chic one-bedroom in eco Smart Home -Room #2,7,t,42,4284.0,1
191.0,102,42.32162,-71.07709,Entire home/apt,2,320,4.96,STR-538999,Roxbury,2,2.0,Newly Renovated + Spacious Apt w/ Parking,41,t,246,46986.0,1
206.0,107,42.34745,-71.14425,Entire home/apt,1,133,4.86,STR-569347,Brighton,39,2.0,Ideal for long stays | Spacious suite in Boston,64,t,255,52530.0,1
450.0,7,42.33322,-71.08187,Entire home/apt,1,263,4.0,Str-460336,Roxbury,5,2.0,Brownstone 5 mins from downtown,6,f,36,16200.0,1
599.0,2,42.32852,-71.11264,Entire home/apt,29,365,5.0,Exempt: This listing is a unit used for furnished institutional or business stays,Jamaica Plain,72,2.0,Stunning Unique And Very Upscale,1,f,58,34742.0,1
376.0,43,42.2957068309299,-71.06245390225585,Entire home/apt,2,316,4.72,STR-516310,Dorchester,1,4.0,Beautiful Victorian house with Views. free parking,19,f,114,42864.0,1
182.0,18,42.3751160129216,-71.03648402799509,Private room,1,261,4.94,STR-539781,East Boston,1,1.0,"Convenient, Brand new,Comfy!",6,f,36,6552.0,1
202.0,67,42.34997392964146,-71.0863109533545,Entire home/apt,1,221,4.73,STR-520913,Back Bay,59,1.0,Centrally located 1bed | Newbury Street,21,f,126,25452.0,1
262.0,7,42.34745,-71.09337,Entire home/apt,29,132,4.43,STR-540557,Fenway,59,1.0,Stunning 1 Bedroom Apt | Close to Fenway!,0,f,0,0.0,1
675.0,3,42.34912288099626,-71.09502145230869,Entire home/apt,29,111,5.0,STR-540559,Fenway,59,1.0,Spacious Fenway 1BR,0,f,0,0.0,1
412.0,82,42.34932333395925,-71.09343258651612,Entire home/apt,1,263,4.7,STR-461741,Fenway,59,1.0,Cozy 1BDR Close to Fenway!,30,f,180,74160.0,1
103.0,18,42.37678841792915,-71.03961241652674,Entire home/apt,2,226,4.72,STR-540349,East Boston,2,2.0,Adventure: Therapy - Boston,9,f,54,5562.0,1
301.0,109,42.33587636211053,-71.05071114287647,Entire home/apt,2,195,4.86,STR-544933,South Boston,2,2.0,Penthouse 2 Beds /2 Baths luxury in South Boston,50,t,255,76755.0,1
141.0,233,42.34658,-71.08952,Entire home/apt,1,328,4.82,STR-540439,Fenway,86,1.0,"Walk to Berklee, Fenway & Newbury St",104,f,255,35955.0,1
110.0,41,42.31500761298455,-71.11426414828182,Private room,1,16,4.98,STR-538357,Jamaica Plain,1,1.0,Hidden Oasis in Trendy Boston Neighborhood,21,t,126,13860.0,1
73.0,12,42.27335926355007,-71.09710208829844,Private room,1,170,4.75,STR-540796,Mattapan,1,1.0,Arc House 1,6,t,36,2628.0,1
236.0,57,42.3526215069712,-71.14915567999259,Entire home/apt,2,54,4.75,STR-525950,Brighton,1,2.0,2 BR Apt close to Boston/Cambridge free parking,19,t,114,26904.0,1
423.0,4,42.364953871152416,-71.05490069003484,Entire home/apt,9,256,5.0,STR-476426,North End,14,3.0,"Large 3 Bed, 2 Bath in North End",1,f,18,7614.0,1
229.0,57,42.351682651636246,-71.12784399525064,Entire home/apt,1,346,4.67,STR-539938,Allston,23,2.0,2bd Condo with 2 KING Size Beds,21,t,126,28854.0,1
209.0,74,42.33180235458784,-71.10778483449555,Entire home/apt,3,42,4.84,STR-536148,Mission Hill,4,1.0,Longwood/Fenway Hill Top 2-Levels Loft 1BR Apt,34,t,204,42636.0,1
210.0,71,42.34279201147984,-71.08403036368907,Entire home/apt,1,335,4.75,STR-595431,Back Bay,4,0.0,"The Ellie House 2- Simple, Back Bay, Cozy!",29,f,174,36540.0,1
413.0,11,42.34665116254424,-71.10432562176896,Entire home/apt,29,363,4.73,Exempt: This listing is a unit that has contracts with hospitals,Fenway,59,2.0,Simple 2 Bd/2 bth | Washer/Dryer | Close to Fenway,11,f,255,105315.0,1
177.0,86,42.34623680055352,-71.09133845270514,Entire home/apt,1,320,4.76,STR-540397,Fenway,86,1.0,Prime Location by Fenway & Berklee College,37,f,222,39294.0,1
78.0,6,42.28173,-71.07449,Private room,29,171,4.83,none,Dorchester,18,1.0,Large Bedroom Suite & Private Bathroom 1B,2,t,116,9048.0,0
1001.0,67,42.3426674,-71.0873809,Entire home/apt,1,141,4.97,STR-546475,Fenway,1,4.0,Brownstone Townhouse in Fenway,36,t,216,216216.0,1
107.0,19,42.30916,-71.07097,Private room,2,333,4.58,STR-588864,Dorchester,3,1.0,Cozy Boston: Private Bed & Bath in Dorchester,19,t,114,12198.0,1
675.0,78,42.34845,-71.06546,Entire home/apt,2,62,4.79,STR-398230,Chinatown,1,3.0,Spacious 3 Bed 2.5 Bath Home Top Loc. w/Parking,43,f,255,172125.0,1
93.0,6,42.31141,-71.08038,Private room,3,360,4.0,STR-540867,Dorchester,3,1.0,sunny and oversized in quiet area,5,f,30,2790.0,1
84.0,20,42.36092,-71.13096,Private room,1,356,4.55,STR-544976,Allston,17,1.0,Near Harvard Business 1-2,20,f,120,10080.0,1
83.0,124,42.36105925775997,-71.13071205801292,Private room,1,353,4.62,Str-544976,Allston,17,1.0,Near Harvard Business 2-2,67,f,255,21165.0,1
88.0,147,42.35951917443434,-71.13233011186199,Private room,1,348,4.76,Str-544976,Allston,17,1.0,Near Harvard Business 2-3,82,f,255,22440.0,1
218.0,92,42.34277828280088,-71.07696181995313,Entire home/apt,1,150,4.86,str-561975,South End,36,0.0,"(T4) Pizza, Nails, Shopping, South End Studio!",43,t,255,55590.0,1
107.0,30,42.282933721379685,-71.13908365959594,Private room,1,245,4.7,STR-541682,Roslindale,1,1.0,Nice bedroom in a good location,14,f,84,8988.0,1
90.0,3,42.28131620551634,-71.0724701415106,Private room,29,342,5.0,none,Dorchester,18,1.0,Spacious Bedroom + Private Bath 1A,1,t,58,5220.0,0
59.0,5,42.28125937628452,-71.07259021511832,Private room,29,277,4.2,none,Dorchester,18,1.0,Comfy Bedroom Suite + Private Attached Bath 1D,1,t,58,3422.0,0
60.0,5,42.28229899028369,-71.0733387619257,Private room,29,296,5.0,none,Dorchester,18,1.0,Cozy Bedroom + Private Bath 1C,3,t,174,10440.0,0
193.0,35,42.34361,-71.0819,Entire home/apt,29,230,4.89,Exempt: This listing is a unit that has contracts with hospitals,Back Bay,52,0.0,Modern Studio | South End,12,f,255,49215.0,1
80.0,45,42.27814752448772,-71.14810650144058,Private room,1,254,4.96,STR-542608,West Roxbury,4,1.0,Charming & Cozy Bedroom for Single or Couple,23,t,138,11040.0,1
85.0,52,42.27349,-71.11965,Private room,1,51,5.0,STR-541176,Roslindale,1,1.0,Private Room: Free & Easy Street Parking,30,t,180,15300.0,1
118.0,38,42.31908,-71.05463,Private room,29,344,4.87,STR-595441,Dorchester,13,1.0,G3_Room Near Downtown Boston & BCEC (3 miles) JFK,7,f,255,30090.0,1
118.0,19,42.3179414473076,-71.05426592509909,Private room,29,343,4.74,STR-541679,Dorchester,13,4.0,G4_Room Near Downtown Boston & BCEC (3 miles) JFK,6,f,255,30090.0,1
214.0,31,42.24883,-71.12157,Entire home/apt,29,321,4.77,STR-522953,Hyde Park,4,3.0,Boston Duplex w/ Foosball Table: 11 Mi to Downtown,6,f,255,54570.0,1
60.0,3,42.2822991,-71.0733387,Private room,29,13,4.67,none,Dorchester,18,1.0,Cozy Bedroom with En-Suite Bath 2C,1,t,58,3480.0,0
84.0,5,42.28229899028369,-71.0733387619257,Private room,29,324,5.0,none,Dorchester,18,1.0,Spacious Bedroom + Private Bath 2A,2,t,116,9744.0,0
76.0,5,42.28229899028369,-71.0733387619257,Private room,29,276,4.0,none,Dorchester,18,1.0,Comfy Bedroom + Private Attached Bath 2D,2,t,116,8816.0,0
76.0,4,42.28229899028369,-71.0733387619257,Private room,29,283,5.0,none,Dorchester,18,1.0,Large Bedroom + En-suite Bath 2B,2,t,116,8816.0,0
60.0,6,42.28229899028369,-71.0733387619257,Private room,30,181,4.83,none,Dorchester,18,1.0,Cozy Bedroom with Private Bath 3C,4,t,240,14400.0,0
202.0,7,42.3661862,-71.05216779999999,Entire home/apt,10,338,5.0,STR-550228,North End,55,1.0,Entire Apt Near Wharf,3,f,60,12120.0,1
275.0,135,42.36533,-71.03132,Entire home/apt,1,131,4.96,STR-539400,East Boston,1,2.0,Luxury Penthouse w/ Private Roof Deck By The Ocean,71,t,255,70125.0,1
346.0,42,42.30945,-71.10263,Entire home/apt,30,295,4.88,STR-570317,Jamaica Plain,5,3.0,Cozy Boston Condo | Near T,27,t,255,88230.0,1
118.0,47,42.31743531669537,-71.05464128535206,Private room,29,343,4.89,STR-541679,Dorchester,13,1.0,G1_Room Near Downtown  Boston With Private Bath,12,f,255,30090.0,1
118.0,29,42.3181,-71.054,Private room,29,344,4.86,STR-595441,Dorchester,13,1.0,G2_Room Near Downtown Boston & BCEC (3 miles) JFK,2,f,116,13688.0,1
839.0,2,42.32842,-71.11058,Entire home/apt,1,358,5.0,Exempt: This listing is a unit used for furnished institutional or business stays,Jamaica Plain,16,2.0,Luxury 2 Br 2 Ba apt Boston Jamica pond,2,f,12,10068.0,1
150.0,1,42.29889,-71.06402,Private room,1,263,5.0,STR-582651,Dorchester,1,1.0,Beautiful rooms near red line!,1,f,6,900.0,1
253.0,95,42.36629,-71.05851,Entire home/apt,2,264,4.56,Exempt: This listing is a unit used for furnished institutional or business stays,Downtown,10,2.0,"TD Garden,Celtics/Bruins, Lil Italy,North End",42,f,252,63756.0,1
136.0,109,42.32802,-71.0947,Entire home/apt,2,6,4.81,STR-544087,Roxbury,1,2.0,Beautiful Rental Unit in Fort Hill (Boston),39,t,234,31824.0,1
401.0,152,42.33951,-71.04908,Entire home/apt,1,220,4.93,STR-541462,South Boston,1,2.0,2 BDR/2b- walk to Seaport & BCEC,79,t,255,102255.0,1
302.0,4,42.3417319,-71.1431193,Private room,1,361,3.5,Exempt: This listing is a hotel or motel,Brighton,3,1.0,King Studio Room at Hotel Boston,0,f,0,0.0,1
71.0,2,42.297296271741395,-71.07495618643411,Private room,31,128,5.0,STR-540680,Dorchester,4,1.0,Smart Queen Bedr w/ Ensuite Bathr,0,t,0,0.0,1
57.0,4,42.29909119250435,-71.07462229640532,Private room,31,95,5.0,STR-540680,Dorchester,4,1.0,Chic Queen Bedr Shared Bathroom,1,t,62,3534.0,1
56.0,4,42.29847,-71.07686,Private room,31,114,5.0,STR-540680,Dorchester,4,1.0,Calm Queen Bedr Shared Bathroom,1,t,62,3472.0,1
839.0,3,42.32866,-71.11061,Entire home/apt,29,364,4.0,Exempt: This listing is a unit used for furnished institutional or business stays,Jamaica Plain,16,2.0,Outstanding luxury 2Br 2Ba apartment,0,f,0,0.0,1
506.0,35,42.3504464,-71.06818659999999,Entire home/apt,29,0,4.77,Exempt: This listing is a unit used for furnished institutional or business stays,Bay Village,9,2.0,Back-Bay Penthouse Downtown & Parking & GYM,10,t,255,129030.0,1
618.0,110,42.35514,-71.06029,Entire home/apt,1,6,4.75,STR-466837,Downtown,39,4.0,Roomy 4bed loft | Family Friendly,60,f,255,157590.0,1
198.0,69,42.27187897503607,-71.10258345199047,Entire home/apt,29,352,4.88,STR-532120,Mattapan,1,1.0,Modern 1 BR Apt w| Full Kitchen & Private Driveway,20,f,255,50490.0,1
80.0,46,42.27806935267941,-71.14832114425923,Private room,1,249,4.96,STR-542608,West Roxbury,4,1.0,Cozy Room with 2 Beds and Den: Sofa & TV@3rd Floor,23,t,138,11040.0,1
80.0,37,42.27645686721316,-71.14642770989873,Private room,1,257,5.0,STR-542608,West Roxbury,4,1.0,Charming & Cozy Large Room with 2 Single Beds & TV,21,t,126,10080.0,1
288.0,51,42.30401249644647,-71.11837146395702,Entire home/apt,2,10,4.92,STR-581443,Jamaica Plain,2,2.0,Modern Apartment in Boston's Best Neighborhood,24,f,144,41472.0,1
157.0,80,42.318316092555925,-71.07806071252334,Entire home/apt,2,237,4.98,STR-599465,Roxbury,3,1.0,Modern & Stylish 1-BR Condo near Downtown,34,t,204,32028.0,1
81.0,148,42.359346922456304,-71.13100193016858,Private room,1,349,4.7,str-544976,Allston,17,1.0,Near Harvard Business 2-1,83,f,255,20655.0,1
220.0,22,42.2907942,-71.1232016,Entire home/apt,3,315,4.14,STR-544729,Roslindale,2,2.0,3rd FloorWhole Apartment 2beds/2living room,8,f,48,10560.0,1
293.0,91,42.367698809340304,-71.05652550646049,Entire home/apt,2,281,4.3,Exempt: This listing is a unit used for furnished institutional or business stays,North End,10,4.0,"TDGarden,Celtics/Bruins, Lil Italy,North End",37,f,222,65046.0,1
234.0,71,42.36059691812873,-71.06669379762403,Entire home/apt,1,147,4.62,STR-543851,Beacon Hill,36,1.0,"(MGH9-2) MGH, Dining, Shopping, Beacon Hill!",33,t,198,46332.0,1
179.0,103,42.36572,-71.05739,Entire home/apt,2,242,4.73,Exempt: This listing is a unit used for furnished institutional or business stays,North End,10,1.0,"TDGarden,Celtics/Bruins, Lil Italy,North End",44,f,255,45645.0,1
391.0,15,42.34383,-71.08303,Entire home/apt,4,310,4.67,Str-692073,Back Bay,72,3.0,Back Bay Heart 3BR 2BAA Condo,1,f,8,3128.0,1
203.0,47,42.34085,-71.07557,Entire home/apt,1,148,4.66,str-561975,South End,36,0.0,"(T6) Boho Retreat, Prime Location, Food, Walkable!",22,t,132,26796.0,1
505.0,21,42.32854,-71.11036,Entire home/apt,29,246,4.76,STR-543576,Jamaica Plain,72,2.0,Stunning Unique And Very Upscale Boston,13,f,255,128775.0,1
409.0,2,42.32981704417486,-71.11246502615985,Entire home/apt,29,365,3.5,STR-547654,Mission Hill,72,3.0,Luxury 3Br2Br Jamica pond Boston,2,f,116,47444.0,1
362.0,22,42.32878,-71.11218,Entire home/apt,29,207,4.95,str-007933,Jamaica Plain,72,2.0,Amazing 2br 2ba unit by the lake,18,f,255,92310.0,1
399.0,13,42.32841,-71.111,Entire home/apt,29,161,4.69,str-896639,Jamaica Plain,72,2.0,Fabulous 2br 2ba unit lake view,4,f,232,92568.0,1
174.0,148,42.32776745773926,-71.08654071441475,Entire home/apt,1,15,4.81,STR-571341,Roxbury,7,1.0,A King Bed | Apartment | Middle of Boston,133,t,255,44370.0,1
381.0,19,42.34313,-71.04501,Entire home/apt,4,252,4.68,str-792204,South Boston Waterfront,72,2.0,Modern 2BR/2BA Near Seaport & Convention Center,13,f,104,39624.0,1
428.0,11,42.35078,-71.06499,Entire home/apt,4,287,5.0,str-678299,Downtown,72,2.0,Spacious 2BR 2BA Condo |Boston Downtown,10,f,80,34240.0,1
799.0,9,42.3492,-71.08039,Entire home/apt,4,354,5.0,str-679194,Back Bay,72,2.0,Luxurious 2BR 2BA Back bay heart with amazing view,5,f,40,31960.0,1
255.0,131,42.34147619289917,-71.09977461148691,Entire home/apt,1,132,4.64,STR-571666,Fenway,7,3.0,"(FB2) Fenway 3 Brm, W/D Near Hospitals!",60,f,255,65025.0,1
191.0,72,42.36717,-71.05893,Entire home/apt,29,361,4.64,STR-461702,Downtown,14,3.0,3 Bed w/ Free Parking at the Heart of North End,46,f,255,48705.0,1
139.0,56,42.37809941816045,-71.03205981485941,Entire home/apt,3,235,4.77,STR-419049,East Boston,12,0.0,Nice Oasis Nr.Downtown & Airport,38,f,228,31692.0,1
466.0,5,42.32835,-71.11052,Entire home/apt,29,365,5.0,Str-735468,Jamaica Plain,72,2.0,Luxury water view 2 Br 2Ba Boston,0,f,0,0.0,1
236.0,35,42.279661424027694,-71.11763174393255,Entire home/apt,3,57,4.57,STR-419049,Roslindale,12,3.0,Great 3 Bedroom Close To Boston,16,f,96,22656.0,1
317.0,96,42.342726029626704,-71.09958197662118,Entire home/apt,1,93,4.79,STR-571661,Fenway,7,2.0,"(F31) Fenway Park, 2 Beds, Sunny, Simple & Clean!",45,f,255,80835.0,1
118.0,39,42.32433,-71.06019,Private room,1,343,4.64,STR-545055,Dorchester,13,1.0,H1_Room 4 miles To Downtown Boston/BCEC,5,f,30,3540.0,1
457.0,20,42.32828,-71.11215,Entire home/apt,29,341,4.9,str-456734,Jamaica Plain,72,2.0,Luxury 2Br 2Ba Boston Hospitals.,17,f,255,116535.0,1
118.0,49,42.32428,-71.05868,Private room,1,342,4.78,STR-545055,Dorchester,13,1.0,H2_Room 4 miles To Downtown Boston/BCEC,11,f,66,7788.0,1
328.0,9,42.32825,-71.11078,Entire home/apt,29,365,5.0,str-456345,Jamaica Plain,72,2.0,Fancy 2Br 2Ba Boston Jamica pond,7,f,255,83640.0,1
118.0,33,42.32320737453472,-71.060633815868,Private room,1,339,4.79,STR-545055,Dorchester,13,1.0,H3_Room 4 miles To Downtown Boston/BCEC,2,f,12,1416.0,1
118.0,28,42.324286914774305,-71.06022887408173,Private room,1,334,4.75,STR-545055,Dorchester,13,1.0,H4_Room 4 miles To Downtown Boston/BCEC,2,f,12,1416.0,1
96.0,53,42.29204,-71.0744,Private room,1,356,4.74,STR-544890,Dorchester,3,1.0,Individual bedroom 2,26,f,156,14976.0,1
96.0,28,42.29325,-71.07544,Private room,1,173,4.5,STR-544890,Dorchester,3,1.0,Individual bedroom 3,14,f,84,8064.0,1
108.0,10,42.303297338260215,-71.0658498145345,Private room,29,326,4.8,STR-545039,Dorchester,23,1.0,C_Small DoubleNear Downtown Boston (5 miles),1,f,58,6264.0,1
108.0,24,42.30317004114278,-71.06408066401355,Private room,29,285,4.92,STR-525122,Dorchester,23,1.0,A_Small Double Near Downtown Boston (5 miles),10,f,255,27540.0,1
210.0,63,42.35053530592508,-71.06397943403081,Entire home/apt,1,323,4.7,STR-545048,Downtown,3,1.0,Boston Famous Nightlife Chinatown Central Location,26,f,156,32760.0,1
217.0,57,42.34875257267978,-71.09304196081419,Entire home/apt,29,132,4.67,Exempt: This listing is a unit that has contracts with hospitals,Fenway,40,1.0,Stunning 1BR | Steps to Fenway!,11,f,255,55335.0,1
304.0,43,42.34977689999999,-71.089541,Entire home/apt,5,245,4.84,STR-544863,Back Bay,18,1.0,Renovated One Bedroom in Back Bay,24,t,240,72960.0,1
108.0,17,42.30309,-71.0657,Private room,29,244,4.82,STR-545039,Dorchester,23,1.0,D_Triple Bed  Near Downtown Boston (5 miles),8,f,255,27540.0,1
108.0,19,42.30362,-71.066,Private room,29,251,4.68,STR-545056,Dorchester,23,1.0,H_Triple Bed  Near Downtown Boston (5 miles),4,f,232,25056.0,1
108.0,17,42.30131,-71.0647,Private room,29,153,4.94,STR-545056,Dorchester,23,1.0,G_Small Double Near Downtown Boston (5 miles),5,f,255,27540.0,1
108.0,26,42.30150250313112,-71.06572356187951,Private room,29,227,4.77,STR-545039,Dorchester,23,1.0,E_Small DoubleNear Downtown Boston (5 miles),7,f,255,27540.0,1
218.0,77,42.35122514726618,-71.06298213008692,Entire home/apt,29,324,4.83,Exempt: This listing is a unit used for furnished institutional or business stays,Downtown,11,1.0,Theatre District. Bost. Common. DnTown. LongTm.54,22,t,255,55590.0,1
416.0,56,42.34709,-71.10403,Entire home/apt,29,0,4.59,Exempt: This listing is a unit that has contracts with hospitals,Fenway,39,0.0,Studio Apt Steps to Hospitals,7,f,255,106080.0,1
263.0,48,42.35055,-71.06672,Entire home/apt,29,248,4.56,Exempt: This listing is a unit that has contracts with hospitals,Downtown,39,1.0,Charming Theater District 1Br,14,f,255,67065.0,1
274.0,74,42.35524926271063,-71.05802316807171,Entire home/apt,1,259,4.65,STR-466828,Downtown,40,1.0,"Airy, Pet-friendly, FiDi studio",38,f,228,62472.0,1
218.0,89,42.3533868940093,-71.0635582269302,Entire home/apt,29,312,4.85,Exempt: This listing is a unit used for furnished institutional or business stays,Downtown,11,1.0,Theatre District. Bost. Common. DnTown. LongTm.63,25,t,255,55590.0,1
254.0,93,42.343913454583515,-71.10071764286766,Entire home/apt,29,362,4.85,Exempt: This listing is a unit used for furnished institutional or business stays,Fenway,11,1.0,Red Sox - Fenway. Longwood Medical. NEU. LongTrm09,25,t,255,64770.0,1
169.0,72,42.34807,-71.14465,Entire home/apt,1,136,4.89,STR-569354,Brighton,39,1.0,Ideal for long stays | Boston studio on top floor,41,t,246,41574.0,1
225.0,6,42.28964365927628,-71.12413762465063,Entire home/apt,3,262,4.83,STR-544729,Roslindale,2,2.0,2nd floor Modern Apt,1,f,6,1350.0,1
108.0,17,42.30347,-71.06532,Private room,29,247,4.65,STR-545057,Dorchester,23,1.0,I_Triple Bed Near Downtown Boston (5 miles),4,f,232,25056.0,1
108.0,18,42.30145,-71.06463,Private room,29,223,5.0,STR-545057,Dorchester,23,1.0,J_Triple Bed Near Downtown Boston (5 miles),2,f,116,12528.0,1
401.0,87,42.365513031238535,-71.05496857134477,Entire home/apt,3,294,4.82,STR-476426,North End,14,3.0,"Large 3 Bed, 2 Bath in North End; Near Waterfront",59,f,255,102255.0,1
113.0,7,42.348,-71.07093,Private room,2,244,3.71,STR-415222,Bay Village,20,1.0,Pefect Studio With Flexible Cancellations!,3,f,18,2034.0,1
189.0,16,42.3484186,-71.0698384,Entire home/apt,3,272,4.19,STR-415222,Bay Village,17,1.0,Perfect Boston Studio,5,f,30,5670.0,1
105.0,8,42.348263,-71.069641,Private room,3,249,3.75,STR-415222,Bay Village,17,0.0,Gem Studio With Flexible Cancellations!,4,f,24,2520.0,1
224.0,7,42.34837,-71.06989,Entire home/apt,3,331,4.14,STR-415222,Bay Village,17,0.0,Private Studio in Boston's Bay Village!,3,f,18,4032.0,1
216.0,11,42.3485831,-71.0696013,Entire home/apt,3,330,3.27,STR-415225,Bay Village,17,1.0,"Bay VIllage Suite, Ready To Host!",3,f,18,3888.0,1
176.0,6,42.3485831,-71.0696013,Entire home/apt,2,333,3.67,STR-415225,Bay Village,17,1.0,Bay Village Suites: Looking Forward To Hosting You,2,f,12,2112.0,1
143.0,10,42.33908853765334,-71.14614327803156,Entire home/apt,180,331,4.8,Exempt: This listing is a unit used for furnished institutional or business stays,Brighton,33,1.0,"Sunlit 1BR, Near Longwood Medical Hospitals",5,f,255,36465.0,1
363.0,24,42.33726,-71.08532,Entire home/apt,29,47,4.75,Exempt: This listing is a unit used for furnished institutional or business stays,Roxbury,12,2.0,Chic 2BR with Modern Comforts,4,f,232,84216.0,1
449.0,17,42.335904295225376,-71.08357772202781,Entire home/apt,29,133,4.88,Exempt: This listing is a unit used for furnished institutional or business stays,Roxbury,12,2.0,"New Construction, near NEU/BMC, Elevator, 2B, 2BA",2,f,116,52084.0,1
262.0,68,42.36142206052489,-71.06718317321649,Entire home/apt,1,320,4.81,STR-445052,West End,23,2.0,Central Beacon Hill 2brm,28,t,168,44016.0,1
121.0,98,42.331826631963025,-71.09736513873773,Entire home/apt,1,213,4.69,STR-468749,Mission Hill,3,1.0,Boston Studio w Off Street Parking,50,f,255,30855.0,1
200.0,81,42.328316886559094,-71.09606372223317,Entire home/apt,29,262,4.68,STR-461707,Roxbury,2,1.0,Historic Modern Brownstone,37,f,255,51000.0,1
90.0,17,42.34756,-71.07024,Private room,2,249,4.12,STR-415223,South End,20,1.0,Welcoming Private Studio for One!,9,f,54,4860.0,1
158.0,8,42.34733504895169,-71.07050985892064,Private room,2,318,4.25,STR-415226,South End,20,0.0,Modern Efficiency Studio Awaits Your Stay!,6,f,36,5688.0,1
217.0,58,42.36194,-71.06897,Entire home/apt,1,328,4.67,STR-445054,West End,23,1.0,Duplex Beacon Hill 1brm,31,t,186,40362.0,1
80.0,10,42.2784006874308,-71.17125314973755,Private room,7,249,5.0,STR-548111,West Roxbury,1,1.0,Private room & bathroom at West Roxbury near MBTA,6,f,84,6720.0,1
347.0,2,42.37770359665365,-71.06133808177343,Entire home/apt,1,267,5.0,STR-544674,Charlestown,1,1.0,Private 1st flr Charlestown Apt,1,f,6,2082.0,1
496.0,1,42.34108,-71.10539,Entire home/apt,29,364,5.0,STR-466119,Longwood Medical Area,72,2.0,Luxurious 2BR 2BA unit in Fenway,0,f,0,0.0,1
95.0,50,42.29247,-71.07625,Private room,1,168,4.72,STR-544890,Dorchester,3,1.0,Individual Bedroom 1,27,f,162,15390.0,1
114.0,23,42.30733500140108,-71.06698018804586,Entire home/apt,3,325,4.83,STR-547011,Dorchester,5,1.0,III New apartment Luxury Boston,15,t,90,10260.0,1
112.0,33,42.30685358840152,-71.06593783681168,Entire home/apt,3,331,4.76,STR-547010,Dorchester,5,2.0,II New apartment Luxury inBoston,22,t,132,14784.0,1
262.0,6,42.350558867087905,-71.04369046697286,Entire home/apt,9,251,5.0,STR-575045,South Boston Waterfront,55,1.0,Lux 1BR w/ Amenities in Seaport,5,f,90,23580.0,1
150.0,39,42.30581260716941,-71.06562784951751,Entire home/apt,3,326,4.79,STR-547003,Dorchester,5,1.0,I New apartment Luxury in Boston,21,t,126,18900.0,1
310.0,45,42.35862,-71.0707,Entire home/apt,5,239,5.0,STR-544867,Beacon Hill,18,1.0,Brand New 1 BR | 1 BA on Charles St,27,t,255,79050.0,1
784.0,48,42.360274242955406,-71.0700590179641,Entire home/apt,5,228,4.98,STR-544865,Beacon Hill,18,2.0,Renovated 2BR | 1.5BA on Charles St,24,t,240,188160.0,1
304.0,64,42.37537063838112,-71.06237702904673,Entire home/apt,28,277,4.98,STR-546196,Charlestown,1,2.0,Modern Condo steps from Bunker Hill Monument,21,t,255,77520.0,1
157.0,59,42.33406,-71.10538,Entire home/apt,2,156,4.81,STR-545178,Mission Hill,19,0.0,Compact Studio - Longwood/Fenway,35,f,210,32970.0,1
137.0,44,42.33418,-71.10523,Entire home/apt,2,195,4.7,STR-545178,Mission Hill,19,0.0,Cozy Efficiency Unit - Longwood,27,f,162,22194.0,1
121.0,50,42.33255467503312,-71.10698955510713,Entire home/apt,2,188,4.62,STR-545178,Mission Hill,19,0.0,Cozy Basement Studio - Longwood/Fenway,22,f,132,15972.0,1
85.0,101,42.31148060660728,-71.06386004943863,Private room,1,313,4.87,STR-541489,Dorchester,7,1.0,Boston Queen Room 1.1,64,t,255,21675.0,1
399.0,4,42.34866623399031,-71.07508631534422,Entire home/apt,29,331,5.0,none,Back Bay,1,1.0,Back Bay Ultra Luxury Studio at Raffles Boston,2,t,116,46284.0,0
961.0,10,42.34466,-71.06358,Entire home/apt,29,365,4.6,STR-635467,South End,72,2.0,Luxury 2 Br 2Ba Boston southend,0,f,0,0.0,1
690.0,75,42.28921,-71.04161,Entire home/apt,2,344,4.97,STR-545955,Dorchester,1,5.0,New Build XL Modern Home/UMass/Walk2TeneanBeach,41,t,246,169740.0,1
92.0,54,42.31171,-71.06432,Private room,1,290,4.78,STR-541489,Dorchester,7,1.0,Boston Queen Suite 1.3,47,t,255,23460.0,1
85.0,75,42.31155,-71.06296,Private room,1,294,4.75,STR-541489,Dorchester,7,1.0,Boston King Room 1.2 - New Renovation,62,t,255,21675.0,1
255.0,29,42.28155,-71.05255,Entire home/apt,2,263,4.76,STR-546034,Dorchester,2,3.0,Newly Renovated 4BR1BA Apartment,12,t,72,18360.0,1
480.0,41,42.36672,-71.0556,Entire home/apt,5,243,4.9,STR-544878,North End,18,2.0,Large 2 BR | 1BA in the North End,22,t,220,105600.0,1
77.0,16,42.27131552346868,-71.12159058839843,Private room,1,329,4.94,STR-546859,Roslindale,1,0.0,Boston Urban-glamping style easy commute,11,t,66,5082.0,1
113.0,10,42.3485831,-71.0696013,Private room,2,314,3.8,STR-415225,Bay Village,20,0.0,Darling Efficiency Studio Awaits!,5,f,30,3390.0,1
55.0,3,42.2826331,-71.1276535,Private room,3,126,5.0,STR-476790,Roslindale,2,1.0,Quiet Room in Roslindale,3,f,18,990.0,1
280.0,32,42.317229248091635,-71.09690343279392,Entire home/apt,2,57,4.94,STR-528277,Roxbury,3,3.0,Spacious Dog Friendly 3bd Apt,15,t,90,25200.0,1
177.0,100,42.359827,-71.069176,Entire home/apt,1,219,4.96,STR-546510,Beacon Hill,1,1.0,Charming and Historic Apartment,58,t,255,45135.0,1
239.0,1,42.35992,-71.14956,Entire home/apt,32,266,5.0,none,Brighton,343,1.0,"Blueground | Burlington, gym, nr dining & shops",1,f,64,15296.0,0
243.0,1,42.34475459999999,-71.09589319999999,Entire home/apt,32,244,5.0,none,Fenway,343,0.0,"Blueground | Fenway, gym, nr t stop & dining",0,f,0,0.0,0
271.0,1,42.34475459999999,-71.09589319999999,Entire home/apt,32,350,4.0,none,Fenway,343,0.0,"Blueground | Fenway, gym, nr restaurants & shops",0,f,0,0.0,0
516.0,32,42.35393,-71.1671,Entire home/apt,1,343,4.66,STR-549396,Brighton,1,4.0,House on the Hill,21,t,126,65016.0,1
341.0,94,42.34066,-71.10179,Entire home/apt,1,104,4.94,STR-571664,Longwood Medical Area,7,1.0,"(F35) Fenway Park, Renovated, 2 beds.",47,f,255,86955.0,1
187.0,82,42.36596,-71.053,Entire home/apt,1,305,4.79,STR-546555,North End,23,0.0,Primo North End Studio,47,t,255,47685.0,1
143.0,107,42.344775060259394,-71.0897079080066,Entire home/apt,1,285,4.75,STR-540399,Fenway,86,1.0,"Just Steps to Fenway Park & Berklee College, #107",54,f,255,36465.0,1
252.0,68,42.3677763751764,-71.05398494483002,Entire home/apt,1,306,4.79,STR-546550,North End,23,1.0,Perfetto North End 1brm,38,t,228,57456.0,1
337.0,78,42.36474704062829,-71.05588948386952,Entire home/apt,1,299,4.87,STR-546562,North End,23,2.0,Prima Boston North End 2brm,47,t,255,85935.0,1
472.0,42,42.35398,-71.06293,Entire home/apt,29,338,4.83,Exempt: This listing is a unit that has contracts with hospitals,Downtown,59,3.0,Simple & Spacious Apartment!,29,f,255,120360.0,1
71.0,99,42.30218,-71.0624,Private room,1,325,4.83,STR-556094,Dorchester,3,1.0,Boston Charm 2 :Private Room Near Downtow,76,t,255,18105.0,1
315.0,2,42.2584698,-71.1198095,Entire home/apt,2,365,5.0,StR-104774,Hyde Park,3,3.0,Beautiful peaceful and safe,2,f,12,3780.0,1
672.0,34,42.34858755849173,-71.08947860978112,Entire home/apt,6,235,4.91,STR-544868,Back Bay,18,2.0,Large 2 BR|2 BA + Patio in Back Bay,20,t,240,161280.0,1
392.0,17,42.33412,-71.04619,Entire home/apt,5,264,4.88,STR-544883,South Boston,18,2.0,Brand New 2 BR | 1 BA in So. BOS #2,10,t,100,39200.0,1
170.0,3,42.27556,-71.13127,Entire home/apt,29,269,5.0,STR-123456,Roslindale,1,1.0,Modern/Clean Condo - Full Condo 15 min walk to T,2,f,116,19720.0,1
354.0,3,42.36638,-71.04007,Entire home/apt,29,268,4.67,Exempt: This listing is a hotel or motel,East Boston,29,1.0,"Spacious 1BR, Harbor & Skyline Views | Boston",2,f,116,41064.0,1
84.0,19,42.279750221552625,-71.1604904383421,Private room,5,335,4.95,STR-520919,West Roxbury,5,1.0,Boston Private Bedroom near train/bus,10,t,100,8400.0,1
485.0,54,42.35925570000001,-71.12491399999999,Entire home/apt,3,206,4.87,STR-594723,Allston,3,5.0,"Boston Hospitality Homes, Harvard",30,t,180,87300.0,1
112.0,7,42.28089,-71.15935,Private room,5,357,5.0,STR-520919,West Roxbury,5,1.0,Boston Bedroom with private bath/step to Train&Bus,0,t,0,0.0,1
296.0,45,42.36507,-71.05154,Entire home/apt,4,236,4.96,STR-544881,North End,18,1.0,Spacious North End 1 BR | 1BA,29,t,232,68672.0,1
319.0,25,42.335650488641726,-71.04625129340066,Entire home/apt,5,254,5.0,STR-544883,South Boston,18,2.0,Brand New 2 BR | 1 BA in So. BOS #3,11,t,110,35090.0,1
48.0,1,42.30239,-71.06824,Private room,91,147,5.0,none,Dorchester,4,1.0,Private Queen Bedroom in Boston,1,f,182,8736.0,0
798.0,12,42.32044,-71.07531,Entire home/apt,1,309,4.75,STR-414833,Roxbury,4,8.0,NEW ! Boston Full Home Near MBTA ! 3 Mi To Fenway!,6,f,36,28728.0,1
457.0,45,42.2968,-71.08925,Entire home/apt,2,144,4.87,STR-548616,Dorchester,1,4.0,4 Rooms in Boston. Private Baths,26,t,156,71292.0,1
120.0,4,42.34367345364903,-71.14692059629517,Entire home/apt,91,119,5.0,none,Brighton,4,1.0,"Chic & Sunny Boston Condo – WFH, Pool, Parking + T",2,t,255,30600.0,0
170.0,4,42.32428,-71.07963,Entire home/apt,14,91,5.0,STR-560804,Roxbury,1,2.0,Cozy 2BR in victorian brownstone,1,t,28,4760.0,1
80.0,17,42.35028935587033,-71.17393338414931,Private room,3,130,4.59,STR-593447,Brighton,4,1.0,Private Beautiful Large Sunny Large Room #1,6,f,36,2880.0,1
341.0,51,42.31794,-71.0785,Entire home/apt,1,338,4.86,STR-519523,Roxbury,2,4.0,4-bed / 2-bath Modern Condo Minutes from Downtown,29,t,174,59334.0,1
101.0,216,42.375558476816586,-71.03573253428006,Private room,1,22,4.73,STR-548656,East Boston,1,1.0,Cozy Room 15 Minutes to BOS Airport,121,f,255,25755.0,1
78.0,28,42.35025,-71.17402,Private room,3,130,4.5,STR-593447,Brighton,4,1.0,Private Charming Room by Oak Square #3,9,f,54,4212.0,1
163.0,1,42.2919472,-71.1540823,Entire home/apt,30,188,5.0,none,West Roxbury,58,2.0,25A1 | The Alameda 1 | 2BR 1B w/AC & W/D | Private,1,f,60,9780.0,0
311.0,84,42.35252,-71.07614,Entire home/apt,1,309,4.82,STR-571577,Back Bay,36,0.0,(J2) Guest's favorite! Beautiful Direct Access !,41,t,246,76506.0,1
143.0,122,42.358874,-71.07106379999999,Private room,1,254,4.9,str-548979,Beacon Hill,2,1.0,Historic Mayor’s Mansion #1,76,t,255,36465.0,1
112.0,1,42.314873629657555,-71.06099776279504,Private room,30,343,1.0,none,Dorchester,58,1.0,14P.R | The Grand View | 5BR 2B w/AC | Rose Room,1,f,60,6720.0,0
315.0,32,42.2854383313153,-71.0930408048361,Entire home/apt,2,88,4.66,STR-587416,Mattapan,1,4.0,"Clean, Modern & Great Location",10,f,60,18900.0,1
387.0,34,42.31119413032659,-71.05374671024839,Entire home/apt,2,240,4.74,STR-541629,Dorchester,2,3.0,3BR2BA Apt - Near train station,16,t,96,37152.0,1
145.0,59,42.33037,-71.10773,Entire home/apt,3,39,4.73,STR-489343,Mission Hill,4,1.0,Longwood/Fenway Hill Top 1BR Garden Apt,34,t,204,29580.0,1
125.0,155,42.3376382,-71.03912129999999,Entire home/apt,1,280,4.88,STR-399339,South Boston,3,1.0,Cozy suite in the city!,92,t,255,31875.0,1
130.0,2,42.31680674305933,-71.06661867964523,Private room,1,339,5.0,STR-549609,Dorchester,6,1.0,Boston Dream Space,2,f,12,1560.0,1
124.0,3,42.31721,-71.06667,Private room,1,279,3.0,STR-549609,Dorchester,6,1.0,Boston Charm Room,1,f,6,744.0,1
130.0,5,42.31691,-71.06734,Private room,1,304,4.8,STR-549609,Dorchester,6,1.0,Boston City Lights,1,f,6,780.0,1
160.0,9,42.31836,-71.06859,Private room,1,252,4.89,STR-549609,Dorchester,6,1.0,Boston Private Room #5 With 1Full Bed,5,f,30,4800.0,1
345.0,125,42.28207,-71.07796,Entire home/apt,1,248,4.93,STR-545339,Dorchester,1,4.0,New Spacious Home in Boston,69,t,255,87975.0,1
75.0,85,42.35975,-71.13183,Private room,1,361,4.72,STR-544976,Allston,17,1.0,Near Harvard Business 1-3,42,f,252,18900.0,1
76.0,97,42.35953,-71.13205,Private room,1,359,4.59,STR-544976,Allston,17,1.0,Near Harvard Business 1-1,61,f,255,19380.0,1
516.0,64,42.35710781906268,-71.06094766093314,Entire home/apt,29,22,4.7,Exempt: This listing is a unit that has contracts with hospitals,Downtown,39,4.0,Downtown Designer Home| Keyless,27,f,255,131580.0,1
50.0,3,42.331910736652155,-71.05332541426975,Private room,29,219,4.0,STR-522998,South Boston,31,1.0,"Cozy Private Room, Walk to Red Line & Beaches",0,f,0,0.0,1
393.0,1,42.36553079999999,-71.06490629999999,Entire home/apt,32,288,4.0,none,West End,343,1.0,"Blueground | North Station, gym, nr restaurants",0,f,0,0.0,0
190.0,2,42.31697,-71.06885,Private room,29,316,5.0,STR-233334,Dorchester,6,1.0,Boston Delight,0,f,0,0.0,1
133.0,4,42.3185,-71.06844,Private room,1,275,4.25,STR-549609,Dorchester,6,1.0,Boston Breeze Room,1,f,6,798.0,1
62.0,46,42.31481801633639,-71.08333136154386,Private room,1,129,4.91,STR-553550,Roxbury,1,1.0,"Cozy & Private Bedrm, Bathrm & Patio near Downtown",28,t,168,10416.0,1
61.0,7,42.31115,-71.07886,Private room,3,352,4.86,STR-540867,Dorchester,3,1.0,sunny and spacious in quiet area,6,f,36,2196.0,1
795.0,9,42.3172247,-71.0598285,Entire home/apt,30,340,5.0,STR-425117,Dorchester,2,6.0,Classic Boston Home | near T,1,f,60,47700.0,1
75.0,16,42.34949864623206,-71.17344584316015,Private room,3,175,4.88,STR-593447,Brighton,4,1.0,Private Room/ Boston Collage #7 (newly listed),8,f,48,3600.0,1
160.0,67,42.276477274546494,-71.13149719995816,Entire home/apt,2,231,4.85,STR-482653,Roslindale,1,3.0,"Marble Home! Sleek, Clean, & Modern!",34,t,204,32640.0,1
154.0,19,42.37804,-71.03541,Entire home/apt,1,268,4.79,STR-526923,East Boston,2,1.0,Getaway Serenity Suite next to Logan Intl Airport,14,t,84,12936.0,1
289.0,59,42.341952294075185,-71.0778000853439,Entire home/apt,1,152,4.63,STR-599889,South End,36,1.0,"(476-4)  2Beds, South End/ Back Bay, Roof Deck!",38,t,228,65892.0,1
195.0,5,42.342038621985914,-71.07862838084993,Entire home/apt,1,343,4.6,STR-457097,South End,18,1.0,Historic Brownstone Studio Retreat,0,f,0,0.0,1
53.0,42,42.322268635106035,-71.05544679281388,Private room,29,334,4.83,STR-455882,Dorchester,13,1.0,J. Small room easy commute to Boston Downtown.,10,f,255,13515.0,1
434.0,16,42.34342,-71.08265,Entire home/apt,29,216,4.56,Str-073916,Back Bay,72,3.0,Heart of Back Bay Condo 3BR 2BAA,3,f,174,75516.0,1
374.0,1,42.365947,-71.063473,Entire home/apt,32,283,4.0,none,Downtown,343,1.0,"Blueground | North Station, gym, nr dining & T",0,f,0,0.0,0
392.0,37,42.36321,-71.04947,Entire home/apt,1,124,4.95,STR-589942,North End,3,1.0,Endless Summer: Oceanside Views,27,f,162,63504.0,1
373.0,53,42.363277751801824,-71.05108931394656,Entire home/apt,1,126,4.87,STR-589942,North End,3,2.0,Capricornus: Oceanside Vacation,31,f,186,69378.0,1
478.0,31,42.36303,-71.05102,Entire home/apt,2,116,4.97,STR-589942,North End,3,3.0,Patriot: Three Story Vessel,16,f,96,45888.0,1
139.0,2,42.36045,-71.0696,Entire home/apt,29,170,5.0,none,Beacon Hill,8,3.0,Wonderful 3 Bedroom Apt in Boston,0,t,0,0.0,0
234.0,37,42.28825230222739,-71.0638442666993,Entire home/apt,2,347,4.65,STR-551942,Dorchester,1,3.0,Newly Renovated 3BR Apartment,20,f,120,28080.0,1
345.0,14,42.346155,-71.070907,Private room,1,100,3.93,Exempt: This listing is a hotel or motel,South End,14,1.0,Accessible queen with bath just down the hall,7,f,42,14490.0,1
110.0,63,42.33679415089076,-71.0487385064877,Private room,1,64,4.94,STR-552010,South Boston,1,1.0,Private Room in the Heart of South Boston!,29,t,174,19140.0,1
81.0,18,42.282495750173254,-71.12207324709658,Private room,29,112,4.83,STR-570381,Roslindale,4,1.0,"#1 ""Top of the Hub"" Bansky Room",2,t,116,9396.0,1
418.0,2,42.30541711581854,-71.11780838218236,Entire home/apt,2,11,5.0,STR-541342,Jamaica Plain,2,4.0,Spacious Condo Near Arboretum & Longwood,0,f,0,0.0,1
260.0,4,42.33842,-71.07143,Entire home/apt,29,131,5.0,Exempt: This listing is a unit used for furnished institutional or business stays,South End,33,1.0,"Boston Medical & Landmarks, public transportation",0,f,0,0.0,1
143.0,164,42.35846,-71.07213,Private room,1,268,4.76,str-548979,Beacon Hill,2,1.0,Historic Mayor's Mansion #2,95,t,255,36465.0,1
309.0,23,42.30787626880737,-71.09994233862305,Entire home/apt,2,183,4.96,STR-552835,Roxbury,5,3.0,Park-Side Home in Jamaica Plain,23,t,138,42642.0,1
60.0,74,42.26808,-71.11704,Private room,1,230,4.89,STR-550744,Hyde Park,3,1.0,Lavender Dream Room near Forest Hills,51,t,255,15300.0,1
471.0,20,42.32184,-71.10216,Entire home/apt,1,78,4.8,STR-560871,Jamaica Plain,1,4.0,"Your Home Away from Home : Jamaica Plain, Boston",14,t,84,39564.0,1
96.0,141,42.36024,-71.1299,Private room,1,344,4.72,STR-544976,Allston,17,1.0,Near Harvard Business 2/4,102,f,255,24480.0,1
143.0,3,42.25150597088558,-71.13251906307836,Entire home/apt,30,16,4.67,none,Hyde Park,11,3.0,2bd 1.5 bath with launfry and parking in boston,1,f,60,8580.0,0
283.0,22,42.24684,-71.11612,Entire home/apt,29,181,4.95,STR-552439,Hyde Park,2,3.0,"Modern 3BR Suburban Retreat, Minutes from Downtown",10,t,255,72165.0,1
90.0,1,42.32231,-71.07877,Private room,91,208,5.0,none,Roxbury,1,1.0,Spacious Private Brownstone Apt,1,f,182,16380.0,0
218.0,79,42.3328365,-71.050833,Entire home/apt,1,30,4.92,STR-548968,South Boston,1,1.0,Cozy Condo in South Boston,39,t,234,51012.0,1
133.0,2,42.31585,-71.09001,Entire home/apt,30,258,5.0,none,Roxbury,8,4.0,Beautiful private furnished and spacious unit.,2,t,120,15960.0,0
185.0,58,42.31662,-71.0819,Entire home/apt,1,50,4.86,STR-550559,Roxbury,3,2.0,Charming & Spacious 2-BR Apt near Downtown,32,t,192,35520.0,1
255.0,99,42.348062216049414,-71.14616869948904,Entire home/apt,1,114,4.96,STR-569349,Brighton,39,2.0,Peaceful suite in Boston with city views,61,t,255,65025.0,1
137.0,12,42.34832920664437,-71.06932221691895,Private room,2,330,4.0,STR-415225,Bay Village,17,1.0,"Bay Village Suites, Perfect Gem Studio",7,f,42,5754.0,1
375.0,6,42.342530408431,-71.10108052546113,Entire home/apt,1,268,4.17,Exempt: This listing is a hotel or motel,Fenway,16,1.0,Sonder at Pierce Boston | Superior 1BR Apartment,5,f,30,11250.0,1
159.0,116,42.3550474,-71.0622106,Private room,1,280,4.19,STR-605702,Downtown,8,1.0,Temple Place Suites: Stay Tonight!,59,f,255,40545.0,1
968.0,13,42.34469148848406,-71.10134438367714,Entire home/apt,1,238,4.54,Exempt: This listing is a hotel or motel,Fenway,16,2.0,Sonder at Pierce Boston | Superior 2BR Apartment,6,f,36,34848.0,1
263.0,137,42.34655,-71.08497,Private room,1,11,4.72,Exempt: This listing is a hotel or motel,Back Bay,1,1.0,5-min walk to Prudential Ctr & 3 blocks to Fenway,101,t,255,67065.0,1
93.0,2,42.32123082518254,-71.05774389947783,Entire home/apt,29,349,4.5,none,Dorchester,9,0.0,Studio close to medical center/T,1,f,58,5394.0,0
250.0,68,42.24472838852835,-71.12051106444976,Entire home/apt,1,234,4.85,STR-451343,Hyde Park,1,3.0,Boston-Fairmont Hills Apartment,31,t,186,46500.0,1
229.0,88,42.37675,-71.05916,Entire home/apt,1,95,4.98,STR-552323,Charlestown,1,1.0,Boston Apartment with parking available!,54,t,255,58395.0,1
178.0,72,42.348,-71.14659,Entire home/apt,1,136,4.9,STR-569351,Brighton,39,1.0,Lavish Boston studio with separate bedroom,51,t,255,45390.0,1
163.0,91,42.346668000163774,-71.14443911251824,Entire home/apt,1,145,4.87,STR-569352,Brighton,39,1.0,Lovely Boston studio with bedroom and city views!,61,t,255,41565.0,1
126.0,5,42.34958906812464,-71.10019070402295,Entire home/apt,29,231,5.0,none,Fenway,3,1.0,Downtown Boston Apt with BayView,3,t,174,21924.0,0
285.0,54,42.36469,-71.05528,Entire home/apt,3,237,4.83,STR-476426,North End,14,2.0,Central 2 Bed in North End; Near Waterfront & MGH,38,f,228,64980.0,1
131.0,5,42.348419,-71.069839,Private room,2,260,4.0,STR-415222,Bay Village,20,1.0,Studio in Boston with Flexible Cancellations!,2,f,12,1572.0,1
611.0,1,42.3411,-71.10624,Entire home/apt,4,365,5.0,STR-466119,Longwood Medical Area,72,2.0,Modern Apartment Fenway,0,f,0,0.0,1
133.0,69,42.36748,-71.05456,Entire home/apt,2,276,4.62,Exempt: This listing is a unit used for furnished institutional or business stays,North End,7,1.0,*3TDGarden Celtics/Bruins/Lil Italy/Historic,29,f,174,23142.0,1
133.0,64,42.36709265916908,-71.05351148639087,Entire home/apt,2,282,4.63,Exempt: This listing is a unit used for furnished institutional or business stays,North End,7,1.0,*4 TDGarden Celtics/Bruins/Lil Italy/Historic,30,f,180,23940.0,1
306.0,16,42.337246872820245,-71.08557851758722,Entire home/apt,30,186,4.88,Exempt: This listing is a unit used for furnished institutional or business stays,Roxbury,12,2.0,2 Bedroom Unit w/ Elevator & In-Unit Laundry,6,f,255,78030.0,1
808.0,1,42.3301,-71.05538,Entire home/apt,29,269,5.0,STR-535908,South Boston,18,5.0,Fully Furnished LUX House,1,t,58,46864.0,1
70.0,2,42.36009619910877,-71.12764886307532,Private room,28,188,5.0,STR-414502,Allston,3,1.0,Spacious room near Harvard Stad.,2,f,112,7840.0,1
240.0,2,42.29536,-71.05618,Entire home/apt,30,334,5.0,Exempt: This listing is a unit used for furnished institutional or business stays,Dorchester,33,3.0,"Renovated 3B, 2BA, Skyline View, Laundry, Cen Air",1,f,60,14400.0,1
193.0,55,42.34605,-71.14576,Entire home/apt,1,154,4.75,STR-569344,Brighton,39,0.0,Comfy studio in Boston,42,t,252,48636.0,1
490.0,4,42.3476984058586,-71.08334861978648,Entire home/apt,29,89,5.0,none,Back Bay,30,2.0,Washer and Dryer - Location - Newbury and Boylston,3,t,174,85260.0,0
1215.0,20,42.3563603,-71.0617784,Entire home/apt,29,39,4.8,Exempt: This listing is a unit that has contracts with hospitals,Downtown,5,3.0,Luxury 3 bedroom 3 bathroom downtown loft,7,t,255,309825.0,1
337.0,93,42.3673067,-71.0378328,Entire home/apt,1,297,4.98,STR-557014,East Boston,1,3.0,"Modern Luxury | Free Parking, Near T | Home Cinema",64,t,255,85935.0,1
112.0,195,42.32751,-71.08527,Private room,1,222,4.88,STR-571341,Roxbury,7,1.0,A King Bed | Private Bath,115,t,255,28560.0,1
83.0,177,42.326168884510594,-71.08676646723976,Private room,1,24,4.79,STR-571341,Roxbury,7,1.0,King Bed | 3rd Floor | Sunny,114,t,255,21165.0,1
61.0,115,42.32621200108758,-71.08694337901906,Private room,1,32,4.8,STR-571341,Roxbury,7,1.0,Petite Bedroom | 3rd Floor | Fort Hill,62,t,255,15555.0,1
1350.0,35,42.3563603,-71.0617784,Entire home/apt,29,35,4.97,Exempt: This listing is a unit that has contracts with hospitals,Downtown,5,3.0,Penthouse luxury suite.  Huge great room. 3 beds.,16,t,255,344250.0,1
1350.0,9,42.35534,-71.0629,Entire home/apt,29,39,4.89,Exempt: This listing is a unit that has contracts with hospitals,Downtown,5,3.0,Huge great room for entertaining. 3 bed 3 bath lux,4,t,232,313200.0,1
238.0,37,42.27246293303935,-71.09133045658012,Entire home/apt,29,329,4.92,STR-560290,Mattapan,1,2.0,Home in Boston/Mattapan/Milton,25,f,255,60690.0,1
239.0,97,42.346061141726416,-71.14480196358258,Entire home/apt,1,143,4.77,STR-569350,Brighton,39,2.0,Beautiful private suite with balcony|fully stocked,66,t,255,60945.0,1
80.0,176,42.32743877499177,-71.08500299897628,Private room,1,48,4.86,STR-571341,Roxbury,7,1.0,Cute King Bed | In The Middle of Boston,115,t,255,20400.0,1
81.0,199,42.32775904493979,-71.08533088683889,Private room,1,206,4.83,STR-571341,Roxbury,7,1.0,Centrally Located | King Bedroom,142,t,255,20655.0,1
93.0,6,42.35933215079435,-71.12307710831466,Private room,29,220,4.83,Exempt: This listing is a unit used for furnished institutional or business stays,Allston,4,1.0,独立房间加独立书房 ｜哈佛工程学院/商学院步行距离,4,t,232,21576.0,1
147.0,19,42.30504,-71.0665,Entire home/apt,3,327,4.79,STR-547013,Dorchester,5,2.0,IV NewApart LuxuryAmenitieBoston,14,t,84,12348.0,1
88.0,6,42.36096,-71.12318,Private room,28,160,4.83,Exempt: This listing is a unit used for furnished institutional or business stays,Allston,4,1.0,"Large Room w/Private Bath, Near Harvard, BU, MIT",5,t,255,22440.0,1
91.0,4,42.36124351312512,-71.12450899874564,Private room,29,171,5.0,none,Allston,4,1.0,"Private Room, Walk to HBS/Harvard/MIT",2,t,116,10556.0,0
144.0,17,42.3228114,-71.10686199999999,Entire home/apt,2,243,4.76,STR-570189,Jamaica Plain,2,1.0,Boston City Living in Comfort!,17,t,102,14688.0,1
135.0,9,42.3593,-71.06664,Private room,29,140,5.0,Exempt: This listing is a unit used for furnished institutional or business stays,Beacon Hill,2,1.0,Beacon Hill Pied ~a~Terre,0,t,0,0.0,1
202.0,80,42.348663118230334,-71.14663905472659,Entire home/apt,1,145,4.8,STR-569364,Brighton,39,2.0,Elegant Boston suite,48,t,255,51510.0,1
40000.0,1,42.35042,-71.06731,Hotel room,1,311,5.0,Exempt: This listing is a hotel or motel,Bay Village,46,1.0,"Suite King, Revere Hotel, Dining, Near Copley Sq",1,f,6,240000.0,1
50000.0,7,42.35042,-71.06731,Hotel room,1,322,5.0,Exempt: This listing is a hotel or motel,Bay Village,46,1.0,"Deluxe 2Q Bay View, Revere Hotel, Pet-friendly",7,f,42,2100000.0,1
50000.0,3,42.35042,-71.06731,Hotel room,1,322,4.0,Exempt: This listing is a hotel or motel,Bay Village,46,2.0,"2 Back Bay View 2Q, Revere, Chic Living Space",1,f,6,300000.0,1
50000.0,2,42.35042,-71.06731,Hotel room,1,322,5.0,Exempt: This listing is a hotel or motel,Bay Village,46,3.0,3 Edgy Rooms Steps from Boston Public Garden,2,f,12,600000.0,1
50000.0,6,42.35042,-71.06731,Hotel room,1,316,5.0,Exempt: This listing is a hotel or motel,Bay Village,46,1.0,"Deluxe 2Q City View, Revere Hotel, Great Location",6,f,36,1800000.0,1
50000.0,3,42.35042,-71.06731,Hotel room,1,315,4.67,Exempt: This listing is a hotel or motel,Bay Village,46,3.0,"3 Deluxe 2Q City View, Revere Hotel, Rooftop Bar",3,f,18,900000.0,1
40000.0,1,42.35042,-71.06731,Hotel room,1,310,4.0,Exempt: This listing is a hotel or motel,Bay Village,46,1.0,Stylish Boston Room Perfect for Culture Enjoyers,1,f,6,240000.0,1
50000.0,3,42.35042,-71.06731,Hotel room,1,304,4.67,Exempt: This listing is a hotel or motel,Bay Village,46,1.0,"Superior 2 Queens, Revere Hotel, Bar, Near Shops",3,f,18,900000.0,1
50000.0,3,42.35042,-71.06731,Hotel room,1,303,4.67,Exempt: This listing is a hotel or motel,Bay Village,46,2.0,2 Modern Suites w/ Authentic New England Dining,2,f,12,600000.0,1
40000.0,1,42.35042,-71.06731,Hotel room,1,303,4.0,Exempt: This listing is a hotel or motel,Bay Village,46,3.0,3 Sleek Condos Near Freedom Trail – 5 Min Walk,1,f,6,240000.0,1
50000.0,2,42.35042,-71.06731,Hotel room,1,302,5.0,Exempt: This listing is a hotel or motel,Bay Village,46,4.0,4 Vibrant Stays Close to Newbury Street – 2 Min,2,f,12,600000.0,1
81.0,36,42.29601089623029,-71.08635488254166,Private room,2,352,4.78,STR-524666,Dorchester,2,1.0,Clean and cozy 5 star,11,t,66,5346.0,1
81.0,36,42.29619208313504,-71.0846392370577,Private room,1,255,4.67,STR-524666,Dorchester,2,1.0,Clean and cozy 5 star,9,t,54,4374.0,1
362.0,1,42.3439382,-71.0638329,Entire home/apt,32,286,5.0,none,South End,343,1.0,"Blueground | South End, gym, w/d, nr groceries",1,f,64,23168.0,0
122.0,4,42.35491733054882,-71.16162449489862,Private room,2,30,5.0,STR-561441,Brighton,2,1.0,Sunny Charming Room,0,f,0,0.0,1
135.0,81,42.2959361,-71.0808318,Entire home/apt,1,354,4.88,STR-491593,Dorchester,7,1.0,A Cozy New 1-BR  Apt (9B1) Near Downtown Boston,47,t,255,34425.0,1
699.0,2,42.32837,-71.11039,Entire home/apt,4,365,5.0,STR-548256,Jamaica Plain,72,2.0,Nice 2 BR 2BA Boston hospitals,0,f,0,0.0,1
316.0,1,42.35145301197261,-71.08240416314436,Entire home/apt,30,33,5.0,Exempt: This listing is a hotel or motel,Back Bay,12,1.0,Brownstone Oversized Furnished Studio in Back Bay,0,f,0,0.0,1
122.0,12,42.35243340572185,-71.16174877844398,Private room,2,170,4.83,STR-561441,Brighton,2,1.0,Sunny Spacious Room,5,f,30,3660.0,1
153.0,63,42.34628135597334,-71.14536593744064,Entire home/apt,1,154,4.89,STR-569365,Brighton,39,0.0,Gallery like studio with room divider near city,44,t,255,39015.0,1
214.0,71,42.34826,-71.14595,Entire home/apt,1,157,4.8,STR-569355,Brighton,39,1.0,Artful Boston escape with city views,47,t,255,54570.0,1
188.0,57,42.341922374632915,-71.07907155774586,Entire home/apt,1,129,4.86,STR-599892,South End,36,0.0,"(476-8)  Studio, South End/ Back Bay , Roof Deck!",42,t,252,47376.0,1
218.0,60,42.34383977780176,-71.07942220915876,Entire home/apt,1,127,4.85,STR-599890,South End,36,0.0,"(476-3) Bright Studio, Outdoor Space, A+ Location!",38,t,228,49704.0,1
54.0,1,42.315307310963455,-71.06243050526253,Private room,91,166,5.0,none,Dorchester,4,1.0,Cozy Private Room Boston near T- JFK/UMass,1,t,182,9828.0,0
371.0,8,42.38606,-71.00721,Entire home/apt,29,265,5.0,STR-492396,East Boston,1,4.0,"SeaCorner Boston – Walk to T, 5 Min to Airport",1,t,58,21518.0,1
342.0,2,42.35404,-71.06295,Entire home/apt,150,365,4.5,none,Downtown,1,2.0,Downtown Lux Apt. Stunning View | 2 Beds+2 Baths,2,f,255,87210.0,0
245.0,30,42.35707968357052,-71.1375612816063,Entire home/apt,2,132,4.83,STR-565137,Allston,1,3.0,Fully Renovated 3 Bed Apartment. BU | BC | Harvard,27,t,162,39690.0,1
322.0,49,42.34365,-71.0773,Entire home/apt,1,142,4.69,str-526502,South End,36,1.0,"(476-1) 1st Floor, Roof Deck, Views, A+ Location!",36,t,216,69552.0,1
240.0,4,42.29381182210992,-71.05483964803148,Entire home/apt,30,334,4.75,Exempt: This listing is a hotel or motel,Dorchester,12,3.0,"3BR Gem | Skyline Views, Laundry & Central Air",0,f,0,0.0,1
237.0,83,42.32423627823077,-71.09105080649816,Entire home/apt,2,284,4.94,STR-563909,Roxbury,1,3.0,Bright Brownstone w Terrace+View,59,t,255,60435.0,1
74.0,2,42.32767,-71.08916,Private room,29,58,3.5,STR-460218,Roxbury,31,0.0,Stylish Private Room in Roxbury Co-Living APT,1,f,58,4292.0,1
196.0,66,42.31695371700309,-71.05492891181542,Entire home/apt,2,311,4.62,STR-564145,Dorchester,1,2.0,Convenient 2 br near Bus/Train,51,f,255,49980.0,1
295.0,1,42.35119,-71.06402,Entire home/apt,32,280,5.0,none,Downtown,343,1.0,"Blueground | Theater Dist, gym, nr entertainment",1,f,64,18880.0,0
180.0,67,42.360458438448234,-71.06439709495504,Entire home/apt,1,327,4.52,STR-415619,Beacon Hill,86,0.0,Convenient Beacon Hill Rental by MGH & TD Garden#5,52,f,255,45900.0,1
218.0,41,42.38005642476696,-71.02840215066864,Entire home/apt,3,323,4.71,STR-483349,East Boston,1,2.0,2 bedroom Modern Condo w/Private Roof Top!,27,f,162,35316.0,1
437.0,70,42.3010749,-71.08379359999999,Entire home/apt,1,299,4.99,STR-491593,Dorchester,3,4.0,Brand New 4BR 2.5Bath House 20Min  Downtown Boston,46,t,255,111435.0,1
133.0,13,42.29508188401479,-71.07113307301636,Entire home/apt,2,64,4.54,STR-551076,Dorchester,1,3.0,"Comfortable, Centrally Located 3 Bed in Boston",11,f,66,8778.0,1
195.0,28,42.3406,-71.08001,Entire home/apt,1,316,4.86,STR-457097,South End,18,1.0,Stylish South End Studio with Private Kitchenette,17,f,102,19890.0,1
376.0,20,42.32386352651769,-71.05600823801738,Entire home/apt,2,346,4.9,STR-563143,Dorchester,2,4.0,Boston - Great Location-Apt 2nd floor - 8 people,19,t,114,42864.0,1
86.0,30,42.3115020854777,-71.08870089961098,Private room,3,84,4.9,STR-548471,Roxbury,4,1.0,"Spacious Home- Master Suite, Private Bath & Office",30,t,180,15480.0,1
299.0,23,42.31590552722961,-71.09311744775373,Entire home/apt,2,43,5.0,STR-563157,Roxbury,1,3.0,Modern Single Family Home minutes from Fort hill,19,t,114,34086.0,1
233.0,1,42.34965606123547,-71.0736636412829,Entire home/apt,2,30,5.0,Exempt: This listing is a hotel or motel,Back Bay,33,1.0,"Expansive Back Bay Loft, Sleeps 4, 1B/1B",1,f,6,1398.0,1
233.0,2,42.34793,-71.07158,Entire home/apt,2,30,4.5,Exempt: This listing is a hotel or motel,Bay Village,9,1.0,Pet-Friendly Loft in Back Bay – Sleeps 4,1,f,6,1398.0,1
231.0,24,42.34527,-71.1607,Entire home/apt,2,195,4.96,STR-565739,Brighton,1,2.0,Lovely & Quiet 2BR in Brighton,22,t,132,30492.0,1
183.0,71,42.346146199310795,-71.14416052533325,Entire home/apt,1,137,4.79,STR-566366,Brighton,39,1.0,Cozy Boston studio,57,t,255,46665.0,1
750.0,2,42.37675615633171,-71.05792112010776,Entire home/apt,2,258,5.0,STR-571182,Charlestown,1,5.0,Luxury Charlestown! city home!,2,f,12,9000.0,1
149.0,43,42.348337107273906,-71.14493626763553,Entire home/apt,1,194,4.88,STR-569357,Brighton,39,0.0,Stylish studio with room divider near downtown,28,t,168,25032.0,1
177.0,78,42.34861,-71.14525,Entire home/apt,1,173,4.9,STR-569359,Brighton,39,0.0,Luxury suite with room divider near downtown,62,t,255,45135.0,1
145.0,31,42.35100059907109,-71.09354588542584,Entire home/apt,29,362,4.87,STR-521905,Fenway,14,2.0,Free Parking 2 Bed 1 Bath Steps from BU/Kenmore,30,f,255,36975.0,1
769.0,42,42.3493361,-71.0826586,Entire home/apt,1,146,4.86,STR-571551,Back Bay,36,2.0,"Penthouse, Parking, Private Deck, W/D, Back Bay!",30,t,180,138420.0,1
142.0,54,42.31656978707012,-71.05215551992968,Entire home/apt,2,39,4.87,STR-552247,Dorchester,1,0.0,Private Studio Guest House w/ Free Parking,36,f,216,30672.0,1
373.0,4,42.349422115176,-71.0739027050214,Entire home/apt,30,61,5.0,Exempt: This listing is a hotel or motel,Back Bay,9,2.0,Open concept 2 bed loft in Back Bay,4,f,240,89520.0,1
235.0,47,42.35891,-71.06544,Entire home/apt,1,181,4.51,str-543851,Beacon Hill,36,1.0,"(MGH7-1)Prime Location, Shopping, Hospitals, Cafés",30,t,180,42300.0,1
65.0,3,42.28319,-71.07236,Private room,29,242,4.33,none,Dorchester,18,1.0,Spacious Bedroom & Private Bath 3A,2,t,116,7540.0,0
60.0,3,42.28154,-71.0724,Private room,29,177,5.0,none,Dorchester,18,1.0,Large Bedroom & Private Bathroom 3B,3,t,174,10440.0,0
155.0,2,42.3581485,-71.0624814,Entire home/apt,29,173,5.0,none,Downtown,1,1.0,Elegant Beacon Hill Apt by MBTA,2,f,116,17980.0,0
80.0,27,42.278168833698516,-71.14712801052458,Private room,1,352,4.93,STR-542608,West Roxbury,4,1.0,Beautiful Vintage Oval Room with Greenery Views,14,t,84,6720.0,1
749.0,102,42.32396,-71.09028,Entire home/apt,1,218,4.97,STR-558730,Roxbury,1,5.0,"Boston Home: 5BR, 6 Beds, Sleeps 12, Free Parking!",86,t,255,190995.0,1
194.0,2,42.34273,-71.08052,Entire home/apt,1,347,5.0,STR-457097,South End,18,1.0,Cozy Studio in Historic Brownstone,2,f,12,2328.0,1
65.0,11,42.2821,-71.12259,Private room,29,248,4.64,STR-570381,Roslindale,4,1.0,"#4 ""Top of the Hub"" Secret Agent Room",4,t,232,15080.0,1
293.0,46,42.339042,-71.0803574,Entire home/apt,2,257,4.87,STR-564506,Roxbury,9,1.0,The Chester: Penthouse One Bedroom,36,t,216,63288.0,1
266.0,17,42.339042,-71.0803574,Entire home/apt,2,267,4.71,STR-565044,Roxbury,9,0.0,The Chester: Urban Chic Retreat In South End,9,t,54,14364.0,1
261.0,17,42.339042,-71.0803574,Entire home/apt,2,268,5.0,STR-565043,Roxbury,9,0.0,"The Chester: Hip, Renovated, South End",12,t,72,18792.0,1
222.0,7,42.339042,-71.0803574,Entire home/apt,2,261,4.57,STR-565045,Roxbury,9,0.0,"The Chester: Vintage Elegance, Modern Comfort",4,t,24,5328.0,1
227.0,19,42.339042,-71.0803574,Entire home/apt,2,272,4.89,STR-565048,Roxbury,9,1.0,"The Chester: Modern Luxury, Historic Charm",13,t,78,17706.0,1
256.0,24,42.339042,-71.0803574,Entire home/apt,2,281,4.88,STR-565049,Roxbury,9,1.0,"The Chester:  Urban Luxury, Modern Design",17,t,102,26112.0,1
220.0,7,42.339042,-71.0803574,Entire home/apt,2,273,5.0,STR-565053,Roxbury,9,1.0,"The Chester: Modern, Cool, Heart Of South End",3,t,18,3960.0,1
92.0,66,42.28401000476389,-71.12231785322327,Private room,1,344,4.8,STR-570381,Roslindale,4,1.0,"#3 ""Top of the Hub"" Marilyn Monroe Room",57,t,255,23460.0,1
474.0,37,42.34814,-71.08651,Entire home/apt,29,209,4.59,Exempt: This listing is a unit that has contracts with hospitals,Back Bay,59,1.0,Bright Newbury Street 1 Bedroom,18,f,255,120870.0,1
56.0,12,42.27756063517099,-71.16141550961004,Private room,1,95,5.0,STR-513970,West Roxbury,16,1.0,W.R. Private full bed floor 1 Boston,9,t,54,3024.0,1
524.0,14,42.34321,-71.14698,Entire home/apt,2,346,4.71,STR-460830,Brighton,1,4.0,Spacious 4BR Apartment – 3rd Floor,8,f,48,25152.0,1
99.0,8,42.36573366146302,-71.05616306007353,Entire home/apt,3,195,4.38,STR-582252,North End,7,1.0,5 TDGarden Celtics/Bruins/Lil Italy/Historic,8,f,48,4752.0,1
265.0,4,42.35326178636199,-71.12610208358956,Entire home/apt,29,170,5.0,none,Allston,4,1.0,Large 1 bedroom home / free parking spot /Location,4,t,232,61480.0,0
81.0,28,42.26980269227048,-71.11877419392917,Private room,1,143,4.96,STR-550744,Hyde Park,3,1.0,Private suite Bed & bath near Forest Hills Station,21,t,126,10206.0,1
158.0,52,42.34735,-71.15401,Entire home/apt,2,152,4.96,STR-558376,Brighton,1,1.0,Brighton Center  1br,41,t,246,38868.0,1
40.0,1,42.3152811,-71.0732458,Private room,91,182,5.0,none,Roxbury,2,1.0,Comfort and Convenience of Home in Boston!,1,t,182,7280.0,0
50.0,2,42.3162,-71.07229,Private room,91,180,5.0,none,Dorchester,2,1.0,Coziness and Convenience of Home!,2,t,255,12750.0,0
453.0,2,42.33424485793947,-71.0487063601613,Entire home/apt,29,358,5.0,STR-461452,South Boston,7,2.0,Spacious South Boston 2Bed wDeck,0,t,0,0.0,1
181.0,1,42.334237670743775,-71.04871273040771,Private room,29,180,5.0,STR-461452,South Boston,7,1.0,Private Floor w/Bed/Bath/LivingR,0,t,0,0.0,1
204.0,7,42.366950699836266,-71.03605703260041,Entire home/apt,1,18,5.0,STR-544991,East Boston,3,0.0,Best Location In Boston!,7,t,42,8568.0,1
144.0,22,42.242,-71.13201,Entire home/apt,3,153,4.86,STR-568829,Hyde Park,1,2.0,"Modern 2BR Apt, 30 min to Downtown w/Parking Spot!",16,t,96,13824.0,1
185.0,51,42.34438,-71.08304,Entire home/apt,2,296,4.9,STR-465645,Back Bay,30,1.0,Walk everywhere! 1 bed / 1 bath! Super Location!,47,t,255,47175.0,1
50000.0,1,42.33832,-71.10647,Hotel room,1,332,5.0,Exempt: This listing is a hotel or motel,Longwood Medical Area,46,1.0,Stay in the Heart of Medical Boston - Parking,1,f,6,300000.0,1
162.0,30,42.322900058883235,-71.06823785685711,Entire home/apt,1,311,4.53,STR-572992,Roxbury,1,2.0,Stylish Condo with Parking/Wi-Fi,30,f,180,29160.0,1
50000.0,3,42.33832,-71.10647,Hotel room,1,348,5.0,Exempt: This listing is a hotel or motel,Longwood Medical Area,46,1.0,"Superior King Room, Longwood Inn, Close to Museums",3,f,18,900000.0,1
759.0,24,42.33387,-71.05094,Entire home/apt,2,151,4.96,STR-563283,South Boston,1,4.0,Private Parking! 4BR Family Home in South Boston,20,t,120,91080.0,1
360.0,31,42.29337258791596,-71.13204089179278,Entire home/apt,2,326,4.74,STR-569827,Roslindale,1,2.0,2 bed in Boston,10,f,60,21600.0,1
237.0,65,42.38999,-71.00823,Entire home/apt,1,230,4.71,STR-569649,East Boston,1,2.0,"Cozy/Spacious & Sunny Apt/ Downtown,Airport Nearby",49,t,255,60435.0,1
160.0,2,42.34085299632107,-71.09900111273785,Entire home/apt,29,270,5.0,Exempt: This listing is a unit used for furnished institutional or business stays,Fenway,1,1.0,T New Stylish Fenway (Longterm.03),2,t,116,18560.0,1
262.0,10,42.34288111977049,-71.07874188009886,Entire home/apt,1,317,4.8,STR-457097,South End,18,1.0,Stylish Studio in Historic Row House,8,f,48,12576.0,1
400.0,1,42.33529,-71.0286,Private room,2,4,5.0,str-537705,South Boston,2,2.0,Two bedrooms by the beach with private bathroom!,0,t,0,0.0,1
92.0,78,42.28342,-71.12383,Private room,1,326,4.77,STR-570381,Roslindale,4,1.0,"#2 ""Top of the Hub"" Bob Marley Room",67,t,255,23460.0,1
570.0,10,42.3676,-71.05826,Entire home/apt,3,235,4.5,Exempt: This listing is a unit used for furnished institutional or business stays,North End,10,4.0,"TD Garden, Celtics/Bruins, Lil Italy,North End",8,f,48,27360.0,1
138.0,5,42.355056736770834,-71.06221200170934,Private room,2,273,3.8,STR-605711,Downtown,6,0.0,Studio Ready 4 Students & Traveling Professionals,3,f,18,2484.0,1
152.0,3,42.355056736770834,-71.06221200170934,Private room,2,269,4.67,STR-605712,Downtown,6,0.0,Temple Place Suites: Book Today!,3,f,18,2736.0,1
217.0,7,42.3550474,-71.0622106,Entire home/apt,3,271,4.14,STR-605733,Downtown,6,1.0,Come Visit Boston and Stay In Our Homey Studio,5,f,30,6510.0,1
107.0,28,42.348278,-71.0705054,Entire home/apt,2,280,4.07,STR-415226,Bay Village,20,1.0,Simple & Affordable Efficient Studio Awaits!,23,f,138,14766.0,1
492.0,34,42.28562646410546,-71.06928880152215,Entire home/apt,2,330,4.97,STR-574095,Dorchester,1,5.0,Modern 5BR | Near Subway & Downtown | Free Parking,31,t,186,91512.0,1
231.0,26,42.36720742612293,-71.05453960515766,Entire home/apt,5,223,5.0,STR-570821,North End,4,1.0,North End 1 BR with Common Roof Deck,25,t,250,57750.0,1
350.0,30,42.36756331455032,-71.05261702063339,Entire home/apt,5,237,4.97,STR-570822,North End,4,1.0,North End 1 BR in Little Italy,26,t,255,89250.0,1
155.0,60,42.31512,-71.10048,Entire home/apt,2,85,4.98,STR-566477,Jamaica Plain,1,1.0,JP Studio - Featured on Home&Texture,55,t,255,39525.0,1
276.0,4,42.35623,-71.13677,Entire home/apt,29,152,4.5,STR-444227,Allston,4,3.0,"Renovated 2.5 BR near the City, Harvard, BU, BC",3,f,174,48024.0,1
306.0,35,42.3680729678385,-71.05307854413574,Entire home/apt,5,232,5.0,STR-570823,North End,4,1.0,North End 1 BR - Steps to Hanover Street,33,t,255,78030.0,1
318.0,29,42.36617,-71.0529,Entire home/apt,5,150,5.0,STR-570824,North End,4,1.0,North End 1 BR + Patio in Little Italy,26,t,255,81090.0,1
136.0,54,42.38110067368753,-71.02533223337656,Entire home/apt,1,340,4.46,STR-546284,East Boston,4,1.0,Place next Airport/Downtown,54,f,255,34680.0,1
383.0,5,42.34524,-71.06895,Entire home/apt,4,59,5.0,STR-571580,South End,1,1.0,Stylish Boston retreat in a luxury neighborhood,5,f,40,15320.0,1
452.0,47,42.36612,-71.05487,Entire home/apt,3,256,4.81,STR-476426,North End,14,3.0,"Large 3 Bed, 2 Bath in North End; Near Waterfront",46,f,255,115260.0,1
289.0,2,42.34973,-71.07172,Entire home/apt,30,76,3.0,Exempt: This listing is a hotel or motel,Back Bay,33,2.0,"Expansive Back Bay 2-Level Loft, Sleeps 4, 2B/1B",2,f,120,34680.0,1
236.0,100,42.383254998480496,-71.01917370667395,Entire home/apt,1,334,4.51,STR-546284,East Boston,4,4.0,4 bdrm apartment next to Airport/Downtown,90,f,255,60180.0,1
499.0,7,42.3284,-71.11191,Entire home/apt,29,365,4.71,STR-624536,Jamaica Plain,72,2.0,Luxury 2Br 2Ba condo Boston pond,6,f,255,127245.0,1
799.0,19,42.3440177917834,-71.06418787316355,Entire home/apt,30,365,4.95,STR-532145,South End,72,2.0,Luxury 2 BR 2 BA Apt Downtown Boston Prudential,18,f,255,203745.0,1
259.0,33,42.36726564894177,-71.05752231805586,Entire home/apt,2,261,4.55,Exempt: This listing is a unit used for furnished institutional or business stays,North End,10,3.0,"TD Garden,Celtics/Bruins, Lil Italy,North End",22,f,132,34188.0,1
181.0,49,42.34941,-71.09055,Entire home/apt,1,221,4.51,STR-573181,Back Bay,7,0.0,(3-2) Cozy & Budget-Friendly Back Bay Studio,45,f,255,46155.0,1
701.0,33,42.28705,-71.04096,Entire home/apt,1,79,4.91,str-526502,Dorchester,4,6.0,"(DR54) Roof Deck 6Bedrooms,W/D, Parking, Baby Crib",33,t,198,138798.0,1
240.0,36,42.33654010990479,-71.05269715189934,Entire home/apt,1,261,4.89,STR-573536,South Boston,5,2.0,Three level townhouse near South Boston's Best!,36,t,216,51840.0,1
135.0,2,42.32336251442836,-71.10762143057383,Private room,4,80,5.0,STR-545009,Jamaica Plain,10,1.0,Garden Level Studio,2,f,16,2160.0,1
2238.0,3,42.35192,-71.05904,Entire home/apt,3,363,5.0,STR-571689,Chinatown,1,3.0,Boston Penthouse Skyline View - Whole Apartment,3,f,18,40284.0,1
211.0,11,42.31925,-71.11408,Entire home/apt,29,297,4.18,STr-459545,Jamaica Plain,1,3.0,"JP, Central Location, 3, Bedrooms, Stay NOW!",8,f,255,53805.0,1
494.0,31,42.34281,-71.07475,Entire home/apt,2,347,4.94,STR-548974,South End,9,2.0,"Enjoy Boston, Private Patio On Montgomery Park",27,t,162,80028.0,1
215.0,15,42.34278,-71.08045,Entire home/apt,1,341,4.93,STR-457097,South End,18,1.0,Stylish South End Studio Retreat,11,f,66,14190.0,1
167.0,2,42.32595,-71.0803,Entire home/apt,29,231,5.0,none,Roxbury,1,2.0,"Stylish, 2BR Loft near Downtown Boston",2,f,116,19372.0,0
446.0,10,42.32209,-71.05621,Entire home/apt,2,335,4.9,STR-563143,Dorchester,2,0.0,Boston Apart with outdoor patio-8 people,10,t,60,26760.0,1
69.0,2,42.36167702866017,-71.12573101778983,Private room,30,363,4.5,none,Allston,12,1.0,Harvard Room near the Biz School,2,t,120,8280.0,0
122.0,27,42.38542,-71.00441,Entire home/apt,29,365,4.93,STR-572213,East Boston,1,1.0,Guest Suite in East Boston,20,t,255,31110.0,1
169.0,39,42.34676,-71.14521,Entire home/apt,1,162,4.82,STR-587329,Brighton,39,1.0,The Curie-Perfect for Monthly Stays,31,t,186,31434.0,1
250.0,5,42.3374263,-71.0750942,Entire home/apt,29,235,5.0,none,South End,1,1.0,1Bed/1BA+Office in the South End,5,t,255,63750.0,0
291.0,19,42.344492334958915,-71.08887580555724,Entire home/apt,1,47,4.84,STR-568786,Fenway,57,1.0,Symphony Suites #2 | Back Bay & Fenway,19,f,114,33174.0,1
272.0,15,42.344538212604576,-71.08875778836058,Entire home/apt,1,53,4.53,STR-568786,Fenway,57,1.0,Symphony Suites #3 | Back Bay & Fenway,14,f,84,22848.0,1
290.0,29,42.344471621496574,-71.08878461045073,Entire home/apt,1,42,4.86,STR-568786,Fenway,57,1.0,Symphony Suites #4 | Back Bay & Fenway,29,f,174,50460.0,1
310.0,13,42.34453028283857,-71.08880070370482,Entire home/apt,1,39,4.85,STR-568786,Fenway,57,1.0,Symphony Suites #5 | Back Bay & Fenway,13,f,78,24180.0,1
60.0,1,42.33136,-71.111,Private room,30,353,5.0,STR-534970,Mission Hill,11,1.0,"X22, Spacious Rm Near HMS/Longwood Hospitals",0,f,0,0.0,1
612.0,8,42.35274,-71.06396,Entire home/apt,29,98,4.38,STR-511551,Downtown,9,3.0,Chinatown Central Penthouse Boston w/Pool +Parking,7,t,255,156060.0,1
60.0,3,42.33127853225833,-71.1088037027337,Private room,30,297,5.0,STR-534970,Mission Hill,11,1.0,"X13, Near Harvard Medical/Longwood Hospitals",3,f,180,10800.0,1
234.0,18,42.2791829,-71.14073929999999,Entire home/apt,2,310,5.0,STR-598581,Roslindale,2,2.0,New modern 2bd condo: free parking/near train,15,t,90,21060.0,1
307.0,1,42.3522094,-71.06390269999997,Entire home/apt,31,130,1.0,none,Downtown,343,2.0,"Blueground | Downtown, elevator & a/c",1,f,62,19034.0,0
160.0,42,42.34791320516399,-71.14721208462687,Entire home/apt,1,144,4.88,STR-587330,Brighton,39,1.0,The Lacks- Perfect for Monthly Stays,39,t,234,37440.0,1
117.0,33,42.32900919828094,-71.10832292019836,Private room,1,258,4.97,STR-573177,Mission Hill,1,1.0,H&H Boston,33,t,198,23166.0,1
313.0,21,42.31920669719918,-71.08947326384582,Entire home/apt,2,4,4.57,STR-590462,Roxbury,1,2.0,Bright cozy apartment in Boston - Private Parking!,21,f,126,39438.0,1
180.0,32,42.34697472787038,-71.14595262207264,Entire home/apt,1,147,4.84,STR-587331,Brighton,39,1.0,The Nightingale-Perfect for Monthly Stays,30,t,180,32400.0,1
95.0,115,42.32614,-71.08678,Private room,1,33,4.89,STR-571341,Roxbury,7,1.0,King Bed | 3rd Floor | Spacious,115,t,255,24225.0,1
60.0,3,42.33222742897316,-71.10904741343097,Private room,30,311,5.0,STR-534970,Mission Hill,11,1.0,"X12, Near Harvard Medical/Longwood Hospitals",3,f,180,10800.0,1
650.0,7,42.3428146,-71.0709449,Entire home/apt,5,67,5.0,STR-568349,South End,1,2.0,2Bed/2Bath in Brownstone in Historic South End,7,f,70,45500.0,1
121.0,15,42.33097060767341,-71.04129226934899,Private room,1,327,4.93,STR-594043,South Boston,4,1.0,Private Bedroom in Modern Southie Home,14,t,84,10164.0,1
267.0,48,42.34326317128834,-71.14953319667529,Entire home/apt,2,311,4.96,STR-598229,Brighton,30,4.0,2 Free Parking spots / 4 Beds / Washer and Dryer!,44,t,255,68085.0,1
119.0,26,42.32268910801122,-71.05858087970618,Private room,1,343,4.77,STR-545055,Dorchester,13,1.0,H5_Room 4 miles To Downtown Boston/BCEC,23,f,138,16422.0,1
90.0,32,42.34287892242128,-71.15064968043978,Private room,2,148,4.94,STR-598227,Brighton,30,1.0,Beautiful room/ 1 free parking spot  /Washer-Dryer,28,t,168,15120.0,1
106.0,2,42.35698,-71.07214,Private room,29,140,5.0,none,Beacon Hill,6,1.0,Queen Room in Back Bay & Beacon Hill. Walk to MGH,2,f,116,12296.0,0
371.0,8,42.2740567,-71.1502902,Entire home/apt,29,365,5.0,STR-605994,West Roxbury,1,3.0,This Apartment is an great aerie in Boston,8,t,255,94605.0,1
255.0,25,42.28024449746761,-71.14150409806292,Entire home/apt,2,339,4.92,STR-591006,Roslindale,2,3.0,New modern cozy 3BR condo: free parking&near train,25,t,150,38250.0,1
150.0,3,42.25876,-71.11842,Entire home/apt,30,346,5.0,none,Hyde Park,1,4.0,Renovated 2nd Floor Apartment,3,t,180,27000.0,0
76.0,74,42.30218,-71.0624,Private room,1,329,4.78,STR-556094,Dorchester,3,1.0,Boston Charm 1: Private Room Near Downtow,72,t,255,19380.0,1
96.0,40,42.3774429,-71.03858319999999,Entire home/apt,1,343,4.83,STR-570369,East Boston,2,2.0,Travel: Therapy,40,f,240,23040.0,1
129.0,14,42.28689,-71.13246,Entire home/apt,2,313,5.0,STR-589548,Roslindale,1,0.0,Studio Sixteen,14,f,84,10836.0,1
181.0,7,42.36541813212881,-71.05177217682787,Entire home/apt,29,290,5.0,STR-572010,North End,23,0.0,Spacious North End Studio,6,t,255,46155.0,1
455.0,13,42.35411048721918,-71.0630936948884,Entire home/apt,29,325,4.62,STR-531821,Downtown,59,3.0,Stylish Exposed Brick 3BR!,13,f,255,116025.0,1
57.0,3,42.33058424827619,-71.10956327060156,Private room,30,294,5.0,STR-534970,Mission Hill,11,1.0,"X34, Near Harvard Medical/Longwood Hospitals",3,f,180,10260.0,1
59.0,2,42.332125154430905,-71.10887201902342,Private room,30,270,5.0,STR-534970,Mission Hill,11,1.0,"X32, Spacious Room Near HMS/Longwood Hospitals",2,f,120,7080.0,1
60.0,1,42.33074439410338,-71.10950966961504,Private room,30,354,5.0,STR-534970,Mission Hill,11,1.0,X23 Near HMS/Longwood Hospitals,1,f,60,3600.0,1
59.0,2,42.332646717787895,-71.11076586111461,Private room,30,346,5.0,STR-534970,Mission Hill,11,1.0,"X33, Private Room Near HMS/Longwood Hospitals",2,f,120,7080.0,1
258.0,20,42.38065,-71.03814,Entire home/apt,29,335,4.85,STR-604985,East Boston,5,2.0,Modern East Boston 2 Bed 2 Bath,20,t,255,65790.0,1
178.0,28,42.34939570407056,-71.09571994275538,Entire home/apt,29,307,4.89,STR-521905,Fenway,14,1.0,"Free Parking at 1 Bed Basement Apt, Near BU & MIT",28,f,255,45390.0,1
321.0,14,42.341127512167205,-71.07742611984403,Entire home/apt,2,141,4.71,STR-532458,South End,1,2.0,South End Victorian Brownstone,14,f,84,26964.0,1
237.0,11,42.35108,-71.06546,Entire home/apt,5,197,4.91,Exempt: This listing is a unit that has contracts with hospitals,Downtown,52,1.0,Stylish 1 Bedroom Downtown,11,f,110,26070.0,1
308.0,19,42.37670268648397,-71.0351585203212,Entire home/apt,2,343,4.95,STR-573675,East Boston,1,3.0,The Princeton Boston - Luxurious Apartment (New!),19,t,114,35112.0,1
120.0,29,42.33631271024674,-71.04591405138864,Entire home/apt,1,58,4.21,Exempt: This listing is a hotel or motel,South Boston,57,1.0,Thatch Quarters | Pvt. Room in Southie | 301 DOT,29,f,174,20880.0,1
154.0,22,42.33421214680135,-71.10553634445374,Entire home/apt,2,175,4.95,STR-545178,Mission Hill,19,0.0,Sunlit Efficiency Unit-Longwood/Fenway,22,f,132,20328.0,1
130.0,37,42.33369,-71.1071,Entire home/apt,2,155,4.76,STR-545178,Mission Hill,19,0.0,Adorable Apartment-Longwood/Fenway,37,f,222,28860.0,1
121.0,3,42.311984493268305,-71.08908670556116,Private room,2,359,4.67,STR-536142,Roxbury,6,1.0,#2 Cozy 1-Bed Private Room Downtown,3,f,18,2178.0,1
109.0,2,42.30354975166852,-71.06459543162167,Private room,29,324,3.0,STR-545057,Dorchester,23,1.0,K_Room Near Downtown Boston,2,f,116,12644.0,1
208.0,54,42.34828158675335,-71.14711118275164,Entire home/apt,1,148,4.93,STR-587345,Brighton,39,2.0,The Pasteur-elegant 2BR near downtown,54,t,255,53040.0,1
323.0,26,42.30967,-71.04689,Entire home/apt,2,165,5.0,STR-580544,Dorchester,1,2.0,Location & Parking: 2BR Ocean view Massage & Beach,26,t,156,50388.0,1
173.0,22,42.34794,-71.14484,Entire home/apt,29,147,4.91,STR-587355,Brighton,39,1.0,The Attia,22,t,255,44115.0,1
251.0,2,42.30716760680554,-71.11328289274273,Entire home/apt,2,40,5.0,STR-596259,Jamaica Plain,1,2.0,Stylish Stay at McBride St.,2,f,12,3012.0,1
221.0,9,42.3550474,-71.0622106,Entire home/apt,1,259,3.78,STR-605719,Downtown,3,1.0,"Awaiting Your Next Stay, Book Now!",9,f,54,11934.0,1
229.0,5,42.355056736770834,-71.06221200170934,Entire home/apt,3,276,3.6,STR-605735,Downtown,3,1.0,Best Location Studio In Downtown Boston,5,f,30,6870.0,1
207.0,4,42.3483657,-71.0698862,Entire home/apt,3,272,4.25,STR-415223,Bay Village,20,1.0,Affordable & Simple Chic Studio,4,f,24,4968.0,1
166.0,12,42.3483308,-71.0698714,Entire home/apt,3,270,4.08,STR-415223,Bay Village,20,1.0,"Lower Level Studio, Stay Tonight!",12,f,72,11952.0,1
151.0,8,42.348419,-71.069916,Private room,2,273,4.13,STR-415223,Bay Village,20,1.0,Bay Village Suites: Book Now!,8,f,48,7248.0,1
107.0,3,42.3484037,-71.0697483,Private room,1,301,4.33,STR-415226,Bay Village,20,0.0,Modern Single Studio at the Heart of Boston!,3,f,18,1926.0,1
68.0,28,42.31126,-71.08744,Private room,2,0,4.93,STR-548471,Roxbury,4,1.0,Modern Home - w/ Comfort Amenities,28,t,168,11424.0,1
217.0,58,42.28127928521936,-71.12624786306807,Entire home/apt,1,74,4.88,STR-581311,Roslindale,1,3.0,"Kailyn Apartment Boston, Massachusetts",58,t,255,55335.0,1
182.0,31,42.35861,-71.06574,Entire home/apt,1,68,4.77,STR-575780,Beacon Hill,36,0.0,(MGH9-4) Bright Beacon Hill Studio,31,t,186,33852.0,1
70.0,1,42.33263,-71.11022,Private room,30,346,5.0,STR-534970,Mission Hill,11,1.0,X14N Near HMS/Longwood Hospitals,1,f,60,4200.0,1
110.0,1,42.31906,-71.06312,Private room,30,255,5.0,none,Dorchester,58,1.0,47S1.1 | The Sumner Redline | w/AC & W/D | Ensuite,1,f,60,6600.0,0
102.0,1,42.31720160414786,-71.06296150660422,Private room,29,266,3.0,none,Dorchester,58,1.0,47S1.2 | The Sumner Redline | w/AC & W/D | Room #2,1,f,58,5916.0,0
73.0,1,42.31901946004318,-71.06107373250477,Private room,29,297,5.0,Exempt: This listing is a unit used for furnished institutional or business stays,Dorchester,58,1.0,47S1.3 | The Sumner Redline | w/AC & W/D | Room #3,1,f,58,4234.0,1
69.0,1,42.31912,-71.06306,Private room,30,114,5.0,none,Dorchester,58,1.0,26A3.1 | The Annabel 3 | w/AC & W/D | Ensuite Rm#1,1,f,60,4140.0,0
319.0,21,42.36165957376605,-71.13326007995497,Entire home/apt,3,99,4.57,STR-561537,Allston,6,4.0,Spacious 4BR/2BA Home Near Harvard,21,f,126,40194.0,1
135.0,7,42.3436620175592,-71.08224215169605,Entire home/apt,29,232,4.43,Exempt: This listing is a unit that has contracts with hospitals,Back Bay,52,0.0,Cozy Studio | South End,7,f,255,34425.0,1
457.0,2,42.35289724925304,-71.08083884125622,Entire home/apt,29,324,5.0,Exempt: This listing is a hotel or motel,Back Bay,33,2.0,"Newly Renovated 2-Bed, Back Bay near MGH, BU, MIT",2,f,116,53012.0,1
218.0,1,42.293378,-71.0587616,Entire home/apt,29,115,5.0,none,Dorchester,1,2.0,"Full Condo on Top Floor!  3 Queen bed, near MBTA",1,f,58,12644.0,0
155.0,1,42.31204415712194,-71.0871221818854,Private room,2,365,5.0,STR-536142,Roxbury,6,1.0,#3 Cozy 1-Bed Private Room Downtown,1,f,6,930.0,1
458.0,6,42.35199,-71.08114,Entire home/apt,29,324,5.0,Exempt: This listing is a hotel or motel,Back Bay,12,2.0,"Newly Renovated 2-Bed, Back Bay near MGH, BU, MIT",6,f,255,116790.0,1
417.0,5,42.35980615637002,-71.0559518146288,Entire home/apt,30,319,4.6,Exempt: This listing is a hotel or motel,Downtown,12,2.0,Elegant 2BR 0.09mi Faneuil Hall/Quincy Market,5,f,255,106335.0,1
69.0,3,42.33278,-71.1107,Private room,30,191,4.67,STR-534970,Mission Hill,11,1.0,X11 Spacious Room Near HMS/Longwood Hospitals,3,f,180,12420.0,1
379.0,10,42.33795,-71.07647,Entire home/apt,2,320,4.9,STR-573028,South End,3,3.0,Boston 3 BR Patio Full Kitchen,10,f,60,22740.0,1
540.0,16,42.35402,-71.16611,Entire home/apt,29,360,4.56,STR-578321,Brighton,1,6.0,La Maison Perthshire II,16,f,255,137700.0,1
198.0,6,42.32603188143365,-71.08202251382698,Entire home/apt,1,95,4.83,STR-554113,Roxbury,1,2.0,Charming two-bedroom in Boston,6,f,36,7128.0,1
303.0,30,42.3083695,-71.11887829999999,Entire home/apt,3,132,5.0,STR-578442,Jamaica Plain,1,2.0,Classic 2 bedroom near Arboretum,30,t,180,54540.0,1
85.0,1,42.344564310161935,-71.08898106962442,Entire home/apt,150,19,5.0,none,Fenway,1,1.0,"New! "" Stay at Burbank"" Fenway/Berklee/Symphony",1,t,255,21675.0,0
254.0,28,42.31381207625156,-71.08829177571911,Entire home/apt,2,33,4.75,STR-576589,Roxbury,3,4.0,In-Unit Laundry | Your Family & Friends Space,28,f,168,42672.0,1
161.0,1,42.27999,-71.07479,Private room,2,365,2.0,STR-536142,Dorchester,6,1.0,Luxury Condo-Style 1BR Apartment in Boston,1,f,6,966.0,1
172.0,1,42.2778276827731,-71.0732974503391,Private room,2,365,1.0,STR-536142,Mattapan,6,1.0,Stylish 1BR Condo Pad – Luxe Living in Boston,1,f,6,1032.0,1
275.0,2,42.34288668243543,-71.0788750667545,Entire home/apt,1,357,5.0,STR-457097,South End,18,1.0,Stylish Studio in Historic Row House,2,f,12,3300.0,1
284.0,1,42.36638,-71.04007,Entire home/apt,29,268,4.0,Exempt: This listing is a hotel or motel,East Boston,29,1.0,Stylish 1BR w/ Washer & Dryer | East Boston,1,f,58,16472.0,1
458.0,2,42.35992,-71.05549,Entire home/apt,2,331,4.5,Exempt: This listing is a hotel or motel,Downtown,9,1.0,"Townhome, Faneuil Hall/Quincy Market/Gov't Center",2,f,12,5496.0,1
354.0,1,42.36732,-71.04101,Entire home/apt,29,326,5.0,Exempt: This listing is a hotel or motel,East Boston,29,1.0,East Boston 1BR w/ Full Gym & Mins to Airport,1,f,58,20532.0,1
270.0,32,42.3348975,-71.0534291,Entire home/apt,2,239,4.91,STR-578148,South Boston,1,3.0,New Listing! | Top Floor | 3 BR condo | Southie,32,t,192,51840.0,1
141.0,1,42.2499037581975,-71.13359079469906,Entire home/apt,30,303,5.0,none,Hyde Park,11,2.0,Cozy 2bd w/ Queen beds & laundry,1,f,60,8460.0,0
247.0,4,42.33629,-71.07671,Entire home/apt,2,327,5.0,STR-573028,South End,3,1.0,1BR Apartment Patio Full-Kitchen,4,f,24,5928.0,1
145.0,1,42.24944553486619,-71.13283727327818,Entire home/apt,30,133,5.0,none,Hyde Park,11,2.0,Boston 2bd with in unit laundry,1,f,60,8700.0,0
179.0,39,42.38213395509568,-71.0313219577074,Entire home/apt,1,323,4.92,STR-584188,East Boston,1,1.0,"East Boston, 5 Min to Airport, Parking Available",39,t,234,41886.0,1
343.0,10,42.36467,-71.05444,Entire home/apt,1,309,4.8,STR-583757,North End,23,3.0,3brm/1bath North End Gem,10,t,60,20580.0,1
125.0,11,42.309476881443885,-71.05047632798599,Entire home/apt,29,290,4.55,STR-520842,Dorchester,60,2.0,Beautiful 2BR in Savin Hill Boston 1088,11,f,255,31875.0,1
114.0,62,42.2581,-71.16128,Entire home/apt,1,265,4.81,none,West Roxbury,3,2.0,Cozy 2-Bedroom Apartment Near Dedham Legacy,62,t,255,29070.0,0
198.0,3,42.32032552966211,-71.0815335697989,Entire home/apt,4,360,4.67,str-582080,Roxbury,1,0.0,Two Beds Nubian/Dudley Square,3,f,24,4752.0,1
99.0,1,42.25268,-71.11634,Private room,2,365,2.0,STR-416718,Hyde Park,6,1.0,"Cozy, Spacious Private Room in Boston",1,f,6,594.0,1
132.0,30,42.25812,-71.16088,Entire home/apt,1,225,4.8,none,West Roxbury,3,3.0,Cozy 3-Bedrooms Apartment Near Dedham Legacy,30,t,180,23760.0,0
214.0,1,42.29549919999999,-71.0471404,Entire home/apt,31,123,5.0,none,Dorchester,343,0.0,Blueground | Dorchester 2bd apartment,1,f,62,13268.0,0
270.0,39,42.388704,-71.0084016,Entire home/apt,2,300,4.95,STR-575903,East Boston,4,3.0,Walk to Constitution Beach: Mid-Century Boston Gem,39,f,234,63180.0,1
305.0,7,42.38917492876212,-71.00424036383629,Entire home/apt,2,249,4.86,STR-583671,East Boston,1,3.0,Eastie | Roomy 3BR w/ Easy City/Airport Access,7,t,42,12810.0,1
500.0,23,42.34793,-71.04241,Entire home/apt,29,365,4.96,STR-467888,South Boston Waterfront,2,2.0,Sea view Outstanding apartment in Seaport,23,f,255,127500.0,1
112.0,3,42.34971,-71.06669,Entire home/apt,29,230,4.67,Exempt: This listing is a unit that has contracts with hospitals,Bay Village,59,1.0,Chic 1 Bed Apartment! | Steps from Boston Common!,3,f,174,19488.0,1
260.0,3,42.34983,-71.06503,Entire home/apt,29,197,4.0,Exempt: This listing is a unit that has contracts with hospitals,Downtown,59,1.0,Theater District Cozy 1 BR!,3,f,174,45240.0,1
165.0,1,42.357312676904215,-71.05259957349048,Entire home/apt,29,105,5.0,none,Downtown,1,1.0,1BD/1BA | Boston Harbor,1,f,58,9570.0,0
65.0,32,42.314733553774225,-71.0749917522336,Private room,1,333,4.81,STR-518832,Roxbury,3,1.0,Comfort Inn In my 3rd bedroom,32,f,192,12480.0,1
87.0,14,42.30914176792707,-71.06698298767807,Entire home/apt,2,27,4.71,STR-587411,Dorchester,5,1.0,Chic Urban Condo near Boston Center!,14,t,84,7308.0,1
45.0,1,42.32613695246467,-71.10637029728157,Private room,29,191,5.0,none,Jamaica Plain,4,1.0,"room near Harvard Med School/Logwood, NEU",1,f,58,2610.0,0
299.0,26,42.37876535893463,-71.02927114210334,Entire home/apt,2,327,4.81,STR-595551,East Boston,1,2.0,Luxury Penthouse with City & Airport View | Eastie,26,t,156,46644.0,1
235.0,2,42.2867345,-71.1472243,Entire home/apt,29,172,5.0,none,Roslindale,2,2.0,"Stylish, Open Concept Apartment 2BD/1BA, 2nd Floor",2,t,116,27260.0,0
708.0,29,42.38,-71.0143,Entire home/apt,2,322,5.0,STR-576198,East Boston,1,4.0,Waterfront Escape - Close to Airport & Downtown,29,f,174,123192.0,1
188.0,35,42.341419451052424,-71.10165757313948,Entire home/apt,1,51,4.89,STR-597829,Fenway,1,0.0,(F22) Charming Boho-Inspired Studio in Fenway!,35,f,210,39480.0,1
347.0,19,42.2823479,-71.0599718,Entire home/apt,1,283,4.95,STR-587619,Dorchester,2,5.0,"Spacious 5BR Gem – Quiet Area, Walkable to Train",19,f,114,39558.0,1
485.0,7,42.34797,-71.0385,Entire home/apt,29,330,4.29,STR-536756,South Boston Waterfront,72,2.0,Cozy 2Br2Ba apartment water view,7,f,255,123675.0,1
276.0,2,42.34291,-71.09904,Entire home/apt,30,337,5.0,STR-590289,Fenway,55,1.0,Gorgeous Apt with Kitchen,2,f,120,33120.0,1
78.0,3,42.26149721241076,-71.16269047824449,Entire home/apt,29,210,4.67,STR-592907,West Roxbury,1,1.0,Beautiful 1bd Boston Apartment - FREE Parking,3,t,174,13572.0,1
599.0,9,42.35055,-71.0652,Entire home/apt,29,361,5.0,STR-004582,Downtown,72,2.0,Bright 2BR/2BA Downtown Gem by Boston Common.,9,f,255,152745.0,1
137.0,1,42.344031560047576,-71.0740655424884,Entire home/apt,29,333,5.0,none,South End,2,0.0,Brand new fully furnished studio,1,t,58,7946.0,0
164.0,4,42.32977,-71.09409,Entire home/apt,1,285,5.0,STR-445890,Roxbury,2,1.0,Quiet City Condo,4,f,24,3936.0,1
210.0,24,42.32288,-71.06792,Entire home/apt,1,295,4.63,STR-582122,Roxbury,1,4.0,Sunny 4 bedroom & 2 baths Appt,24,f,144,30240.0,1
266.0,2,42.25783830323105,-71.16170668449779,Entire home/apt,1,185,5.0,none,West Roxbury,3,5.0,Cozy 5 Bedrooms - Spacious Apartment Near Legacy,2,t,12,3192.0,0
218.0,20,42.26481096928224,-71.09742672090077,Entire home/apt,2,251,4.7,STR-605617,Mattapan,1,4.0,Spacious 4-bedroom Getaway Apt 5 mins from MBTA,20,f,120,26160.0,1
136.0,8,42.3316757,-71.04724639999999,Entire home/apt,29,317,4.38,STR-446667,South Boston,2,2.0,"Charming, 2 Bedroom in Southie",8,f,255,34680.0,1
119.0,4,42.387612140412216,-71.00142140421418,Entire home/apt,29,359,4.0,STR-446667,East Boston,2,2.0,"Cozy,Convenient Airport Area  Boston Condo",4,f,232,27608.0,1
130.0,46,42.38128650827375,-71.02897274539056,Private room,1,321,4.98,STR-583345,East Boston,1,1.0,Cozy home near the airport,46,t,255,33150.0,1
147.0,12,42.28169342248051,-71.13406768401022,Entire home/apt,2,215,5.0,STR-584689,Roslindale,2,1.0,Cozy 1BR suite in Boston's Roslindale Village,12,t,72,10584.0,1
662.0,11,42.35576,-71.062,Entire home/apt,3,240,5.0,STR-598797,Downtown,2,3.0,Chic Large 3BR/2BA | Downtown Xing | Best Location,11,t,66,43692.0,1
143.0,9,42.3628448,-71.13228099999999,Entire home/apt,1,120,4.56,STR-531830,Allston,6,2.0,"Modern 2 Beds. Walk to HBS. Near Harvard, MIT, BU",9,f,54,7722.0,1
424.0,1,42.3589214,-71.0541634,Entire home/apt,31,131,5.0,none,Downtown,343,2.0,"Blueground | Downtown, gym & w/d, nr harbor",1,f,62,26288.0,0
545.0,12,42.35371,-71.04829,Private room,1,155,4.58,Exempt: This listing is a hotel or motel,South Boston Waterfront,3,1.0,Unimagined Hospitality In Downtown Boston,12,t,72,39240.0,1
592.0,7,42.35371,-71.04829,Private room,1,154,4.71,Exempt: This listing is a hotel or motel,South Boston Waterfront,3,1.0,Comfort & Creativity Downtown Boston | Rooftop Bar,7,t,42,24864.0,1
326.0,1,42.348129,-71.080849,Entire home/apt,31,207,5.0,none,Back Bay,343,1.0,"Blueground | Back Bay, gym, nr Newbury St",1,f,62,20212.0,0
407.0,21,42.36699731577989,-71.05755722815779,Entire home/apt,1,236,4.86,STR-583182,North End,23,3.0,Lux 1st floor 3brm/1bath North End,21,t,126,51282.0,1
407.0,12,42.36576,-71.05748,Entire home/apt,1,329,4.83,STR-583183,North End,23,3.0,Lux 2nd floor 3brm/1bath,12,t,72,29304.0,1
220.0,2,42.340221615518885,-71.08165763318539,Entire home/apt,30,308,5.0,none,Roxbury,1,2.0,"Southend 2BR charming, modern and sunny!",2,f,120,26400.0,0
330.0,2,42.35672,-71.06033,Entire home/apt,29,1,4.0,Exempt: This listing is a unit that has contracts with hospitals,Downtown,39,2.0,Luxury 2 bedroom Apt!,2,f,116,38280.0,1
211.0,13,42.29508939999999,-71.07380289999999,Entire home/apt,1,0,4.69,STR-585057,Dorchester,2,4.0,Brand New Modern Apt |Near T,13,f,78,16458.0,1
194.0,15,42.32229,-71.10336,Entire home/apt,3,14,4.8,STR-545906,Jamaica Plain,2,1.0,Spacious 1BR Home close to Train & Downtown,15,f,90,17460.0,1
219.0,7,42.27012,-71.1114,Entire home/apt,2,356,3.71,STR-571524,Hyde Park,2,2.0,2BR Cozy Condo with Pet-Friendly Vibes &  WiFi,7,f,42,9198.0,1
239.0,3,42.3594106,-71.0704413,Entire home/apt,29,184,5.0,none,Beacon Hill,4,1.0,"Beacon Hill Apt with Balcony, Fast WiFi, Near MGH!",3,t,174,41586.0,0
168.0,25,42.3617282211065,-71.07097755368703,Entire home/apt,1,140,4.16,Exempt: This listing is a unit that has contracts with hospitals,West End,10,1.0,"Beacon Hill, MGH! Outdoor space!",25,f,150,25200.0,1
50.0,1,42.37768,-71.03533,Private room,30,50,5.0,none,East Boston,5,0.0,Comfy room in Luxury apartment,1,f,60,3000.0,0
566.0,5,42.33093244365528,-71.05666547609475,Entire home/apt,2,259,5.0,STR-525163,South Boston,18,5.0,5BR3B By Subway Downtown,5,t,30,16980.0,1
138.0,2,42.36201517935371,-71.13140923682037,Private room,29,238,5.0,none,Allston,6,1.0,"Large Room w/ Private Bath, Near Harvard, MIT, HBS",2,f,116,16008.0,0
253.0,1,42.36176,-71.13203,Private room,29,267,4.0,none,Allston,6,1.0,Comfortable Large Private Room near Harvard,1,f,58,14674.0,0
148.0,10,42.2877088,-71.0921785,Entire home/apt,2,164,4.6,STR-578322,Dorchester,1,2.0,Georges families,10,f,60,8880.0,1
113.0,1,42.36396,-71.13172,Private room,29,289,4.0,none,Allston,6,1.0,Cozy Twin Room Near Harvard & MIT,1,f,58,6554.0,0
302.0,120,42.3336376,-71.081672,Private room,1,95,4.79,Exempt: This listing is a hotel or motel,Roxbury,1,1.0,Great central location in Downtown Boston,120,t,255,77010.0,1
102.0,4,42.35939,-71.13044,Private room,1,0,5.0,STR-544976,Allston,17,1.0,Near Harvard Business,4,f,24,2448.0,1
87.0,26,42.35589,-71.15815,Private room,1,357,4.58,str-544976,Brighton,17,1.0,nice and cozy room 1,26,f,156,13572.0,1
83.0,23,42.35629,-71.15822,Private room,1,353,4.61,str-544976,Brighton,17,1.0,nice and cozy room 2,23,f,138,11454.0,1
288.0,6,42.30927602668448,-71.06781649331577,Entire home/apt,1,67,4.5,STR-586695,Dorchester,3,3.0,Stylish 3BR Apt in Boston,6,f,36,10368.0,1
410.0,5,42.34543,-71.07974,Entire home/apt,1,312,4.8,STR-420775,Back Bay,7,1.0,Copley House Superior King Studio,5,f,30,12300.0,1
399.0,4,42.34564,-71.07987,Entire home/apt,1,311,4.75,STR-447237,Back Bay,7,1.0,Copley House Superior Queen Studio,4,f,24,9576.0,1
86.0,48,42.35565,-71.15627,Private room,1,356,4.65,str-544976,Brighton,17,1.0,nice and cozy room 3,48,f,255,21930.0,1
83.0,68,42.357576776394865,-71.15691548109525,Private room,1,355,4.82,str-544976,Brighton,17,1.0,nice and cozy room A,68,f,255,21165.0,1
83.0,52,42.35598,-71.15656,Private room,1,360,4.62,str-544976,Brighton,17,1.0,nice and cozy room B,52,f,255,21165.0,1
85.0,43,42.35639,-71.15837,Private room,1,357,4.65,str-544976,Brighton,17,1.0,nice and cozy room C,43,f,255,21675.0,1
83.0,2,42.35551150524787,-71.15667099811876,Private room,1,355,5.0,str-544976,Brighton,17,1.0,nice and cozy room 4,2,f,12,996.0,1
270.0,6,42.38113336330095,-71.06790860913192,Entire home/apt,2,248,5.0,STR-596829,Charlestown,1,1.0,Charlestown apartment with private patio,6,f,36,9720.0,1
159.0,35,42.3663011,-71.0551741,Entire home/apt,2,285,4.57,STR-582252,North End,7,0.0,1 TDGarden Celtics/Bruins/Lil Italy/Historic,35,f,210,33390.0,1
159.0,36,42.3663528,-71.0551423,Entire home/apt,2,303,4.25,STR-582253,North End,7,1.0,1B TDGarden Celtics/Bruins/Lil Italy/Historic,36,f,216,34344.0,1
450.0,2,42.36027,-71.07014,Entire home/apt,4,59,5.0,STR-581620,Beacon Hill,1,1.0,Amazing Beacon Hill penthouse,2,f,16,7200.0,1
159.0,48,42.36745,-71.05562,Entire home/apt,2,279,4.6,STR-582250,North End,7,1.0,2 TDGarden Celtics/Bruins/Lil Italy/Historic,48,f,255,40545.0,1
190.0,26,42.36741022062671,-71.05479930631226,Entire home/apt,2,297,4.54,STR-582252,North End,7,0.0,2B TDGarden Celtics/Bruins/Lil Italy/Historic,26,f,156,29640.0,1
179.0,11,42.23941593472954,-71.13331438061056,Entire home/apt,2,331,5.0,STR-584393,Hyde Park,1,2.0,Serenity,11,f,66,11814.0,1
222.0,41,42.34663670904682,-71.1451367772092,Entire home/apt,1,333,4.95,STR-587354,Brighton,39,2.0,The Barton-Luxe 2BR by Downtown,41,t,246,54612.0,1
246.0,1,42.3789773,-71.03569910000002,Entire home/apt,28,351,5.0,Exempt: This listing is a unit used for furnished institutional or business stays,East Boston,1,2.0,Eagle Hill East Boston new construction home,1,t,56,13776.0,1
124.0,8,42.32838755830677,-71.07008096429183,Entire home/apt,1,0,4.0,STR-584504,Roxbury,3,1.0,"Modern Retreat, Walk to Hospitals, Dining",8,f,48,5952.0,1
164.0,10,42.35037,-71.06414,Entire home/apt,29,236,4.5,STR-584506,Downtown,3,0.0,"Steps from the Park, Walk to Theaters & Dining",10,f,255,41820.0,1
434.0,18,42.35340009999999,-71.12835489999999,Entire home/apt,1,201,4.94,STR-581598,Allston,5,4.0,Double the Fun: 4BR Allston Stay,18,t,108,46872.0,1
77.0,2,42.3172565710833,-71.06232973883172,Private room,30,293,4.5,none,Dorchester,58,1.0,"26A2.1 | The Annabel 2, Bedroom 1 | w/AC & W/D",2,f,120,9240.0,0
68.0,2,42.31706323181407,-71.0615866136093,Private room,30,266,5.0,Exempt: This listing is a unit used for furnished institutional or business stays,Dorchester,58,1.0,"26A2.3 | The Annabel 2, Bedroom 3 | w/AC & W/D",2,f,120,8160.0,1
293.0,12,42.32528651916749,-71.090179878617,Entire home/apt,1,29,4.83,STR-576017,Roxbury,2,3.0,Boston/Heart of the City,12,f,72,21096.0,1
306.0,19,42.3486,-71.14702,Entire home/apt,1,349,4.89,STR-587351,Brighton,39,2.0,The Galen-Luxe 2BR by Downtown Boston,19,t,114,34884.0,1
300.0,18,42.35254,-71.07599,Entire home/apt,1,305,4.56,STR-546677,Back Bay,36,0.0,(J6) Best Back Bay Location! Perfect Studio!,18,t,108,32400.0,1
292.0,7,42.32829,-71.11206,Entire home/apt,29,274,4.43,STR-541232,Jamaica Plain,72,2.0,Luxury corner Boston 2Br 2Ba Apt Boston hospitals,7,f,255,74460.0,1
621.0,12,42.28803856486838,-71.03931808247468,Entire home/apt,1,89,4.83,STR-604739,Dorchester,4,5.0,"(DR81) New Home, Close 2 City, Spacious 6 Beds W/D",12,t,72,44712.0,1
323.0,5,42.3292148,-71.0949007,Entire home/apt,3,50,5.0,STR-446658,Roxbury,11,3.0,"Classic Boston, Penthouse duplex",5,t,30,9690.0,1
107.0,2,42.34865768366295,-71.14037567444643,Private room,31,251,4.5,none,Brighton,12,1.0,Renovated Single Room with Bath,2,t,124,13268.0,0
221.0,6,42.3062311,-71.0602314,Entire home/apt,1,288,4.5,STR-588796,Dorchester,2,4.0,30/1 - 4BR Boston | Cozy Apt near Geneva Cliffs,6,t,36,7956.0,1
209.0,11,42.3062311,-71.0602314,Entire home/apt,1,257,4.82,STR-588796,Dorchester,2,3.0,30/3 - 3BR Boston |Cozy Apt near Franklin Park Zoo,11,t,66,13794.0,1
297.0,24,42.28235,-71.05997,Entire home/apt,1,300,4.88,STR-587622,Dorchester,2,4.0,Cozy Renovated 4-Bedroom Townhouse Walk to Train,24,f,144,42768.0,1
200.0,30,42.34839373249265,-71.14514389527372,Entire home/apt,1,350,4.9,STR-587346,Brighton,39,1.0,The Lister-Luxurious Studio Near Heart of Boston,30,t,180,36000.0,1
162.0,27,42.3472889149444,-71.14511577434386,Entire home/apt,1,340,4.81,STR-587348,Brighton,39,0.0,The Salk-Beautiful Boston Studio,27,t,162,26244.0,1
158.0,33,42.34666016091552,-71.14668614117416,Entire home/apt,1,361,4.82,STR-587350,Brighton,39,0.0,The Watson-Luxe Boston Studio,33,t,198,31284.0,1
57.0,1,42.32795,-71.07853,Entire home/apt,30,34,5.0,none,Roxbury,33,1.0,Spacious Private Room in Lower Roxbury,1,f,60,3420.0,0
354.0,5,42.3597279180257,-71.05715356649193,Entire home/apt,30,317,4.6,Exempt: This listing is a hotel or motel,Downtown,33,1.0,Spacious 1B in Faneuil Hall/Quincy Market,5,f,255,90270.0,1
184.0,39,42.3459108551553,-71.14718668162823,Entire home/apt,2,299,5.0,STR-573351,Brighton,1,2.0,Ideal Brighton Location with Parking,39,f,234,43056.0,1
169.0,32,42.27626619999999,-71.13413349999999,Entire home/apt,2,332,4.59,STR-588301,Roslindale,1,2.0,Cozy nest getaway near Boston!,32,f,192,32448.0,1
202.0,28,42.299526,-71.112895,Entire home/apt,2,189,5.0,STR-588764,Jamaica Plain,1,3.0,Apartment in Boston's Jamaica Plain,28,t,168,33936.0,1
228.0,15,42.32553381501254,-71.07972655889883,Entire home/apt,1,348,4.87,STR-555331,Roxbury,1,3.0,Free Parking | Stocked Kitchen | 10 min -> Boston,15,t,90,20520.0,1
78.0,1,42.31764062956877,-71.06102566196269,Private room,30,365,4.0,Exempt: This listing is a unit used for furnished institutional or business stays,Dorchester,58,1.0,47S1.B | The Sumner Redline | w/AC & WD | Suite,1,f,60,4680.0,1
208.0,1,42.37299242973582,-71.06313990056393,Entire home/apt,29,344,5.0,STR-025653,Charlestown,1,1.0,Boston Commons 1BR w/ view,1,f,58,12064.0,1
677.0,9,42.29942,-71.06949,Entire home/apt,2,247,4.89,STR-574289,Dorchester,7,5.0,Large Duplex Free Prkg mins 2 Train downtownFenway,9,t,54,36558.0,1
112.0,1,42.27326,-71.10755,Entire home/apt,29,270,5.0,STR-603610,Mattapan,1,1.0,Tiny Home Haven,1,f,58,6496.0,1
599.0,3,42.32851,-71.11249,Entire home/apt,29,365,4.33,STR-452314,Jamaica Plain,72,2.0,Luxury corner 2BR 2BA Boston Jamica pond Hospitals,3,f,174,104226.0,1
68.0,5,42.31193,-71.08899,Private room,3,26,4.6,STR-548471,Roxbury,4,1.0,Modern Home - Bright & Spacious,5,t,30,2040.0,1
84.0,8,42.31312,-71.08901,Private room,3,0,5.0,STR-548471,Roxbury,4,1.0,Bright & Private Home w/King Bed,8,t,48,4032.0,1
381.0,36,42.36089801887835,-71.14381052423239,Entire home/apt,2,333,4.89,STR-584645,Brighton,10,3.0,Luxury 3BR | Free Parking | Harvard/BU | ROKU TV,36,t,216,82296.0,1
172.0,1,42.309583731224265,-71.05035038963072,Entire home/apt,29,235,1.0,STR-520842,Dorchester,60,2.0,2BR in Savin Hill Boston 4596,1,f,58,9976.0,1
117.0,1,42.357,-71.07268,Private room,29,101,5.0,none,Beacon Hill,6,1.0,"Beacon Hill Room. Walk to MGH, Tufts Medical, MIT",1,f,58,6786.0,0
94.0,30,42.321406122668954,-71.10942587256432,Private room,1,318,4.9,STR-589481,Jamaica Plain,2,1.0,Near Train in hip Jamaica Plain,30,t,180,16920.0,1
449.0,2,42.3478412234783,-71.07943351162471,Entire home/apt,29,341,4.5,STR-285166,Back Bay,72,2.0,Modern  Condo in Down town Back bay 2BR 2BA,2,f,116,52084.0,1
199.0,23,42.2749,-71.14878,Entire home/apt,1,336,4.83,Str-591017,West Roxbury,2,3.0,"Charming Stay - Perfect for Groups, FREE Parking",23,f,138,27462.0,1
258.0,15,42.290968870887994,-71.14430066524149,Entire home/apt,2,180,4.93,STR-589938,West Roxbury,1,3.0,Charming Boston Single Fam Home Near Commuter Rail,15,t,90,23220.0,1
941.0,7,42.36614900969308,-71.05581377310003,Entire home/apt,29,365,5.0,STR-476426,North End,18,4.0,North End TD Garden Walk to Downtown,7,t,255,239955.0,1
150.0,4,42.31056115353316,-71.05227701869605,Entire home/apt,29,202,4.75,STR-520842,Dorchester,60,2.0,2BR in Savin Hill 8114,4,f,232,34800.0,1
418.0,21,42.3071755,-71.10468929999999,Entire home/apt,30,305,4.95,none,Jamaica Plain,4,4.0,"Glamorous Luxury Apartment, Near T",20,f,255,106590.0,0
186.0,4,42.3441748,-71.0810797,Private room,2,213,5.0,STR-570345,Back Bay,2,1.0,Boston Marathon 5 mins  Copley Sq./Prudential Ctr,4,f,24,4464.0,1
276.0,6,42.35340009999999,-71.12835489999999,Entire home/apt,1,206,5.0,STR-581598,Allston,5,2.0,Spacious 2BR Allston Getaway,6,t,36,9936.0,1
628.0,10,42.35772,-71.07109,Entire home/apt,1,269,5.0,STR-586938,Beacon Hill,2,2.0,Stately on Cedar Elegant Beacon Hill Penthouse NEW,10,t,60,37680.0,1
289.0,17,42.31857643617818,-71.10666144003628,Entire home/apt,1,320,4.94,STR-584174,Jamaica Plain,23,3.0,Luxury 3brm/1bath Duplex in JP,17,t,102,29478.0,1
123.0,26,42.34618,-71.08082,Private room,2,70,4.96,STR-590653,Back Bay,1,1.0,1Bd with private bathroom! No cleaning fee!,26,f,156,19188.0,1
285.0,12,42.3806525,-71.0381381,Entire home/apt,29,337,4.92,STR-603526,East Boston,5,2.0,Luxury 2 Bed 2 Bath East Boston,12,t,255,72675.0,1
154.0,23,42.3477,-71.14758,Entire home/apt,29,334,4.83,STR-592992,Brighton,39,0.0,"The Fleming-Gym, W/D, studio near City",23,t,255,39270.0,1
216.0,3,42.35340009999999,-71.12835489999999,Entire home/apt,1,202,5.0,STR-581598,Allston,5,2.0,Sunny 2BR +Futon Allston Escape,3,t,18,3888.0,1
201.0,25,42.34554961467751,-71.14783082124545,Entire home/apt,29,342,4.84,STR-592991,Brighton,39,0.0,The Harvey: Large • Near T • Gym • Kitchen • W/D,25,t,255,51255.0,1
184.0,23,42.34709955794784,-71.14559933472655,Entire home/apt,1,346,4.78,STR-592998,Brighton,39,2.0,The Hunter-Elegant Suite Near City,23,t,138,25392.0,1
250.0,21,42.34751,-71.14764,Entire home/apt,29,355,4.86,STR-593002,Brighton,39,2.0,The Reed: Spacious • Private Kitchen • Gym • W/D,21,t,255,63750.0,1
248.0,25,42.34713253944974,-71.14795988817194,Entire home/apt,29,338,4.76,STR-592996,Brighton,39,2.0,The Seacole: Glamorous • Near City • Gym • W/D,25,t,255,63240.0,1
218.0,18,42.34778572525814,-71.14570009221465,Entire home/apt,29,352,4.56,STR-592995,Brighton,39,1.0,The Kelsey: View • Private Kitchen • Gym • W/D,18,t,255,55590.0,1
167.0,16,42.34631094271476,-71.14760081353634,Entire home/apt,1,345,4.69,STR-592994,Brighton,39,1.0,The Barnard: Coastal Vibe • WFH Desk • Gym • W/D,16,t,96,16032.0,1
60.0,1,42.27979983170178,-71.16039790213108,Private room,91,365,5.0,STR-520919,West Roxbury,5,1.0,Boston-Sunny bedroom train&buses,1,t,182,10920.0,1
277.0,1,42.3429115,-71.0990346,Entire home/apt,9,337,5.0,STR-582232,Fenway,55,1.0,Luxury Private Apt Fenway,1,f,18,4986.0,1
95.0,7,42.3814113,-71.0229951,Private room,29,98,5.0,STR-398249,East Boston,4,1.0,Shelly's Turkish Room,7,t,255,24225.0,1
289.0,7,42.32024719451044,-71.10367320477962,Entire home/apt,3,177,4.86,STR-591610,Jamaica Plain,1,3.0,"Near Downtown, Hospital & Wh Foods | Free Parking",7,t,42,12138.0,1
303.0,23,42.3030644,-71.0561584,Entire home/apt,1,330,4.78,STR-588940,Dorchester,4,4.0,"40.2 New, beautiful apt/4br/free parking/Boston",23,t,138,41814.0,1
311.0,16,42.3685526,-71.05531069999999,Entire home/apt,2,316,4.31,Exempt: This listing is a unit that has contracts with hospitals,North End,10,3.0,"Old North, Lil Italy,TDGarden, Celtics,Water View!",16,f,96,29856.0,1
86.0,13,42.308784225859114,-71.07076696146733,Private room,2,338,4.85,STR-588864,Dorchester,3,1.0,Cozy Boston: Private Bed & Bath in Dorchester,13,t,78,6708.0,1
98.0,20,42.30921,-71.07106,Private room,2,334,4.85,STR-588864,Dorchester,3,1.0,Cozy Boston: Private Bed in Dorchester,20,t,120,11760.0,1
311.0,19,42.316246000675456,-71.11247284876006,Entire home/apt,1,208,5.0,STR-584218,Jamaica Plain,1,2.0,Airy 2BR: A Blend of East & West,19,t,114,35454.0,1
371.0,7,42.34634123903701,-71.0640516825805,Entire home/apt,4,353,4.14,STR-542338,South End,72,2.0,Luxury 2BR 2BA Southend Boston Downtown prudential,7,f,56,20776.0,1
1087.0,11,42.3155339,-71.0561512,Entire home/apt,30,319,5.0,STR-589306,Dorchester,4,6.0,"Clean, Contemporary Duplex | Sleeps 17",11,f,255,277185.0,1
58.0,6,42.31455,-71.07509,Private room,1,51,4.0,STR-518832,Roxbury,3,1.0,Comfort Inn in my 2nd bedroom.,6,f,36,2088.0,1
95.0,8,42.29599956137799,-71.06497208938612,Private room,2,202,5.0,STR-546443,Dorchester,2,1.0,Peaceful Cabinet of Curiosities/no added fees!,8,t,48,4560.0,1
740.0,2,42.36645,-71.05573,Entire home/apt,29,365,5.0,STR-476426,North End,18,4.0,4BR2Bath North End by Subway Downtown,2,t,116,85840.0,1
205.0,4,42.31128703018637,-71.10037724011693,Entire home/apt,1,159,5.0,STR-593022,Jamaica Plain,1,2.0,Sunny JP parkside condo w/ kids bunkbed AND CATS,4,f,24,4920.0,1
255.0,9,42.292380770287565,-71.06725984482009,Entire home/apt,1,262,4.89,STR-559438,Dorchester,2,3.0,82 - 3BR Boston Stylish Apt near Dorchester Center,9,t,54,13770.0,1
44.0,1,42.34016,-71.15423,Private room,31,113,5.0,none,Brighton,51,5.0,Modest Private Room #1303 A,1,f,62,2728.0,0
297.0,17,42.36593932939428,-71.03729216137695,Entire home/apt,2,123,5.0,STR-593109,East Boston,3,1.0,Modern Coastal City Stay | Waterfront & Airport,17,f,102,30294.0,1
145.0,31,42.31141385191415,-71.0507243195717,Entire home/apt,1,296,4.52,STR-520842,Dorchester,10,2.0,Beautiful 2BR in Savin Hill Boston 3495,31,f,186,26970.0,1
557.0,7,42.2993632840437,-71.06880777164702,Entire home/apt,2,251,4.86,STR-583504,Dorchester,7,5.0,Spacious duplex near T Downtown,7,t,42,23394.0,1
724.0,18,42.3155339,-71.0561512,Entire home/apt,1,354,5.0,STR-589305,Dorchester,4,6.0,Boston Escape | Near T,18,f,108,78192.0,1
231.0,4,42.34272986079469,-71.07924289484582,Entire home/apt,1,307,5.0,STR-457097,South End,18,1.0,Charming Studio in Historic Brownstone,4,f,24,5544.0,1
167.0,1,42.348286,-71.069664,Private room,3,264,5.0,STR-584002,Bay Village,20,0.0,Great Value For Your Boston Stay,1,f,6,1002.0,1
144.0,3,42.348419,-71.069839,Private room,29,277,3.0,STR-584005,Bay Village,20,1.0,"Primo Location, Walk To T & Marathon Finish Line!",3,f,174,25056.0,1
189.0,4,42.3483657,-71.0698862,Entire home/apt,3,334,3.5,STR-584018,Bay Village,20,1.0,Private Studio In Boston's Bay Village!,4,f,24,4536.0,1
105.0,6,42.3483657,-71.0698862,Private room,3,257,3.83,STR-584019,Bay Village,20,1.0,Chic Studio For An Affordable Stay,6,f,36,3780.0,1
216.0,5,42.3485831,-71.0696013,Entire home/apt,3,318,4.8,STR-415225,Bay Village,20,1.0,Studio Awaits Your Next Stay!,5,f,30,6480.0,1
163.0,19,42.34878376007848,-71.14446430744901,Entire home/apt,1,350,4.79,STR-593003,Brighton,39,0.0,The Finsen: Full Kitchen • City Access • W/D • Gym,19,t,114,18582.0,1
195.0,15,42.34803785647403,-71.14421628647403,Entire home/apt,1,345,4.8,STR-593006,Brighton,39,1.0,The Cori-Elegant suite in Boston,15,t,90,17550.0,1
197.0,22,42.34736,-71.14403,Entire home/apt,29,327,4.77,STR-593004,Brighton,39,1.0,The Fisher: City Access • Kitchen • Gym • W/D,22,t,255,50235.0,1
197.0,21,42.346,-71.146,Entire home/apt,1,338,4.95,STR-593005,Brighton,39,1.0,The Blackwell: Workspace • W/D • Gym • Near City,21,t,126,24822.0,1
599.0,1,42.34714,-71.0808,Entire home/apt,29,364,3.0,str-116391,Back Bay,16,2.0,Modern  Condo in Down town Back bay 2BR 2BA,1,f,58,34742.0,1
175.0,3,42.33089,-71.04161,Entire home/apt,1,3,5.0,STR-594043,South Boston,4,1.0,"Large Modern 1BR: Office, BCEC",3,t,18,3150.0,1
216.0,28,42.3010786,-71.08379049999999,Entire home/apt,1,308,5.0,STR-491593,Dorchester,3,2.0,Brand New 2BR Apt 20Min Downtown Boston,28,t,168,36288.0,1
7500.0,11,42.372299217916186,-71.04379117046129,Entire home/apt,1,261,4.91,Exempt: This listing is a unit used for furnished institutional or business stays,East Boston,1,1.0,Monthly Skyline Apartment,11,t,66,495000.0,1
94.0,1,42.2760043,-71.0956136,Private room,1,256,5.0,STR-589825,Mattapan,1,1.0,JB safe home 1 or more rms available w/2 full bath,1,f,6,564.0,1
432.0,22,42.34324,-71.07814,Entire home/apt,2,285,5.0,STR-590335,South End,1,2.0,"Boston 2BR Apt South End-Copley,Cmmons,MGH,Fenway",22,f,132,57024.0,1
337.0,16,42.30823936432445,-71.05957546931154,Entire home/apt,2,227,4.81,STR-594611,Dorchester,1,4.0,Cozy 4 Bedroom Apartment in Boston,16,f,96,32352.0,1
315.0,16,42.29348105994391,-71.1624144346733,Entire home/apt,2,193,5.0,STR-594074,West Roxbury,1,3.0,Bright & Spacious Boston,16,t,96,30240.0,1
255.0,22,42.3660186,-71.0371205,Entire home/apt,2,126,5.0,STR-593108,East Boston,3,1.0,Boston Skyline Stay | 1BR + City Views,22,f,132,33660.0,1
224.0,59,42.37247613414599,-71.03613608140415,Entire home/apt,1,333,4.8,STR-595035,East Boston,2,3.0,3 BDRM Apt Next to Airport/5 min to Downtown,59,t,255,57120.0,1
188.0,12,42.33570390428965,-71.15184622526952,Entire home/apt,1,345,4.33,STR-558232,Brighton,23,3.0,3 King Beds 1 Bath Apt w/ Pool,12,t,72,13536.0,1
50.0,1,42.336301146188546,-71.14898817998146,Private room,28,166,4.0,STR-596518,Brighton,2,1.0,Bright room in Brighton,1,f,56,2800.0,1
208.0,24,42.3589739905895,-71.06983957292607,Entire home/apt,2,215,4.75,STR-595244,Beacon Hill,1,0.0,"Beacon Hill Studio, Easy Access Train Lines, MGH",24,f,144,29952.0,1
794.0,1,42.34962,-71.08499,Entire home/apt,4,250,5.0,STR-596360,Back Bay,18,3.0,3BR / 2BA + Prvt Deck in Back Bay,1,t,8,6352.0,1
523.0,6,42.34769611496782,-71.0830740434685,Entire home/apt,4,198,5.0,STR-596361,Back Bay,18,2.0,Sparkling New 2BR / 2BA in Back Bay,6,t,48,25104.0,1
290.0,6,42.3507,-71.08909,Entire home/apt,4,127,4.83,STR-596356,Back Bay,18,1.0,Brand New One Bedroom in Back Bay,6,t,48,13920.0,1
567.0,7,42.36706,-71.05303,Entire home/apt,4,239,5.0,STR-596362,North End,18,3.0,Fabulous North End 3 BR | 1.5 BA in Little Italy,7,t,56,31752.0,1
551.0,10,42.36585,-71.0545,Entire home/apt,4,107,5.0,STR-596364,North End,18,3.0,North End Efficient 3 BR | 1 BA in Little Italy,10,t,80,44080.0,1
725.0,2,42.35214538464599,-71.06431920913738,Entire home/apt,29,365,5.0,STR-072579,Downtown,72,2.0,Downtown high end 2BR 2BA Condo Stunning City View,2,f,116,84100.0,1
168.0,2,42.39184401563319,-71.00589670943076,Entire home/apt,29,359,5.0,none,East Boston,1,3.0,"Large, Cozy House • Walk to T, Free Parking, Yard",2,f,116,19488.0,0
235.0,19,42.34452092497611,-71.08345018004142,Entire home/apt,1,314,4.89,STR-597076,Back Bay,6,0.0,"The Ellie House 1- Back Bay Studio, 2 beds! W/D",19,t,114,26790.0,1
247.0,18,42.34395998701708,-71.0819640459429,Entire home/apt,1,330,4.78,STR-595613,Back Bay,6,0.0,"The Ellie House 4- 1st Floor, Efficient, Back Bay!",18,t,108,26676.0,1
241.0,13,42.34443855415329,-71.08356666223925,Entire home/apt,1,338,4.54,STR-595611,Back Bay,6,0.0,The Ellie House 6- Cozy Back Bay Escape,13,t,78,18798.0,1
200.0,20,42.34437782816584,-71.08183972555128,Entire home/apt,1,318,4.75,STR-595608,Back Bay,6,0.0,The Ellie House 7- Budget Friendly Back Bay Apt.,20,t,120,24000.0,1
301.0,17,42.342508685228985,-71.08211158413741,Entire home/apt,1,336,4.82,STR-595610,Back Bay,6,1.0,"The Ellie House 10- Crowd Favorite, Back Bay!",17,t,102,30702.0,1
305.0,11,42.343153406752215,-71.08382851064717,Entire home/apt,1,326,5.0,STR-595606,Back Bay,6,0.0,The Ellie House 9- Cozy Studio Near Prudential!,11,t,66,20130.0,1
403.0,13,42.35109,-71.08897,Entire home/apt,1,286,4.77,Str-571669,Back Bay,5,2.0,"(4R1) Fan Favorite! Charles River, W/D, 3Beds",13,t,78,31434.0,1
278.0,14,42.35067,-71.08876,Entire home/apt,1,63,4.71,STR-546677,Back Bay,5,0.0,"(S2R) Back Bay, Near Fenway, Cozy Studio, Reno!",14,t,84,23352.0,1
190.0,9,42.2946641,-71.0760832,Entire home/apt,1,263,5.0,STR-595347,Dorchester,4,3.0,558/3 - 3BR Boston |Modern Nest near Franklin Park,9,t,54,10260.0,1
195.0,10,42.37394,-71.03088,Entire home/apt,1,359,4.7,STR-546064,East Boston,1,1.0,NomadiQ Boutique Stay - Airport,10,f,60,11700.0,1
192.0,2,42.27994,-71.16109,Private room,1,172,5.0,STR-513970,West Roxbury,16,2.0,W.R. 2 adjoining  rooms w/ 3 beds sleeps 5,2,t,12,2304.0,1
720.0,19,42.35092,-71.08682,Entire home/apt,1,302,4.95,STR-595531,Back Bay,5,2.0,"Stunning Penthouse, Private Deck & River Views",19,t,114,82080.0,1
874.0,2,42.3522822,-71.0660123,Entire home/apt,28,332,5.0,Exempt: This listing is a unit that has contracts with hospitals,Downtown,3,4.0,Unmatched Luxury Condo | Iconic Boston Common View,2,t,112,97888.0,1
96.0,2,42.3357334,-71.04497839999999,Private room,1,51,3.0,Exempt: This listing is a hotel or motel,South Boston,57,0.0,Thatch Quarters | Pvt. Room in Southie | 102 DOT,2,f,12,1152.0,1
373.0,16,42.3368622,-71.0466005,Entire home/apt,2,98,4.69,STR-595614,South Boston,2,2.0,Single House 2BR - Backyard+Walk to BCEC & Seaport,16,f,96,35808.0,1
315.0,5,42.31197,-71.10312,Entire home/apt,2,336,5.0,STR-595254,Jamaica Plain,5,3.0,3BR/ 2 BATHS JPWalk to T / off st parking,5,f,30,9450.0,1
68.0,9,42.34883,-71.17253,Private room,3,165,4.56,STR-593447,Brighton,4,1.0,Private Room in Boston #6 (newly listed),9,f,54,3672.0,1
207.0,23,42.38236,-71.01793,Entire home/apt,1,342,4.48,STR-546284,East Boston,4,3.0,Apt next to Airport/Downtown,23,f,138,28566.0,1
316.0,25,42.35146,-71.06481,Entire home/apt,1,305,4.76,Exempt: This listing is a unit that has contracts with hospitals,Downtown,11,1.0,54.4 Downtown. Theater district.,25,t,150,47400.0,1
250.0,19,42.34903,-71.08883,Entire home/apt,1,223,4.84,STR-573181,Back Bay,8,0.0,(3-11) Easy first floor studio Back Bay,19,f,114,28500.0,1
296.0,17,42.34939191478999,-71.08857583454281,Entire home/apt,1,233,4.76,STR-571670,Back Bay,8,1.0,(3-21) A+ Location Back Bay / Fenway Park / 2 Beds,17,f,102,30192.0,1
346.0,17,42.34744,-71.09072,Entire home/apt,1,222,5.0,STR-571670,Fenway,8,1.0,(3-31) Gorgeous newly renovated Back Bay Getaway!,17,f,102,35292.0,1
655.0,3,42.3461643,-71.0629436,Entire home/apt,1,336,5.0,Str-004567,South End,5,2.0,"Boston Family Suite: Pool, Gym & Paid Parking",3,f,18,11790.0,1
208.0,17,42.34971,-71.08902,Entire home/apt,1,234,4.71,STR-571669,Back Bay,8,1.0,"(3-52) Newly furnish, Back Bay!",17,f,102,21216.0,1
201.0,18,42.36068,-71.06966,Entire home/apt,1,122,4.83,STR-571659,Beacon Hill,36,0.0,"(41A) Direct Access, Private Studio in Beacon Hill",18,t,108,21708.0,1
401.0,12,42.353290850478615,-71.08014207559114,Entire home/apt,1,23,4.83,STR-571644,Back Bay,8,2.0,(M5) Spacious 2 bedroom Heart of Back Bay,12,f,72,28872.0,1
426.0,7,42.351965283506416,-71.07880914455541,Entire home/apt,1,36,4.43,STR-571637,Back Bay,8,3.0,"(M6) Freshly styled, Large 3 bedroom!",7,f,42,17892.0,1
347.0,17,42.35003,-71.08723,Entire home/apt,1,37,5.0,STR-604735,Back Bay,5,1.0,"(S2F) Gorgeous 1Bedroom, Back Bay!",17,t,102,35394.0,1
201.0,12,42.3437930653526,-71.08159402892012,Entire home/apt,1,23,4.42,STR-571666,Back Bay,8,0.0,(SB) Cozy & Charming little Studio. BackBay,12,f,72,14472.0,1
282.0,13,42.33152200604616,-71.05106528829211,Entire home/apt,1,79,4.92,STR-604734,South Boston,4,2.0,"(Southie1) 2Bedroom, W/D, Happening Location!",13,t,78,21996.0,1
275.0,9,42.332956799747194,-71.05082605866505,Entire home/apt,1,88,4.89,STR-604736,South Boston,4,2.0,"(Southie2) Modern 2BR –Walk to Shops & Dining, W/D",9,t,54,14850.0,1
271.0,11,42.33172768882871,-71.05128974073936,Entire home/apt,1,86,4.82,STR-604738,South Boston,4,2.0,(Southie3) South Boston Gem w/ AC + LaundryW/D,11,t,66,17886.0,1
232.0,9,42.34807,-71.09071,Entire home/apt,1,233,5.0,STR-571671,Back Bay,8,1.0,"(3-42) Charming 1Bed, Back Bay, Newbury, Fenway!",9,f,54,12528.0,1
91.0,1,42.29877603790027,-71.07114210242877,Private room,1,263,5.0,STR-595832,Dorchester,3,1.0,Cozy Classic with Queen Size Bed,1,t,6,546.0,1
309.0,19,42.35310726752421,-71.06294354831513,Entire home/apt,1,314,4.68,Exempt: This listing is a unit that has contracts with hospitals,Downtown,11,1.0,63.4 Downtown. Theater District.,19,t,114,35226.0,1
91.0,5,42.29895,-71.07178,Private room,3,324,4.8,STR-595832,Dorchester,3,1.0,The Serene Hideaway,5,t,30,2730.0,1
91.0,13,42.29729,-71.07066,Private room,3,332,4.92,STR-595832,Dorchester,3,1.0,Sunlit Retreat,13,t,78,7098.0,1
520.0,8,42.36137831077724,-71.05858316678943,Entire home/apt,3,245,4.25,STR-098565,Downtown,3,2.0,Lux 2b2b downtown,8,f,48,24960.0,1
179.0,8,42.2594781,-71.1155179,Entire home/apt,2,325,5.0,STR-596261,Hyde Park,1,3.0,NEW! Upscale 3Bed~Parking~W&D~ A.C~Near MBTA,8,f,48,8592.0,1
384.0,27,42.35301381848872,-71.13996993397656,Entire home/apt,29,360,4.93,Exempt: This listing is a unit that has contracts with hospitals,Allston,11,2.0,Luxury23.4 - Boston Landing - Allston Yards,27,t,255,97920.0,1
297.0,32,42.34273,-71.0963,Entire home/apt,1,2,4.78,Exempt: This listing is a unit that has contracts with hospitals,Fenway,11,2.0,Red Sox 34.4 - Fenway Park. Longwood Med. NEU,32,t,192,57024.0,1
297.0,30,42.34362811561907,-71.10208222073065,Entire home/apt,1,323,4.93,Exempt: This listing is a unit that has contracts with hospitals,Fenway,11,2.0,Red Sox 09.4 - Fenway Park. Longwood Medical. NEU.,30,t,180,53460.0,1
200.0,11,42.275629376894074,-71.07300583420749,Entire home/apt,1,268,4.73,STR-582837,Mattapan,4,3.0,60/3 - 3BR Boston | Sleek Apt near Franklin Park,11,t,66,13200.0,1
397.0,4,42.29796,-71.11442,Entire home/apt,3,183,5.0,STR-593515,Jamaica Plain,3,3.0,Boston Buccaneer Retreat,4,t,24,9528.0,1
231.0,8,42.36610392834197,-71.03535993112888,Entire home/apt,2,245,4.88,STR-592754,East Boston,1,2.0,Eastie Retreat | Cozy Mid-Century Modern Escape,8,f,48,11088.0,1
271.0,2,42.36867,-71.06891,Entire home/apt,29,182,5.0,STR-875442,Downtown,9,2.0,North End Central Condo TD-Garden & Haymarket T,2,t,116,31436.0,1
191.0,15,42.35209915609022,-71.0652082740621,Entire home/apt,1,297,4.93,STR-596641,Downtown,1,0.0,Downtown Boston Famous Nightlife Theater District,15,t,90,17190.0,1
363.0,5,42.35979432405408,-71.05589724619603,Entire home/apt,30,270,4.8,Exempt: This listing is a unit used for furnished institutional or business stays,Downtown,12,1.0,Roomy 1-bedroom - Faneuil Hall and Quincy Market,5,f,255,92565.0,1
349.0,5,42.34766130262449,-71.07359291664376,Entire home/apt,2,61,5.0,Exempt: This listing is a unit used for furnished institutional or business stays,Back Bay,12,2.0,Open-Concept 2BR Loft in the Heart of Back Bay,5,f,30,10470.0,1
379.0,5,42.34906240442473,-71.07172043897091,Entire home/apt,2,51,3.6,Exempt: This listing is a unit used for furnished institutional or business stays,Back Bay,12,1.0,Garden 1BR Loft in Back Bay Near Copley,5,f,30,11370.0,1
1113.0,3,42.34920745378893,-71.09054871759881,Entire home/apt,4,248,4.67,STR-596357,Back Bay,18,4.0,Luxury 4BR | 2.5BA Back Bay Duplex,3,t,24,26712.0,1
1134.0,2,42.36032271327286,-71.07196906167422,Entire home/apt,4,241,5.0,STR-596359,Beacon Hill,18,4.0,Large 3.5 BR|2 BA Penthouse Duplex,2,t,16,18144.0,1
493.0,4,42.35021516260189,-71.06467171777187,Entire home/apt,4,267,5.0,STR-796227,Downtown,72,2.0,Prime Downtown Location | 2BR 2BA  Boston Common,4,f,32,15776.0,1
485.0,7,42.32971,-71.11263,Entire home/apt,29,336,4.86,STR-291438,Jamaica Plain,72,2.0,Modern Lakeview Penthouse | 2BR 2BA,7,f,255,123675.0,1
235.0,1,42.34264,-71.07861,Entire home/apt,1,350,5.0,STR-457097,South End,18,1.0,Sunny Studio Apartment with Private Kitchenette,1,f,6,1410.0,1
341.0,15,42.3415,-71.0969,Entire home/apt,2,291,5.0,STR-589657,Fenway,30,2.0,Fenway Park – Two BR – Walk everywhere! Location!,15,t,90,30690.0,1
538.0,6,42.31180548918105,-71.07078347720483,Entire home/apt,2,120,4.83,STR-557451,Dorchester,1,6.0,Stylish 6BR Retreat near Beach 3.5mi from Downtown,6,f,36,19368.0,1
212.0,4,42.341253108701025,-71.07861001790172,Entire home/apt,1,352,5.0,STR-457097,South End,18,1.0,Stylish South End Studio,4,f,24,5088.0,1
216.0,5,42.37624,-71.03514,Entire home/apt,2,333,5.0,STR-603552,East Boston,5,3.0,Luxury 3BD Short Walk to Airport,5,t,30,6480.0,1
202.0,1,42.3761378,-71.0352327,Entire home/apt,2,345,4.0,STR-604799,East Boston,5,3.0,Lux 3BD Minutes Walk to Airport,1,t,6,1212.0,1
385.0,23,42.328329610921344,-71.09122521381198,Entire home/apt,1,312,4.87,STR-592104,Roxbury,10,3.0,NEW! LUX 3BR w/ 400 Mbps Wifi | ROKU TV & Games!,23,t,138,53130.0,1
440.0,3,42.33396279999999,-71.03944299999999,Entire home/apt,2,31,5.0,STR-597515,South Boston,1,4.0,3BR | 3.5BA Single Family | Workspace | Playroom,3,f,18,7920.0,1
290.0,29,42.37632275450519,-71.03096816288726,Entire home/apt,1,330,4.79,STR-546284,East Boston,3,3.0,NomadiQ Walk to Airport / 5 min drive to Downtown,29,t,174,50460.0,1
500.0,1,42.34721,-71.038,Entire home/apt,29,360,5.0,STR-476555,South Boston Waterfront,2,1.0,Sea view Outstanding apartment,1,f,58,29000.0,1
99.0,22,42.36136,-71.13079,Private room,1,206,4.64,STR-544976,Allston,17,1.0,Near Harvard Business 1-4,22,f,132,13068.0,1
540.0,3,42.32848,-71.11198,Entire home/apt,1,339,4.33,STR-653425,Jamaica Plain,72,3.0,Luxury 3 Br 2 Ba Jamica pond Boston Hospitals,3,f,18,9720.0,1
175.0,17,42.30206,-71.08429,Entire home/apt,1,331,4.76,STR-491593,Dorchester,3,2.0,2BR Lower Garden-Level Apt 20min (Downtown Boston),17,t,102,17850.0,1
796.0,14,42.3283,-71.09362,Entire home/apt,3,319,4.93,STR-597747,Roxbury,2,6.0,5-story Luxury Boston Brownstone,14,f,84,66864.0,1
64.0,6,42.38122,-71.02335,Private room,1,83,4.5,STR-597405,East Boston,3,1.0,Simple Room (A) in Blue House Next to Wood Island,6,f,36,2304.0,1
215.0,14,42.3507,-71.08883,Entire home/apt,1,221,4.93,STR-604732,Back Bay,5,0.0,Back Bay Studio and Private Patio,14,t,84,18060.0,1
254.0,2,42.27145,-71.1282,Entire home/apt,2,349,5.0,STR-588315,Roslindale,1,3.0,Modern 3Bd hidden gem + parking,2,f,12,3048.0,1
70.0,13,42.38046,-71.02124,Private room,1,80,4.77,STR-597405,East Boston,3,1.0,Simple Room (C) near Wood Island,13,f,78,5460.0,1
71.0,2,42.38159,-71.02163,Private room,1,88,5.0,STR-597405,East Boston,3,0.0,Simple Room B 3 min to Wood Island MBTA stop,2,f,12,852.0,1
160.0,3,42.36151,-71.05558,Entire home/apt,30,297,5.0,Exempt: This listing is a unit used for furnished institutional or business stays,Downtown,12,0.0,Cozy Studio in Faneuil Hall/Quincy Market,3,f,180,28800.0,1
317.0,4,42.36026,-71.05565,Entire home/apt,30,324,5.0,Exempt: This listing is a unit used for furnished institutional or business stays,Downtown,12,2.0,Elegant 2BR 0.09mi Faneuil Hall/Quincy Market,4,f,240,76080.0,1
507.0,1,42.33654,-71.08373,Entire home/apt,30,264,5.0,Exempt: This listing is a unit used for furnished institutional or business stays,Roxbury,12,2.0,"Renovated, 2BR, 2BA in Boston",1,f,60,30420.0,1
344.0,6,42.33718,-71.08353,Entire home/apt,30,303,5.0,Exempt: This listing is a unit used for furnished institutional or business stays,Roxbury,12,2.0,Chic South End 2BR | Near NEU & Transit,6,f,255,87720.0,1
217.0,1,42.33761,-71.0855,Entire home/apt,3,314,5.0,Exempt: This listing is a unit used for furnished institutional or business stays,Roxbury,12,2.0,"New Construction, near NEU/BMC, Elevator, 2B, 2BA",1,f,6,1302.0,1
141.0,21,42.37503,-71.03252,Entire home/apt,1,345,4.86,STR-546064,East Boston,3,1.0,NomadiQ boutique stay,21,t,126,17766.0,1
343.0,4,42.34984,-71.07199,Entire home/apt,30,13,4.25,Exempt: This listing is a unit used for furnished institutional or business stays,Back Bay,12,2.0,"Expansive Back Bay Two-Level Loft, 2B/2B",4,f,240,82320.0,1
309.0,5,42.34770826531738,-71.07366856664893,Entire home/apt,30,76,4.8,Exempt: This listing is a unit used for furnished institutional or business stays,Back Bay,12,2.0,"Sunny 2BR w/ Office, Near Copley & Shopping",5,f,255,78795.0,1
477.0,2,42.33814,-71.04081,Entire home/apt,2,80,4.5,STR-599049,South Boston,1,3.0,3 Bedroom w/ City Skyline Views!,2,f,12,5724.0,1
335.0,37,42.364208,-71.061363,Private room,1,66,4.78,Exempt: This listing is a hotel or motel,Downtown,1,1.0,Next to TD Garden in downtown Boston,37,f,222,74370.0,1
102.0,13,42.32075395767271,-71.11019449528467,Private room,1,318,5.0,STR-598354,Jamaica Plain,2,1.0,A tree house like room in Jamaica Plain,13,t,78,7956.0,1
274.0,5,42.28529,-71.11973,Entire home/apt,2,338,4.8,STR-593018,Roslindale,1,3.0,Stylish Boston Getaway Near Arboretum & T Station!,5,f,30,8220.0,1
446.0,16,42.32583,-71.07743,Entire home/apt,1,13,4.69,Exempt: This listing is a unit that has contracts with hospitals,Roxbury,10,3.0,Luxury 3BR | Free Parking | Boston | ROKU TV,16,t,96,42816.0,1
334.0,1,42.38036,-71.03436,Private room,29,240,5.0,STR-595296,East Boston,1,1.0,Cloud 9 Lounge | Aviation-Themed Designer Flat,1,t,58,19372.0,1
397.0,11,42.34809597068834,-71.07389976287094,Entire home/apt,30,66,4.73,Exempt: This listing is a unit used for furnished institutional or business stays,Back Bay,12,2.0,"Expansive Back Bay 2-Level Loft, Sleeps 6, 2B/2B",11,f,255,101235.0,1
221.0,2,42.34927,-71.07366,Entire home/apt,30,26,5.0,Exempt: This listing is a unit used for furnished institutional or business stays,Back Bay,12,1.0,Tea Party Suite,2,f,120,26520.0,1
487.0,6,42.349108427960296,-71.07182007570822,Entire home/apt,5,31,5.0,Exempt: This listing is a unit used for furnished institutional or business stays,Back Bay,12,3.0,"Stylish 3BR, 2BA, Sleeps 6, Heart of Back Bay",6,f,60,29220.0,1
185.0,2,42.3316,-71.11115,Entire home/apt,3,329,5.0,STR-599216,Mission Hill,3,2.0,Bright 1st-Fl 2BR Near Hospitals,2,t,12,2220.0,1
246.0,5,42.29785,-71.07148,Entire home/apt,2,304,4.8,STR-595832,Dorchester,4,4.0,4 Mi to Fenway Park: Pet-Friendly Dorchester Apt!,5,f,30,7380.0,1
283.0,1,42.3773,-71.05951,Entire home/apt,3,333,5.0,STR-599498,Charlestown,1,2.0,Charlestown Gem | Central & Historic Walkable Stay,1,f,6,1698.0,1
230.0,4,42.27164685167786,-71.07604932664603,Entire home/apt,3,342,4.5,STR-600777,Mattapan,1,3.0,Stylish New City Townhouse,4,f,24,5520.0,1
316.0,3,42.30726,-71.06078,Entire home/apt,1,72,5.0,STR-582938,Dorchester,1,4.0,"Central, Stylish Home in Quiet Boston Neighborhood",3,f,18,5688.0,1
214.0,9,42.33781,-71.15398,Entire home/apt,1,15,4.44,STR-599187,Brighton,1,3.0,Spacious Home In Boston - Brighton with Pool Table,9,f,54,11556.0,1
134.0,5,42.28994,-71.11263,Entire home/apt,1,218,4.6,STR-577804,Jamaica Plain,23,2.0,Suite - Jamaica Plain / Woodbourne,5,t,30,4020.0,1
188.0,12,42.34323,-71.07752,Entire home/apt,1,34,4.92,STR-599349,South End,36,0.0,"(476-6) 2Beds, Cozy Home, Prime Location!",12,t,72,13536.0,1
250.0,7,42.34383,-71.07886,Entire home/apt,1,40,5.0,STR-599392,South End,36,1.0,"(476-7) Best Location, 2 Beds, W/D, Front Facing!",7,t,42,10500.0,1
233.0,9,42.36746,-71.05672,Entire home/apt,2,289,3.67,Exempt: This listing is a unit used for furnished institutional or business stays,North End,10,2.0,"TDGarden,Celtics/Bruins, Lil Italy,North End",9,f,54,12582.0,1
350.0,4,42.32121,-71.09197,Entire home/apt,1,167,3.75,STR-588939,Roxbury,1,3.0,Highland Park fun home,4,f,24,8400.0,1
418.0,10,42.33715,-71.02978,Entire home/apt,2,158,5.0,Exempt: This listing is a unit used for furnished institutional or business stays,South Boston,7,5.0,Southie Dream 5BD/2Bath w/Sky Deck | Near Airport,10,f,60,25080.0,1
275.0,6,42.32046,-71.05602,Entire home/apt,30,309,5.0,STR-597082,Dorchester,1,3.0,Bright & Spacious Boston Home | near T,6,t,255,70125.0,1
403.0,26,42.34961,-71.06439,Private room,1,360,4.88,Exempt: This listing is a hotel or motel,Downtown,2,1.0,Steps to Shows + River View. Bar. Gym,26,t,156,62868.0,1
413.0,19,42.34974,-71.0643,Private room,1,360,4.58,Exempt: This listing is a hotel or motel,Downtown,2,1.0,Stay Near Airport | Pet-friendly. Bar. River View,19,t,114,47082.0,1
181.0,12,42.342870849347314,-71.09835735586621,Entire home/apt,2,308,4.83,STR-589667,Fenway,30,1.0,Fenway Park! – 1st Floor! Small bedroom – Walkable,12,t,72,13032.0,1
343.0,9,42.32777,-71.0875,Entire home/apt,1,324,4.89,STR-597072,Roxbury,10,2.0,Historic 2 floor Apt in Boston w/ outdoor deck!,9,t,54,18522.0,1
250.0,23,42.35113,-71.06941,Private room,1,143,4.87,Exempt: This listing is a hotel or motel,Downtown,6,1.0,Steps from Fenway Park + Free Breakfast & Pool,23,t,138,34500.0,1
213.0,15,42.35284,-71.06835,Private room,1,127,4.67,Exempt: This listing is a hotel or motel,Beacon Hill,6,1.0,Walk to Fenway Park + Free Breakfast & Pool,15,t,90,19170.0,1
226.0,2,42.35342,-71.06805,Private room,1,131,5.0,Exempt: This listing is a hotel or motel,Beacon Hill,6,1.0,Across Fenway Park + Free Breakfast. Pool. Dining.,2,t,12,2712.0,1
239.0,1,42.35124827600992,-71.06835694257046,Private room,1,145,2.0,Exempt: This listing is a hotel or motel,Downtown,6,1.0,Fenway Park View + Free Breakfast. Pool. Dining.,1,t,6,1434.0,1
254.0,19,42.35119,-71.0695,Private room,1,144,4.89,Exempt: This listing is a hotel or motel,Downtown,6,1.0,Direct Fenway Park View + Breakfast. Pool. Dining.,19,t,114,28956.0,1
237.0,5,42.36463685568133,-71.13538540023691,Private room,1,341,4.6,Exempt: This listing is a hotel or motel,Brighton,9,1.0,"Breakfast included, Room near Harvard",5,f,30,7110.0,1
285.0,10,42.36343,-71.13539,Private room,1,346,4.9,Exempt: This listing is a hotel or motel,Brighton,9,1.0,Family Oasis across Charles River- w/ Breakfast,10,f,60,17100.0,1
345.0,1,42.36311,-71.13553,Private room,1,314,5.0,Exempt: This listing is a hotel or motel,Brighton,9,1.0,Game On! Fun-Filled Suite across the Charles River,1,f,6,2070.0,1
458.0,17,42.35169,-71.07082,Private room,1,169,5.0,Exempt: This listing is a hotel or motel,Back Bay,10,1.0,Timeless Stay | Freedom Trail. Fitness Center,17,t,102,46716.0,1
443.0,1,42.35206,-71.07198,Private room,1,151,5.0,Exempt: This listing is a hotel or motel,Back Bay,10,1.0,Timeless Emblem | Boston Common. Fitness Center,1,t,6,2658.0,1
485.0,5,42.35365,-71.07208,Private room,1,160,5.0,Exempt: This listing is a hotel or motel,Back Bay,10,1.0,Timeless Journey | Public Garden. Fitness Center,5,t,30,14550.0,1
470.0,1,42.35199,-71.07016,Private room,1,160,5.0,Exempt: This listing is a hotel or motel,Downtown,10,0.0,Iconic Experience | Aquarium. Library,1,t,6,2820.0,1
685.0,3,42.35169,-71.07195,Private room,1,168,5.0,Exempt: This listing is a hotel or motel,Back Bay,10,1.0,Classic Charm | Public Garden. Fitness Center,3,t,18,12330.0,1
753.0,1,42.35206,-71.07226,Private room,1,165,5.0,Exempt: This listing is a hotel or motel,Back Bay,10,1.0,Serene Sanctuary | Freedom Trail. Library,1,t,6,4518.0,1
150.0,2,42.3112881600243,-71.04822874024336,Entire home/apt,1,18,5.0,STR-470149,Dorchester,1,2.0,Sunny Suite In Victorian Home,2,f,12,1800.0,1
200.0,1,42.35066,-71.05855,Entire home/apt,3,0,4.0,STR-980641,Leather District,3,0.0,Luxury studio downtown Boston,1,f,6,1200.0,1
300.0,3,42.34969,-71.07314,Entire home/apt,30,43,4.67,Exempt: This listing is a unit used for furnished institutional or business stays,Back Bay,12,1.0,Back Bay Loft 1BR 1.5BA Sleeps 4,3,f,180,54000.0,1
50000.0,1,42.2949563,-71.0467594,Hotel room,1,326,5.0,Exempt: This listing is a hotel or motel,Dorchester,7,1.0,Affordable Stay Near Boston Sights | Bfast | Pool,1,f,6,300000.0,1
109.0,1,42.30299591643738,-71.0639373646925,Private room,29,327,5.0,STR-525122,Dorchester,23,1.0,L1_Boston Street 1,1,f,58,6322.0,1
292.0,9,42.352125806875115,-71.07660122637624,Entire home/apt,1,281,4.67,STR-571637,Back Bay,36,0.0,"(J7) Newly Styled Studio, A+ Location Back Bay!",9,t,54,15768.0,1
454.0,2,42.329532,-71.088219,Entire home/apt,1,354,2.5,STR-596976,Roxbury,3,4.0,"Clean, Contemporary Escape | Near T",2,t,12,5448.0,1
211.0,7,42.34619,-71.14422,Entire home/apt,1,238,5.0,STR-604678,Brighton,39,2.0,The Osler: Spacious • Full Kitchen • Gym • W/D,7,t,42,8862.0,1
538.0,4,42.30198,-71.06783,Entire home/apt,1,341,5.0,STR-598563,Dorchester,4,3.0,85a3 Modern 3BR | 2BA | Family Base in Boston,4,t,24,12912.0,1
345.0,4,42.30234,-71.06827,Entire home/apt,1,342,4.75,STR-599183,Dorchester,4,3.0,"85b4 Brand new 3BR/Walk to Transit, near Boston",4,t,24,8280.0,1
132.0,11,42.37585,-71.03599,Private room,1,329,5.0,STR-400320,East Boston,6,1.0,Spacious & Modern BD - Near Subway & Logan Airport,11,t,66,8712.0,1
130.0,16,42.37441,-71.03758,Private room,1,303,5.0,STR-400320,East Boston,6,1.0,Private Stay Near T Line – Great to Explore Boston,16,t,96,12480.0,1
130.0,5,42.37645,-71.03727,Private room,1,348,5.0,STR-400320,East Boston,6,1.0,Great Stay to Explore Boston - Near Subway & Logan,5,t,30,3900.0,1
242.0,2,42.34209,-71.07361,Entire home/apt,1,340,5.0,LB-605609,South End,2,1.0,South End Urban Escape,2,f,12,2904.0,1
233.0,1,42.34323,-71.07364,Entire home/apt,1,359,5.0,LB-605609,South End,2,1.0,Boston South End Gem,1,f,6,1398.0,1
222.0,11,42.35066,-71.14177,Entire home/apt,1,351,4.73,Exempt: This listing is a unit that has contracts with hospitals,Allston,10,1.0,Luxury 1BD | Prime Location,11,t,66,14652.0,1
434.0,6,42.3488417195343,-71.06861266844338,Entire home/apt,2,61,5.0,STR-591184,Bay Village,1,2.0,Private loft style townhouse.,6,f,36,15624.0,1
360.0,5,42.28743,-71.04217,Entire home/apt,1,358,5.0,STR-604663,Dorchester,1,2.0,Lorenzo Inn,5,f,30,10800.0,1
247.0,5,42.34619,-71.14523,Entire home/apt,1,341,5.0,STR-604679,Brighton,39,2.0,The Cushing: Lofty Ceilings • Kitchen • Gym  • W/D,5,t,30,7410.0,1
289.0,6,42.33893,-71.037,Entire home/apt,1,56,4.83,STR-595543,South Boston,1,3.0,South Boston 3bdr BCEC & Seaport,6,f,36,10404.0,1
518.0,9,42.3659729,-71.05788,Entire home/apt,1,124,5.0,STR-604796,North End,2,3.0,North End Entire House Downtown/TD Garden,9,t,54,27972.0,1
350.0,9,42.35037,-71.09574,Entire home/apt,2,287,4.89,STR-598245,Fenway,30,2.0,Walk to T! 1st Floor - 2 Beds / 1 Bath - Location!,9,t,54,18900.0,1
275.0,1,42.34482,-71.15031,Entire home/apt,2,345,5.0,STR-597290,Brighton,1,2.0,Feel At Home,1,f,6,1650.0,1
594.0,6,42.35205,-71.14113,Entire home/apt,1,21,4.33,STR-746382,Allston,10,5.0,Vintage 5BR apt | ROKU HDTV,6,t,36,21384.0,1
64.0,1,42.34242,-71.16682,Private room,15,275,5.0,STR-605136,Brighton,1,1.0,Boston Lakeside Oasis,1,f,30,1920.0,1
571.0,3,42.35129,-71.06873,Entire home/apt,1,153,5.0,STR-523178,Downtown,9,2.0,Back-Bay 2BR Downtown & Parking 9100,3,t,18,10278.0,1
536.0,1,42.33172,-71.03917,Entire home/apt,1,348,5.0,STR-605140,South Boston,1,3.0,2 level 3BD 1BA - Seaport/Convention Centre BCEC,1,t,6,3216.0,1
160.0,1,42.346600947134434,-71.14086614846592,Entire home/apt,29,69,5.0,none,Brighton,8,2.0,Peaceful 2BR 2BA Oasis Close to Boston Downtown,1,f,58,9280.0,0
260.0,5,42.36442027081523,-71.05658300220966,Entire home/apt,1,17,5.0,STR-599181,North End,1,1.0,Apartment in Boston's North End,5,f,30,7800.0,1
140.0,1,42.2828031,-71.0515875,Entire home/apt,2,349,5.0,STR-606603,Dorchester,1,1.0,Welcome to Your Luxurious Urban Haven!,1,t,6,840.0,1
261.0,1,42.29555921174926,-71.05607438208189,Entire home/apt,29,325,5.0,Exempt: This listing is a unit used for furnished institutional or business stays,Dorchester,12,3.0,"Renovated 3B, 2BA, Skyline View, Laundry, Cen Air",1,f,58,15138.0,1
296.0,1,42.33795433132988,-71.05274777656716,Entire home/apt,1,230,5.0,STR-570735,South Boston,2,2.0,Luxury 2BD/2Bath in South Boston,1,t,6,1776.0,1
401.0,3,42.365967,-71.05794999999999,Entire home/apt,29,140,5.0,STR-607044,North End,2,3.0,North End Entire House,3,t,174,69774.0,1
652.0,1,42.334239167421416,-71.05486540379715,Entire home/apt,2,343,5.0,STR-584923,South Boston,1,5.0,Modern 5B3B in Boston | Steps to Convention Center,1,t,6,3912.0,1
132.0,4,42.34938636194351,-71.13842377205413,Entire home/apt,1,262,5.0,STR-589613,Allston,4,1.0,In front of the subway- Free Parking- Location,4,t,24,3168.0,1
384.0,1,42.3207386,-71.0783905,Entire home/apt,2,343,5.0,STR-604626,Roxbury,4,4.0,"4bed2bath, Sleeps 12, Free Parking!",1,f,6,2304.0,1
257.0,2,42.33148570064327,-71.05081892059998,Entire home/apt,1,92,5.0,STR-604740,South Boston,4,2.0,(Southie4) Bright S. Boston Apartment w/ AC + W/D,2,t,12,3084.0,1
202.0,2,42.34299681095423,-71.09871326893501,Entire home/apt,2,314,5.0,STR-589666,Fenway,30,2.0,Fenway Park! - Two BR - 1st Floor! Location! Walk!,2,t,12,2424.0,1
271.0,2,42.34149,-71.09814,Entire home/apt,1,304,5.0,STR-589665,Fenway,30,2.0,Fenway Park! - 2BR/1BA- 1st Floor! Location! Walk!,2,t,12,3252.0,1
274.0,2,42.3434,-71.09687,Entire home/apt,2,305,5.0,STR-589678,Fenway,30,2.0,Fenway Park! – Walk to all! – 2BR/1BA – Location,2,t,12,3288.0,1
275.0,1,42.35126,-71.14101,Entire home/apt,1,342,3.0,STR-599118,Allston,10,2.0,Luxe 2BR | Prime Location,1,t,6,1650.0,1
182.0,1,42.34276,-71.09645,Entire home/apt,2,289,5.0,STR-589668,Fenway,30,1.0,Fenway Park! – Walk everywhere! – 1st floor – 1BR!,1,t,6,1092.0,1
363.0,1,42.3541897044622,-71.13766037609905,Entire home/apt,1,360,5.0,Exempt: This listing is a unit that has contracts with hospitals,Allston,11,2.0,Luxury21.4 - Boston Landing - Allston Yards,1,t,6,2178.0,1
248.0,2,42.36061730578153,-71.06707555441325,Entire home/apt,1,30,4.5,STR-543851,Beacon Hill,36,1.0,"First Floor, W/D, Hospitals, Dining, More",2,t,12,2976.0,1
169.0,1,42.34367,-71.0983,Entire home/apt,2,316,5.0,STR-589650,Fenway,30,0.0,Fenway Park – Studio – Walk everywhere – Location,1,t,6,1014.0,1
285.0,1,42.34172188639561,-71.09655887619759,Entire home/apt,2,312,5.0,STR-589681,Fenway,30,2.0,Fenway Park! – Walk to all! – 2BR/1BA – Location!-,1,t,6,1710.0,1
90.0,2,42.388903887513784,-71.000785950841,Private room,1,242,5.0,STR-575903,East Boston,6,1.0,5- room 2,2,t,12,1080.0,1
319.0,7,42.37604740105627,-71.0309794684191,Entire home/apt,1,347,4.86,STR-606750,East Boston,3,2.0,Boutique Apt in E Boston,7,t,42,13398.0,1
91.0,1,42.38829,-71.00004,Private room,1,243,5.0,STR-515160,East Boston,6,1.0,7-room 4,1,t,6,546.0,1
89.0,1,42.38838,-71.00078,Private room,1,237,5.0,STR-575903,East Boston,6,1.0,7-room 2,1,t,6,534.0,1
90.0,1,42.38823,-70.99874,Private room,1,243,5.0,STR-465279,East Boston,6,1.0,7-room 3,1,t,6,540.0,1
89.0,1,42.3902,-71.00046,Private room,1,231,5.0,STR-601369,East Boston,6,1.0,7-room 1,1,t,6,534.0,1
167.0,2,42.34923165066435,-71.13955728584001,Entire home/apt,1,254,5.0,STR-589617,Allston,4,0.0,Location-Free Parking-Close to the subway,2,t,12,2004.0,1
363.0,4,42.35291,-71.13926,Entire home/apt,1,354,4.5,Exempt: This listing is a unit that has contracts with hospitals,Allston,11,2.0,Luxury24.4 - Boston Landing - Allston Yards,4,t,24,8712.0,1
222.0,1,42.3597441,-71.06426789999999,Private room,1,326,5.0,LB-128070,Beacon Hill,5,0.0,Beacon Hill Charm - Prime Boston Stay,1,t,6,1332.0,1
203.0,1,42.3597441,-71.06426789999999,Private room,1,348,5.0,LB-128070,Beacon Hill,5,0.0,Beacon Hill Boutique,1,t,6,1218.0,1
190.0,1,42.3597441,-71.06426789999999,Private room,1,350,4.0,LB-128070,Beacon Hill,5,1.0,The Hill House (Beacon Hill),1,t,6,1140.0,1
325.0,2,42.3273,-71.07729,Entire home/apt,1,308,5.0,Exempt: This listing is a unit that has contracts with hospitals,Roxbury,10,3.0,Luxury 3BR | Backyard | Free Parking | ROKU HDTV,2,t,12,3900.0,1
180.0,1,42.35301579361514,-71.1396644073331,Entire home/apt,1,304,5.0,STR-598225,Allston,30,2.0,1 Free parking spot - Nice 2 bedroom - First floor,1,t,6,1080.0,1
112.0,2,42.331829038642006,-71.10596620037948,Entire home/apt,2,143,5.0,STR-545176,Mission Hill,19,0.0,"Bright, Open Studio - Longwood/Fenway",2,f,12,1344.0,1
