price,number_of_reviews,latitude,longitude,room_type,minimum_nights,availability_365,review_scores_rating,license,neighbourhood_cleansed,calculated_host_listings_count,bedrooms,name,number_of_reviews_ltm,host_is_superhost,estimated_occupancy_l365d,estimated_revenue_l365d,has_license
125.0,26,42.36413,-71.02991,Entire home/apt,29,262,4.96,none,East Boston,1,1.0,HARBORSIDE-Walk to subway,1,t,58,7250.0,0
142.0,137,42.32844,-71.09581,Entire home/apt,3,103,4.82,STR-490093,Roxbury,11,1.0,** Fort Hill Inn Private! Minutes to center!**,13,t,78,11076.0,1
171.0,139,42.32802,-71.09387,Entire home/apt,3,93,4.81,STR-491702,Roxbury,11,0.0,"Fort Hill Inn *Sunny* 1 bedroom, condo duplex",11,t,66,11286.0,1
140.0,29,42.35867,-71.06307,Entire home/apt,91,210,4.69,none,Beacon Hill,8,1.0,Curved Glass Studio/1bd facing Park,0,t,0,0.0,0
152.0,9,42.35173,-71.08685,Entire home/apt,91,217,4.33,none,Back Bay,12,0.0,Bostons Best Rentals -Studio Prestigious Back Bay,0,t,0,0.0,0
202.0,5,42.35061,-71.08787,Entire home/apt,32,233,5.0,none,Back Bay,12,0.0,The Back Bay Nook  -Brownstone in Prestigious Area,0,t,0,0.0,0
130.0,2,42.36377,-71.05206,Entire home/apt,32,330,4.5,none,North End,12,0.0,The Olive & Vine in The North End-Walk to MGH Tuft,1,t,64,8320.0,0
161.0,52,42.32212,-71.06096,Entire home/apt,30,264,4.31,none,Dorchester,58,3.0,230B1 | The Dorset Redline | 3BR 1BA w/AC | Pvt,0,f,0,0.0,0
272.0,103,42.37754,-71.06642,Entire home/apt,2,77,4.97,STR-454024,Charlestown,1,1.0,Moroccan Decor Suite,2,f,12,3264.0,1
90.0,103,42.31347,-71.11082,Private room,14,235,4.98,STR-551851,Jamaica Plain,1,1.0,Private room & bath - Jamaica Plain,4,t,112,10080.0,1
100.0,142,42.37424,-71.06081,Entire home/apt,29,239,4.67,STR-409822,Charlestown,1,1.0,Garden Studio,3,t,174,17400.0,1
86.0,334,42.29871,-71.05954,Private room,29,362,4.45,STR-594613,Dorchester,5,3.0,"Private Room, shared bath in Victorian House/ 1",1,f,58,4988.0,1
80.0,145,42.32546,-71.08894,Private room,29,209,4.73,STR-415714,Roxbury,1,1.0,Room in geographical heart of Hub,0,f,0,0.0,1
100.0,19,42.35894,-71.0631,Entire home/apt,32,170,4.84,none,Beacon Hill,8,1.0,Bookcase 1bd facing Boston Common,0,t,0,0.0,0
135.0,49,42.35689,-71.06206,Entire home/apt,91,261,4.84,none,Downtown,8,1.0,Corner 1 bed facing Golden Dome,0,t,0,0.0,0
140.0,71,42.37865,-71.06373,Private room,29,365,4.36,STR-415924,Charlestown,1,1.0,Waterfall Room: Bunker Hill B&B,0,f,0,0.0,1
90.0,304,42.29871,-71.05954,Private room,3,361,4.41,STR-594613,Dorchester,5,0.0,Private room in Victorian house,4,f,24,2160.0,1
252.0,307,42.32806,-71.09423,Entire home/apt,3,101,4.71,STR-446659,Roxbury,11,2.0,Fort Hill Inn  2 bed Duplex ApT!  Location!,32,t,192,48384.0,1
68.0,65,42.31331,-71.12061,Private room,30,262,4.97,none,Jamaica Plain,1,1.0,"Great Boston neighborhood , Jamaica Plain",6,t,255,17340.0,0
135.0,555,42.31533,-71.11025,Entire home/apt,3,64,4.89,STR-409453,Jamaica Plain,2,1.0,Serene Studio in a Perfect Location,53,t,255,34425.0,1
57.0,217,42.29871,-71.05954,Private room,29,319,4.45,STR-580274,Dorchester,5,3.0,Large bedroom in Victorian House/Room D,1,f,58,3306.0,1
108.0,322,42.31685,-71.10867,Entire home/apt,3,145,4.89,STR-545902,Jamaica Plain,1,0.0,Treetop Haven in the City,23,t,138,14904.0,1
318.0,523,42.33255,-71.04125,Entire home/apt,2,307,4.85,STR-411297,South Boston,1,2.0,BOSTON LUXURY FOR LESS!! NEAR BCEC,44,t,255,81090.0,1
190.0,71,42.33583,-71.05271,Entire home/apt,3,122,4.59,STR-564151,South Boston,1,2.0,Your cozy stay in South Boston,16,f,96,18240.0,1
224.0,121,42.29871,-71.05954,Entire home/apt,29,362,4.36,STR-594613,Dorchester,5,2.0,"Beautiful Townhouse, 2 BR & 2 Bath",1,f,58,12992.0,1
51.0,102,42.29871,-71.05954,Private room,1,286,4.62,STR-580274,Dorchester,5,1.0,Cozy Room in Beautiful Victorian House /E,22,f,132,6732.0,1
76.0,425,42.31658,-71.11012,Private room,5,209,4.84,STR-459697,Jamaica Plain,1,1.0,"Sweet Little House in JP, Boston",23,t,230,17480.0,1
113.0,64,42.32212,-71.06096,Entire home/apt,30,265,4.66,none,Dorchester,58,2.0,230B4 | The Penthouse Redline | 2BR 1B w/AC | Pvt,2,f,120,13560.0,0
153.0,58,42.32212,-71.06095,Entire home/apt,30,252,4.43,none,Dorchester,58,3.0,230B3  | The Mayhew Redline | 3BR 1B w/AC | Pvt,0,f,0,0.0,0
150.0,43,42.29192,-71.15407,Entire home/apt,30,219,4.56,none,West Roxbury,58,3.0,25A2 | The Alameda 2 | 2BR 1BA w/AC & WD | Private,0,f,0,0.0,0
188.0,127,42.37579,-71.04981,Entire home/apt,2,300,4.8,STR-416892,Charlestown,3,1.0,Houseboat in Boston Harbor,14,f,84,15792.0,1
175.0,191,42.377338,-71.063095,Entire home/apt,3,2,4.79,STR-529113,Charlestown,1,1.0,Getaway in Historic Charlestown,7,t,42,7350.0,1
213.0,8,42.33451,-71.04983,Private room,2,106,5.0,STR-398090,South Boston,1,1.0,1 Bed in Charming Southie Townhouse near BCEC,0,f,0,0.0,1
208.0,503,42.37826919555664,-71.06332397460938,Entire home/apt,2,168,4.91,STR-401905,Charlestown,1,1.0,Boston / Charlestown Apartment,45,t,255,53040.0,1
690.0,90,42.30833,-71.11456,Entire home/apt,3,273,4.85,STR-454183,Jamaica Plain,2,4.0,Unique Find: At Home in the City!,10,t,60,41400.0,1
104.0,312,42.30733,-71.11129,Private room,2,237,4.89,STR-523680,Jamaica Plain,1,1.0,"Private room for 1 person, separate private bath",34,t,204,21216.0,1
55.0,141,42.28573,-71.12334,Private room,91,365,4.82,STR-397984,Roslindale,1,1.0,6 miles away from downtown Boston!,0,f,0,0.0,1
162.0,74,42.32795,-71.09412,Entire home/apt,3,89,4.85,STR-446651,Roxbury,11,0.0,Fort Hill Inn -Cool Space-BOSTON'S BEST-1 bedroom,4,t,24,3888.0,1
444.0,226,42.3558,-71.06104,Entire home/apt,2,307,4.96,STR-411359,Downtown,2,1.0,"Modern Loft, 1700 SqFt. Location!",57,t,255,113220.0,1
320.0,111,42.29038,-71.13919,Entire home/apt,5,153,4.87,STR-456742,Roslindale,2,3.0,"Perfect & Practical Boston Rental (1,500+ sqft)",11,t,110,35200.0,1
95.0,615,42.3665,-71.05296,Entire home/apt,29,286,4.71,STR-400168,North End,1,1.0,Gorgeous Water Frt North End Studio,3,t,174,16530.0,1
82.0,66,42.29017,-71.13169,Private room,29,291,4.86,STR-408484,Roslindale,2,1.0,Private room in house,3,t,174,14268.0,1
137.0,108,42.29175,-71.14096,Entire home/apt,4,153,4.91,STR-523304,West Roxbury,2,1.0,Convenient Boston Hotel Alternative,11,t,88,12056.0,1
180.0,61,42.359764099121094,-71.06116485595703,Private room,91,365,4.76,none,Downtown,1,1.0,Best Location Luxury Beacon Hill North End Condo,0,t,0,0.0,0
230.0,91,42.34308,-71.07316,Entire home/apt,2,157,4.86,none,South End,7,0.0,"The Dalton - The Upton Boston, South End",10,t,60,13800.0,0
129.0,399,42.31653,-71.11049,Entire home/apt,3,89,4.84,STR-409453,Jamaica Plain,2,1.0,Cozy JP Studio-Great Location!,47,t,255,32895.0,1
204.0,117,42.34475,-71.08204,Private room,29,364,4.63,STR-398748,Back Bay,1,1.0,ExclusiveBackBayBostonCtr-EntireFloorBrick townhse,0,f,0,0.0,1
135.0,31,42.33395767211914,-71.10222625732422,Entire home/apt,91,174,4.68,none,Mission Hill,8,1.0,Duplex Penthouse in Longwood Area,0,t,0,0.0,0
442.0,95,42.32004,-71.11185,Entire home/apt,2,254,4.74,STR-399217,Jamaica Plain,1,4.0,4 bedroom Victorian Condo unit,2,f,12,5304.0,1
515.0,189,42.36489,-71.05198,Entire home/apt,2,231,4.8,STR-466324,North End,1,3.0,"North End 3BR Condo - Spacious, Central  Location",36,t,216,111240.0,1
309.0,118,42.34294,-71.07304,Entire home/apt,2,165,4.84,Exempt: This listing is a hotel or motel,South End,7,1.0,"The Washington - The Upton Boston, South End",10,t,60,18540.0,1
340.0,23,42.35714,-71.06968,Entire home/apt,91,358,4.45,none,Beacon Hill,1,1.0,Historic Beacon Hill,0,f,0,0.0,0
132.0,676,42.30907,-71.04674,Entire home/apt,2,5,4.89,STR-487240,Dorchester,2,2.0,2 bedroom 1st Floor Apartment in Savin Hill,35,t,210,27720.0,1
58.0,120,42.3800475,-71.062315,Private room,29,246,4.73,none,Charlestown,1,1.0,Bright Sunlit bedroom near MGH labs/Downtown,4,t,232,13456.0,0
73.0,750,42.30856,-71.04646,Private room,2,6,4.88,STR-487240,Dorchester,2,1.0,Andrea's Private Bath T Downtown,61,t,255,18615.0,1
168.0,288,42.34873,-71.15693,Entire home/apt,2,97,4.81,STR-383211,Brighton,4,1.0,Large Studio Apt w/ Full Kitchen & Bath + Parking!,53,t,255,42840.0,1
415.0,40,42.34175,-71.08359,Entire home/apt,91,364,4.85,none,Fenway,1,2.0,2 bed/2 bath in the heart of Boston,0,f,0,0.0,0
56.0,27,42.3256,-71.09413,Private room,30,201,4.85,STR-383293,Roxbury,3,1.0,"Fort Hill Top - 2Bk Private room,  brick townhouse",3,t,180,10080.0,1
122.0,606,42.33835,-71.0472,Private room,1,48,4.86,STR-401177,South Boston,1,1.0,Large Private Bedroom & Bathroom by the Seaport,77,f,255,31110.0,1
214.0,319,42.31293,-71.11527,Entire home/apt,2,270,4.91,STR-447499,Jamaica Plain,1,2.0,Urban oasis trendy JP 'hood - suite,29,t,174,37236.0,1
99.0,13,42.28639,-71.13199,Entire home/apt,29,353,4.92,none,Roslindale,2,1.0,Quiet Sunlit Attic Studio,2,f,116,11484.0,0
215.0,44,42.28447,-71.13301,Entire home/apt,29,322,4.61,none,Roslindale,2,2.0,Charming sunlit house in Boston,0,f,0,0.0,0
63.0,190,42.29009,-71.05762,Private room,1,340,4.89,STR-456144,Dorchester,1,1.0,Private room/ MUST LOVE DOGS,7,f,42,2646.0,1
63.0,47,42.28127,-71.13304,Private room,29,169,4.81,none,Roslindale,2,1.0,Room for 2 in Rozzie - Full Bath,1,f,58,3654.0,0
258.0,2,42.34981,-71.09476,Entire home/apt,91,362,4.0,none,Fenway,4,2.0,"RIVERVIEWS-Walk Everywhere! Central, Safe LOCATION",0,f,0,0.0,0
120.0,38,42.30593,-71.10733,Private room,91,365,4.62,none,Jamaica Plain,1,1.0,One Private Bedroom in J.P.,0,f,0,0.0,0
500.0,22,42.3358,-71.04948,Entire home/apt,29,179,4.86,STR-461452,South Boston,7,2.0,Spacious Updated 2 Bed Boston Condo w/ Deck,1,f,58,29000.0,1
230.0,85,42.33375,-71.04767,Private room,29,365,4.73,STR-383155,South Boston,7,1.0,Spacious Updated Boston Room/Condo,0,f,0,0.0,1
190.0,129,42.35771,-71.06978,Entire home/apt,29,232,4.84,STR-395757,Beacon Hill,1,0.0,"Studio, w kitchenette, in owner's Beacon Hill home",5,f,255,48450.0,1
181.0,55,42.34995,-71.13427,Entire home/apt,30,92,4.84,none,Allston,1,1.0,I bdrm in Boston/Allston/Brookline,2,t,120,21720.0,0
260.0,94,42.342121,-71.075073,Entire home/apt,3,126,4.82,Exempt: This listing is a hotel or motel,South End,7,1.0,"The Clare - The Upton Boston, South End",10,t,60,15600.0,1
130.0,80,42.34125,-71.07604,Entire home/apt,33,16,4.78,none,South End,5,1.0,furnished 1 bed apartment copley #5,0,t,0,0.0,0
180.0,202,42.31146,-71.11947,Entire home/apt,2,98,4.96,STR-545109,Jamaica Plain,1,1.0,Light-filled Private Suite on Beautiful Street,18,t,108,19440.0,1
75.0,11,42.34391,-71.15628,Entire home/apt,91,262,4.91,none,Brighton,3,1.0,Sunny 1 Bedroom,1,t,182,13650.0,0
260.0,94,42.34309,-71.07316,Entire home/apt,2,148,4.83,Exempt: This listing is a hotel or motel,South End,7,0.0,"The Tremont - The Upton Boston, South End",15,t,90,23400.0,1
67.0,19,42.34272,-71.15672,Entire home/apt,91,41,4.84,none,Brighton,3,1.0,Charming comfort 1 BR / Studio,1,t,182,12194.0,0
150.0,99,42.35902,-71.06296,Entire home/apt,365,263,4.87,none,Beacon Hill,1,1.0,Perfect Location to Explore Boston,0,f,0,0.0,0
247.0,135,42.26043,-71.11766,Entire home/apt,2,5,4.93,STR-429200,Hyde Park,1,4.0,BEAUTIFUL SINGLE FAMILY VICTORIAN in Hyde Park!,9,t,54,13338.0,1
158.0,38,42.23533,-71.13256,Entire home/apt,29,292,4.5,none,Hyde Park,11,2.0,2bd APT 20min from Downtown Boston,0,f,0,0.0,0
50.0,14,42.28814,-71.06889,Private room,30,354,4.93,none,Dorchester,27,1.0,2 Minutes Walk  to the Red Line!,3,f,180,9000.0,0
158.0,202,42.28657,-71.13236,Entire home/apt,2,115,4.87,STR-544893,Roslindale,1,1.0,1bd Boston apt - Convenient & quiet,38,t,228,36024.0,1
132.0,263,42.31281,-71.06098,Entire home/apt,2,226,4.54,STR-547060,Dorchester,3,1.0,"Garden Suite near subway, beach",11,t,66,8712.0,1
115.0,492,42.32811,-71.09157,Private room,2,50,4.94,STR-580450,Roxbury,6,1.0,"AKBrownstone: custom-built, park garden view by T",65,t,255,29325.0,1
118.0,147,42.31907,-71.09252,Entire home/apt,28,44,4.93,STR-396299,Roxbury,4,0.0,Urban Travelers Modern Studio,4,t,224,26432.0,1
178.0,254,42.35884,-71.06332,Entire home/apt,91,192,4.8,none,Beacon Hill,1,1.0,Luxury Beacon Hill Apartment 1-BR,1,t,182,32396.0,0
158.0,31,42.32213,-71.06094,Entire home/apt,30,46,4.39,none,Dorchester,58,3.0,230B2 | The Roseclair Redline | 3BR 1B w/AC | Pvt,0,f,0,0.0,0
175.0,328,42.32843,-71.09369,Entire home/apt,2,157,4.78,STR-528095,Roxbury,5,1.0,"Modern, Spacious 1BR for 4 - Easy Marathon Access!",42,t,252,44100.0,1
38.0,6,42.31676,-71.08,Private room,91,365,4.33,none,Roxbury,31,2.0,Parking Close 2 Downtown Renovated,0,f,0,0.0,0
150.0,254,42.35792,-71.06432,Entire home/apt,29,177,4.9,none,Beacon Hill,1,1.0,Beacon Hill Fabulous One Bedroom Apartment,1,f,58,8700.0,0
88.0,130,42.31016,-71.10582,Private room,29,47,4.88,STR-399287,Jamaica Plain,1,2.0,"Entire 2nd floor, skylight suite is all yours!",1,f,58,5104.0,1
42.0,90,42.38679,-71.00271,Private room,91,89,4.38,none,East Boston,1,1.0,Minutes to Boston-Near Beach 69-1,0,f,0,0.0,0
78.0,77,42.28969,-71.13183,Private room,6,181,4.92,STR-522159,Roslindale,2,1.0,Sunny bedroom in large quiet house,7,t,84,6552.0,1
195.0,363,42.33765,-71.07434,Entire home/apt,29,87,4.83,none,South End,1,2.0,"Your Sensational South End - 2BR, no stairs",5,f,255,49725.0,0
110.0,227,42.31826,-71.09956,Private room,2,254,4.92,STR-529704,Jamaica Plain,1,1.0,Sunlit room with private bath,16,t,96,10560.0,1
454.0,1107,42.3357,-71.05395,Entire home/apt,1,10,4.91,STR-383708,South Boston,1,3.0,Sanitized Modern 3BD private home-near BCEC,111,t,255,115770.0,1
240.0,62,42.31063344940129,-71.10855891982172,Entire home/apt,2,277,4.89,STR-522672,Jamaica Plain,1,2.0,Airy new apt for 2-6. Near subway. Free parking.,17,t,102,24480.0,1
259.0,28,42.366747719022264,-71.05288415197064,Entire home/apt,29,66,4.93,Exempt: This listing is a unit used for furnished institutional or business stays,North End,29,0.0,Beautiful Studio Apt in North End,0,f,0,0.0,1
69.0,14,42.28547,-71.06799,Private room,91,268,5.0,none,Dorchester,1,1.0,"Bright, cozy bedroom in Victorian",1,f,182,12558.0,0
85.0,50,42.31246,-71.10793,Private room,29,322,4.7,STR-416301,Jamaica Plain,2,1.0,Quiet Artist's Retreat,2,f,116,9860.0,1
130.0,595,42.32971,-71.0931,Private room,2,49,4.95,STR-580450,Roxbury,6,1.0,AKBrownstone: Master Suite park view by T,76,t,255,33150.0,1
175.0,79,42.34128,-71.07607,Entire home/apt,33,0,4.71,none,South End,5,0.0,Studio apart Tremont St South End #2,4,t,255,44625.0,0
100.0,5,42.38829,-71.00437,Private room,100,364,4.4,none,East Boston,2,1.0,Room Logan Airport  1/2 bathroom,0,f,0,0.0,0
160.0,149,42.34128,-71.07607,Entire home/apt,30,216,4.82,none,South End,5,2.0,large & grand 2 bedroom South End by Copley Sq #3,1,t,60,9600.0,0
221.0,88,42.34128,-71.07607,Entire home/apt,31,79,4.83,none,South End,5,1.0,newly furn one bedroom by Copley #6,4,t,248,54808.0,0
160.0,15,42.35309,-71.14822,Entire home/apt,45,232,4.67,none,Brighton,1,3.0,"Grt Location, Big 3 Bed, Nr all Colleges, parking",3,f,255,40800.0,0
97.0,480,42.32942,-71.09149,Private room,2,50,4.93,STR-580450,Roxbury,6,1.0,AKBrownstone: modern treetop skyline view by T,83,t,255,24735.0,1
166.0,232,42.36017,-71.06346,Entire home/apt,1,355,4.56,STR-415631,Beacon Hill,87,0.0,Perfectly Located Rental Near MGH & TD Garden #13,24,f,144,23904.0,1
132.0,109,42.34441,-71.07633,Entire home/apt,1,347,4.58,STR-441258,South End,87,0.0,South End Studio Perfect for Work Travel #36,7,f,42,5544.0,1
153.0,174,42.34447,-71.07644,Entire home/apt,1,360,4.56,STR-589710,South End,87,1.0,"Explore Newbury St, Fenway, and Chinatown Nearby,",2,f,12,1836.0,1
202.0,170,42.34982,-71.08264,Entire home/apt,1,263,4.62,STR-445391,Back Bay,87,0.0,Boston’s Top Location: Newbury Street – #1,6,f,36,7272.0,1
76.0,570,42.32965,-71.0932,Private room,2,54,4.92,STR-580450,Roxbury,6,1.0,AKBrownstone: Loft rooftop views by T,87,t,255,19380.0,1
282.0,119,42.32397,-71.09085,Entire home/apt,3,131,4.75,STR-446652,Roxbury,11,3.0,Fort Hill Inn Historic Beauty! Minutes to Center!,10,t,60,16920.0,1
204.0,35,42.34301,-71.07304,Entire home/apt,120,239,4.89,Exempt: This listing is a hotel or motel,South End,7,1.0,"The Upton South End, The Copley Suite",12,t,255,52020.0,1
159.0,879,42.32967,-71.09328,Entire home/apt,2,43,4.9,STR-580450,Roxbury,6,0.0,AKBrownstone: cozy private studio by T,95,t,255,40545.0,1
39.0,7,42.31676,-71.08,Private room,91,365,4.86,none,Roxbury,31,1.0,Parking EZ 2 Downtown/Longwood Larg,0,f,0,0.0,0
39.0,1,42.31676,-71.08,Private room,91,365,4.0,none,Roxbury,31,2.0,Parking Renovated Close to Downtown,0,f,0,0.0,0
332.0,17,42.3645578,-71.0692521,Entire home/apt,30,83,4.71,STR-595465,West End,11,2.0,2 Bd/Bth Apt in Prime Location Gorgeous Water View,0,t,0,0.0,1
258.0,436,42.378693,-71.035088,Entire home/apt,1,312,4.86,STR-398048,East Boston,3,2.0,Boston RooftopTerrace/ 2 Bed / By Logan airport,47,t,255,65790.0,1
133.0,173,42.34441,-71.07633,Entire home/apt,1,359,4.64,STR-441249,South End,87,0.0,South End Studio Perfect for Work Travel #46,13,f,78,10374.0,1
39.0,4,42.31676,-71.08,Private room,91,365,4.5,none,Roxbury,31,2.0,Parking Easy to downtown/Longwood,0,f,0,0.0,0
60.0,21,42.34341,-71.15451,Entire home/apt,91,1,5.0,none,Brighton,3,1.0,Charming studio,2,t,255,15300.0,0
448.0,216,42.34765,-71.15509,Entire home/apt,3,266,4.89,STR-470547,Brighton,2,5.0,Historic House modernized,32,t,192,86016.0,1
261.0,114,42.2563,-71.12762,Entire home/apt,2,198,4.6,STR-544913,Hyde Park,1,2.0,Charming Victorian Furnished Home,7,f,42,10962.0,1
58.0,29,42.35111,-71.16529,Private room,91,258,4.79,none,Brighton,1,1.0,Cosy Celtic Retreat,2,f,255,14790.0,0
27.0,24,42.27667,-71.08169,Private room,30,169,4.79,STR-416068,Mattapan,4,1.0,One Sweet Place (A) managed by Andrea,1,f,60,1620.0,1
94.0,433,42.32352198858505,-71.10688328334862,Entire home/apt,4,239,4.66,STR-545228,Jamaica Plain,1,0.0,Studio w/ private entrance and bathroom,7,f,56,5264.0,1
645.0,351,42.35779,-71.13347,Entire home/apt,2,114,4.91,STR-568839,Allston,2,4.0,Spacious Family-Friendly Townhome Near Harvard,59,t,255,164475.0,1
59.0,41,42.31124,-71.06551,Private room,29,365,4.85,STR-415034,Dorchester,1,5.0,3rd floor room in Victorian House,0,f,0,0.0,1
84.0,37,42.31327,-71.10811,Private room,30,229,4.68,STR-416301,Jamaica Plain,2,1.0,Quiet room - Great location!,3,f,180,15120.0,1
65.0,200,42.33034,-71.05802,Private room,5,174,4.6,STR-524662,South Boston,3,1.0,"Large room with view on Downtown, 27 Dexter Street",11,f,110,7150.0,1
570.0,100,42.34041,-71.08384,Entire home/apt,29,284,4.98,Exempt: This listing is a unit used for furnished institutional or business stays,Roxbury,3,2.0,Stunning SouthEnd/BackBay Penthouse,0,t,0,0.0,1
199.0,488,42.30542,-71.10409,Entire home/apt,2,269,4.92,STR-446628,Jamaica Plain,1,2.0,2 Bdrm Apt w/ tower in JP Victorian,61,t,255,50745.0,1
1000.0,38,42.34024,-71.07483,Entire home/apt,5,88,5.0,STR-470244,South End,1,3.0,Beautiful Townhouse Boston's South End,9,t,90,90000.0,1
39.0,6,42.31681,-71.08001,Private room,91,365,5.0,none,Roxbury,31,1.0,"Renovated, Quiet, Free Parking",0,f,0,0.0,0
102.0,267,42.31163,-71.06351,Entire home/apt,29,129,4.81,none,Dorchester,2,3.0,Beautiful 3 bedroom Dorchester MA,3,t,174,17748.0,0
155.0,25,42.28629,-71.13839,Entire home/apt,29,316,4.64,STR-445527,Roslindale,2,2.0,Quiet  Beauty in Boston,0,f,0,0.0,1
39.0,2,42.31676,-71.08,Private room,91,365,5.0,none,Roxbury,31,2.0,Parking Renovated Close to Downtown,0,f,0,0.0,0
275.0,229,42.33211,-71.09842,Entire home/apt,3,87,4.89,STR-446658,Mission Hill,5,3.0,*Fort Hill Inn: Penthouse Duplex* Close to Center,41,t,246,67650.0,1
162.0,132,42.3285,-71.09608,Entire home/apt,3,81,4.8,STR-446656,Roxbury,5,0.0,"Fresh! City Loft Apartment,  Minutes to Center!",3,t,18,2916.0,1
302.0,214,42.34628,-71.08064,Entire home/apt,29,202,4.93,STR-400453,Back Bay,1,2.0,Private Entrance * King Beds * Parking * Kid Ready,2,t,116,35032.0,1
90.0,156,42.34441,-71.07633,Entire home/apt,1,191,4.53,STR-441252,South End,87,0.0,"Heart of South End, Convenient, Comfy Studio #42",3,f,18,1620.0,1
625.0,34,42.38118,-71.06073,Entire home/apt,3,38,4.97,STR-526971,Charlestown,1,4.0,Boston at your doorstep!,3,f,18,11250.0,1
100.0,9,42.33509,-71.07847,Private room,91,364,4.89,none,Roxbury,3,1.0,Share South End Multi-level Loft/ with parking,0,f,0,0.0,0
139.0,165,42.34447,-71.07644,Entire home/apt,1,330,4.47,STR-589708,South End,87,0.0,"Near Fenway Park, South End, and Newbury St #4",15,f,90,12510.0,1
93.0,316,42.34447,-71.07644,Entire home/apt,1,218,4.55,STR-589704,South End,87,0.0,"Stay Close to Fenway, Tufts Medical Center & More",7,f,42,3906.0,1
225.0,102,42.33286,-71.04506,Entire home/apt,3,324,4.87,STR-398153,South Boston,1,0.0,City sanctuary - garden terrace - ocean view,17,t,102,22950.0,1
330.0,304,42.36726,-71.05424,Entire home/apt,3,54,4.98,STR-388064,North End,1,2.0,"""La Gemma"" - a gem in the North End",18,t,108,35640.0,1
82.0,389,42.3605,-71.12633,Private room,3,179,4.9,STR-383892,Allston,8,1.0,The Nantucket Room near Harvard Square,37,t,222,18204.0,1
81.0,116,42.28516,-71.13772,Private room,30,74,4.95,STR-396424,Roslindale,2,1.0,"2 rms, private bath, females or grandparents only",4,t,240,19440.0,1
512.0,14,42.35009,-71.07023,Entire home/apt,91,177,5.0,none,Back Bay,1,3.0,Great location! 3 BD single fam. Kid-friendly.,0,f,0,0.0,0
64.0,205,42.33034,-71.05802,Private room,5,149,4.44,STR-524662,South Boston,3,1.0,"Large room, wood floor, 2 windows, 27 Dexter",11,f,110,7040.0,1
74.0,180,42.3605,-71.12633,Private room,60,270,4.82,none,Allston,8,1.0,The Meditation Room near Harvard Square,3,t,255,18870.0,0
198.0,33,42.32431720644971,-71.0586656980579,Entire home/apt,2,10,4.97,STR-455594,Dorchester,1,1.0,Close to it all-private parking & red MBTA station,14,t,84,16632.0,1
152.0,150,42.32966,-71.09597,Entire home/apt,3,89,4.7,STR-446654,Roxbury,5,0.0,Fort Hill Inn- Cozy Studio ApT 1.5 miles to Center,18,t,108,16416.0,1
150.0,29,42.2619,-71.11315,Entire home/apt,29,295,4.66,none,Hyde Park,1,3.0,Hidden Gem in Boston: Long Term 1 Month + Only,4,t,232,34800.0,0
92.0,57,42.35262,-71.07899,Entire home/apt,91,270,4.81,none,Back Bay,1,0.0,Small studio in GREAT location,0,f,0,0.0,0
117.0,385,42.31583,-71.11448,Private room,2,41,4.98,STR-411564,Jamaica Plain,1,1.0,Pvt tree top suite in great location,42,t,252,29484.0,1
53.0,109,42.28951,-71.15657,Private room,3,24,4.82,STR-397953,West Roxbury,1,1.0,"Free parking, 1 private room, 1 queen Bed",1,f,6,318.0,1
314.0,42,42.31584,-71.09932,Entire home/apt,29,169,4.6,STR-416102,Jamaica Plain,1,5.0,"Family friendly Victorian home, walk to T",1,f,58,18212.0,1
142.0,103,42.32932,-71.08925,Entire home/apt,3,297,4.8,STR-546631,Roxbury,1,1.0,Urban Oasis / Apartment perfect for work & create,14,t,84,11928.0,1
43.0,17,42.28411,-71.11693,Private room,29,362,4.53,none,Roslindale,3,1.0,Cozy private room near bus stop,2,f,116,4988.0,0
218.0,40,42.34118,-71.14678,Entire home/apt,29,274,4.43,Exempt: This listing is a unit used for furnished institutional or business stays,Brighton,39,1.0,"Cozy 1B, Green Line, Boston Coll, Elev, Roof Deck",2,f,116,25288.0,1
91.0,260,42.34441,-71.07633,Entire home/apt,1,201,4.59,STR-441260,South End,87,1.0,"Stylish Downtown Studio in the SouthEnd, C.Ave# 45",8,f,48,4368.0,1
135.0,177,42.34441,-71.07633,Entire home/apt,1,301,4.5,LB-101763,South End,87,0.0,"Stylish Downtown Studio in the SouthEnd, C.Ave# 43",24,f,144,19440.0,1
139.0,274,42.34982,-71.08264,Entire home/apt,1,292,4.68,STR-445402,Back Bay,87,0.0,Iconic Newbury Street at Your Doorstep #10,15,f,90,12510.0,1
131.0,120,42.34441,-71.07633,Entire home/apt,1,360,4.51,STR-441244,South End,87,0.0,South End Studio Perfect for Work Travel #26,15,f,90,11790.0,1
85.0,169,42.34441,-71.07633,Entire home/apt,1,187,4.53,LB-101763,South End,87,0.0,Perfect Spot Near Boston's Cultural Hub #22,25,f,150,12750.0,1
125.0,260,42.34447,-71.07644,Entire home/apt,1,353,4.54,STR-589705,South End,87,0.0,"Minutes to Chinatown, Boston Common & Fenway Park",2,f,12,1500.0,1
160.0,128,42.31392,-71.06137,Entire home/apt,2,192,4.91,STR-547060,Dorchester,3,1.0,"Treetop+Balcony Suite, ocean view, safe, nr metro",25,t,150,24000.0,1
35.0,11,42.31676,-71.08,Private room,91,365,4.91,none,Roxbury,31,1.0,"Small room Easy to Downtown, Longwood Clean Sunny",0,f,0,0.0,0
114.0,151,42.34441,-71.07633,Entire home/apt,1,261,4.46,STR-441255,South End,87,0.0,Minutes from Boston Common & the Public Garden # 2,16,f,96,10944.0,1
39.0,5,42.31676,-71.08,Private room,91,365,4.6,none,Roxbury,31,2.0,Renovated Parking EZ to downtown,0,f,0,0.0,0
132.0,98,42.34512,-71.09479,Entire home/apt,91,190,4.92,none,Fenway,1,1.0,A Fenway Getaway,0,f,0,0.0,0
118.0,235,42.34441,-71.07633,Entire home/apt,1,346,4.68,STR-441245,South End,87,0.0,"Stylish Downtown Studio in the SouthEnd, C.Ave# 31",18,f,108,12744.0,1
166.0,266,42.34982,-71.08264,Entire home/apt,1,303,4.79,STR-445394,Back Bay,87,0.0,Live in the Heart of Newbury Street #3,7,f,42,6972.0,1
189.0,313,42.34979,-71.08262,Entire home/apt,1,290,4.76,STR-445396,Back Bay,87,0.0,"Prime Newbury St Location, Walk Everywhere #4",17,f,102,19278.0,1
203.0,242,42.34982,-71.08264,Entire home/apt,1,316,4.66,STR-445404,Back Bay,87,0.0,"Newbury St Living –Trendy, Vibrant, Unbeatable!#12",4,f,24,4872.0,1
259.0,62,42.30849,-71.11721,Entire home/apt,14,252,4.98,STR-525739,Jamaica Plain,1,2.0,"Exquisite Treetop Haven, JP Center, Driveway!",3,f,84,21756.0,1
170.0,8,42.38239,-71.06393,Private room,91,365,4.75,none,Charlestown,1,1.0,Basement apartment in Charlestown,0,f,0,0.0,0
43.0,24,42.28249,-71.1146,Private room,29,286,4.5,none,Roslindale,3,1.0,Private Room near public transport,2,f,116,4988.0,0
35.0,7,42.31676,-71.08,Private room,91,365,4.71,none,Roxbury,31,2.0,Easy to downtown/Longwood Free Parking Clean House,0,f,0,0.0,0
35.0,6,42.31676,-71.08,Private room,91,365,4.83,none,Roxbury,31,2.0,Cozy Rm Off-Street Parking EZ 2 downtown/Longwood,0,f,0,0.0,0
53.0,154,42.29325,-71.05707,Private room,29,278,4.79,STR-397983,Dorchester,3,1.0,M&R - Front Bedroom Bathroom Parking - Walk to T!,0,t,0,0.0,1
101.0,240,42.29348,-71.05569,Private room,29,322,4.9,STR-397983,Dorchester,3,1.0,M&R Quiet Back Room Parking Bathroom,0,t,0,0.0,1
118.0,370,42.31572,-71.10847,Entire home/apt,2,28,4.88,STR-460147,Jamaica Plain,2,1.0,Light and airy separate apt in funky Jamaica Plain,28,t,168,19824.0,1
139.0,14,42.343,-71.14416,Entire home/apt,80,263,4.86,none,Brighton,1,1.0,"Quiet, sunny studio, directly on the T",2,t,255,35445.0,0
327.0,265,42.34532,-71.13829,Entire home/apt,3,341,4.96,STR-532114,Brighton,1,3.0,"Spacious 3 bed, in unit laundry, central Air",12,f,72,23544.0,1
180.0,553,42.33053,-71.05388,Entire home/apt,3,253,4.83,STR-597334,South Boston,1,1.0,Private apartment /parking/cozy garden.,60,t,255,45900.0,1
301.0,131,42.34447,-71.07644,Entire home/apt,30,234,4.58,STR-415649,South End,87,2.0,"Near Boston Common, North End & Tufts Medical Cent",0,f,0,0.0,1
142.0,182,42.34982,-71.08264,Entire home/apt,1,320,4.79,STR-445397,Back Bay,87,0.0,Unbeatable Location on Newbury Street #5,35,f,210,29820.0,1
201.0,277,42.34982,-71.08264,Entire home/apt,1,291,4.82,STR-445403,Back Bay,87,0.0,Live in the Center of Newbury St Action! #11,17,f,102,20502.0,1
193.0,249,42.34982,-71.08264,Entire home/apt,1,315,4.71,STR-445399,Back Bay,87,0.0,Perfectly Placed on Newbury Street #7,23,f,138,26634.0,1
144.0,235,42.34982,-71.08264,Entire home/apt,1,269,4.79,STR-445393,Back Bay,87,0.0,Copley Square & Historic Landmarks on Newbury St#2,20,f,120,17280.0,1
134.0,272,42.34982,-71.08264,Entire home/apt,1,299,4.75,STR-445403,Back Bay,87,0.0,"Vibrant, Chic Newbury St – Stay in Style! #6",13,f,78,10452.0,1
191.0,358,42.34982,-71.08264,Entire home/apt,1,257,4.75,STR-445400,Back Bay,87,0.0,Discover Boston from Newbury Street #8,36,f,216,41256.0,1
98.0,196,42.34441,-71.07633,Entire home/apt,1,229,4.58,LB-101763,South End,87,0.0,"Charming Studio in Boston Brownstone, #44",44,f,255,24990.0,1
43.0,8,42.28413,-71.11671,Private room,29,171,4.25,none,Roslindale,3,1.0,Private room near bus stop,1,f,58,2494.0,0
235.0,15,42.35105,-71.09488,Entire home/apt,91,362,4.53,none,Fenway,4,1.0,Safe Central City Location! WalkToWork/Everywhere!,0,f,0,0.0,0
136.0,249,42.34447,-71.07644,Entire home/apt,1,331,4.66,STR-589709,South End,87,0.0,"Steps from South End, Tufts Medical Center & More,",2,f,12,1632.0,1
149.0,243,42.34447,-71.07644,Entire home/apt,1,282,4.6,STR-589703,South End,87,0.0,"Walk to Chinatown, Boston Common, and South End",10,f,60,8940.0,1
166.0,225,42.36017,-71.06346,Entire home/apt,29,358,4.65,STR-589711,Beacon Hill,87,0.0,"Sleek Rental in Beacon Hill, Near TD Garden/MGH #6",0,f,0,0.0,1
196.0,211,42.36017,-71.06346,Entire home/apt,1,275,4.59,STR-463213,Beacon Hill,87,1.0,"Beacon Hill Gem, Close to TD Garden & MGH – #14",21,f,126,24696.0,1
184.0,187,42.36017,-71.06346,Entire home/apt,1,295,4.44,STR-415628,Beacon Hill,87,0.0,Convenient Beacon Hill Location Near TD Garden #11,10,f,60,11040.0,1
850.0,170,42.35623,-71.07023,Entire home/apt,4,157,4.98,STR-410129,Beacon Hill,1,4.0,Stunning Beacon Hill Boston Townhouse Apartment,29,t,232,197200.0,1
167.0,204,42.36017,-71.06346,Entire home/apt,1,350,4.66,STR-415616,Beacon Hill,87,0.0,Prime Rental by MGH & TD Garden – Beacon Hill #3,11,f,66,11022.0,1
130.0,92,42.34128,-71.07607,Entire home/apt,30,0,4.89,none,South End,5,1.0,Sunny and Quiet top floor #8,1,t,60,7800.0,0
289.0,123,42.333,-71.03544,Entire home/apt,29,325,4.89,STR-399169,South Boston,1,3.0,Spacious 3BR | 2.5 BA + Office Single-Family Home,3,t,174,50286.0,1
187.0,330,42.36017,-71.06346,Entire home/apt,1,294,4.66,STR-463202,Beacon Hill,87,0.0,"Beacon Hill – Prime Location, Near MGH #9",27,f,162,30294.0,1
85.0,319,42.35642,-71.16411,Private room,29,365,4.89,STR-405969,Brighton,1,1.0,Perfect for 1,0,f,0,0.0,1
146.0,171,42.34441,-71.07633,Entire home/apt,1,334,4.68,STR-441251,South End,87,0.0,"Stylish Downtown Studio in the SouthEnd, C.Ave# 41",9,f,54,7884.0,1
201.0,211,42.36017,-71.06346,Entire home/apt,1,332,4.56,STR-415615,Beacon Hill,87,0.0,Ideal Location Near TD Garden and MGH #2,20,f,120,24120.0,1
221.0,385,42.36017,-71.06346,Entire home/apt,1,298,4.63,STR-415624,Beacon Hill,87,0.0,Close to TD Garden and MGH – Beacon Hill Living #8,27,f,162,35802.0,1
184.0,355,42.36017,-71.06346,Entire home/apt,1,332,4.62,STR-463200,Beacon Hill,87,0.0,Bright Beacon Hill Rental Close to MGH/TD Garden#7,9,f,54,9936.0,1
182.0,159,42.36017,-71.06346,Entire home/apt,1,302,4.67,STR-463214,Beacon Hill,87,0.0,"Beacon Hill – Prime Location, Near TD Garden #15",13,f,78,14196.0,1
176.0,217,42.36017,-71.06346,Entire home/apt,1,291,4.6,STR-415630,Beacon Hill,87,0.0,Perfect Beacon Hill Location – Near TD Garden #12,9,f,54,9504.0,1
75.0,134,42.24179,-71.12412,Private room,29,365,4.99,none,Hyde Park,1,1.0,Morning Glory Bed & Breakfast!,0,f,0,0.0,0
183.0,332,42.31689,-71.1004,Entire home/apt,3,85,4.87,STR-398358,Jamaica Plain,3,1.0,"Charming home Away from Home, close to parks",25,t,150,27450.0,1
194.0,225,42.36017,-71.06346,Entire home/apt,1,344,4.56,STR-415613,Beacon Hill,87,0.0,Beacon Hill Rental Steps to MGH & TD Garden – #1,18,f,108,20952.0,1
88.0,237,42.34441,-71.07633,Entire home/apt,1,213,4.55,STR-441248,South End,87,0.0,"Centrally located Studio in Boston ,#35",26,f,156,13728.0,1
216.0,115,42.34447,-71.07644,Entire home/apt,1,324,4.36,STR-589707,South End,87,0.0,"Close to the North End, Fenway & Boston Common, #6",1,f,6,1296.0,1
115.0,2,42.35771,-71.0616,Entire home/apt,91,138,5.0,none,Downtown,8,1.0,Live beside the State House!,1,t,182,20930.0,0
55.0,12,42.3547,-71.13722,Private room,91,365,4.75,none,Allston,3,1.0,Boston University Harvard MIT,0,f,0,0.0,0
90.0,215,42.36105,-71.06645,Entire home/apt,29,246,4.76,none,Beacon Hill,1,1.0,Gorgeous Beacon Hill Apartment,7,t,255,22950.0,0
85.0,297,42.34441,-71.07633,Entire home/apt,1,202,4.55,LB-101763,South End,87,0.0,Prime Location in Boston's South End #25,47,f,255,21675.0,1
81.0,163,42.37594,-71.03634,Entire home/apt,45,120,4.38,none,East Boston,2,1.0,Sunny Studio near Airport & Train station,1,t,90,7290.0,0
95.0,145,42.34441,-71.07633,Entire home/apt,1,238,4.54,STR-441257,South End,87,0.0,Steps Away from Back Bay's Best Spots #33,23,f,138,13110.0,1
145.0,196,42.25481,-71.14593,Entire home/apt,4,45,4.95,none,West Roxbury,1,1.0,Country Cottage in the City,19,t,152,22040.0,0
66.0,43,42.25274,-71.11599,Private room,29,264,4.74,STR-416718,Hyde Park,5,1.0,Gorgeous and Bright Victorian Home,2,f,116,7656.0,1
198.0,397,42.34196,-71.16095,Entire home/apt,2,216,4.99,STR-413555,Brighton,1,1.0,Executive Garden Apartment,42,t,252,49896.0,1
298.0,119,42.34542,-71.08055,Entire home/apt,29,263,4.89,Exempt: This listing is a unit used for furnished institutional or business stays,Back Bay,1,1.0,"Boston, Back Bay Condo w/Private Roof Deck",0,f,0,0.0,1
562.0,62,42.34587,-71.07257,Entire home/apt,2,249,4.9,STR-544908,South End,1,2.0,South End Boston Apartment with Private Garden,19,t,114,64068.0,1
141.0,40,42.30928,-71.11108,Private room,91,365,4.55,STR-413427,Jamaica Plain,3,1.0,"Stunning suite, historic victorian",0,f,0,0.0,1
52.0,17,42.25907,-71.11893,Private room,91,210,5.0,none,Hyde Park,1,1.0,"Lovely, Quiet Room",1,f,182,9464.0,0
110.0,696,42.3168,-71.10721,Entire home/apt,2,68,4.96,STR-383174,Jamaica Plain,2,1.0,Cozy studio apartment in Jamaica plain!,78,t,255,28050.0,1
201.0,306,42.36017,-71.06346,Entire home/apt,1,322,4.71,STR-463203,Beacon Hill,87,0.0,Ideal Rental by MGH & TD Garden – Beacon Hill #10,6,f,36,7236.0,1
128.0,237,42.32776,-71.09194,Private room,4,53,4.9,STR-516495,Roxbury,1,1.0,Suite Petite Attique by Longwood & Train,21,t,168,21504.0,1
63.0,61,42.27173,-71.07936,Private room,29,364,4.59,STR-420874,Mattapan,2,1.0,Cozy Double Times II,0,f,0,0.0,1
68.0,37,42.2719,-71.07935,Private room,29,365,4.49,STR-420874,Mattapan,2,1.0,Fireplace Haven,0,f,0,0.0,1
312.0,15,42.30861,-71.11105,Private room,91,365,4.4,STR-413427,Jamaica Plain,3,1.0,"Elegant, spacious boudoir with fireplace.",0,f,0,0.0,1
224.0,23,42.30994,-71.11119,Private room,91,365,4.48,none,Jamaica Plain,3,2.0,"Elegant studio,kitchn, soaking tub",0,f,0,0.0,0
50.0,16,42.28946,-71.06818,Private room,30,347,4.31,none,Dorchester,27,1.0,Just around the corner from the Red Line!,1,f,60,3000.0,0
475.0,22,42.29005,-71.06222,Entire home/apt,1,349,4.73,STR-453623,Dorchester,7,4.0,Warm & Cozy Home for Your Stay!,0,f,0,0.0,1
102.0,72,42.35475,-71.15875,Entire home/apt,29,293,4.71,none,Brighton,1,2.0,"Private fl w/2BR, 1B, 1LR w/full kitchen",3,t,174,17748.0,0
205.0,295,42.36017,-71.06346,Entire home/apt,1,345,4.55,STR-415618,Beacon Hill,87,0.0,Beacon Hill Rental Close to MGH & TD Garden – #4,27,f,162,33210.0,1
140.0,23,42.34299,-71.07305,Entire home/apt,91,145,4.83,Exempt: This listing is a hotel or motel,South End,7,1.0,Your Home Base for 1+ Months | The Lincoln Suite,3,t,255,35700.0,1
150.0,139,42.29021,-71.13046,Private room,29,90,4.96,STR-400545,Roslindale,1,1.0,"Arboretum retreat with AC, private bath, entrance.",0,f,0,0.0,1
165.0,231,42.27843,-71.16233,Entire home/apt,4,83,4.86,STR-571740,West Roxbury,1,2.0,Beautiful 2BD / 1 BA - 1st Floor,27,t,216,35640.0,1
43.0,23,42.30489,-71.07071,Private room,30,343,4.57,none,Dorchester,27,1.0,Workable & Inexpensive Room Near the 2 T lines!,1,f,60,2580.0,0
40.0,27,42.28885,-71.07005,Private room,30,297,4.7,none,Dorchester,27,1.0,Peaceful Private Bedroom Near T!,3,f,180,7200.0,0
168.0,180,42.36594,-71.05669,Entire home/apt,29,135,4.64,STR-553035,North End,1,1.0,"Hideaway in Boston's North End-""Little Italy""",2,f,116,19488.0,1
125.0,19,42.34862,-71.06172,Entire home/apt,91,0,4.79,none,Chinatown,1,2.0,Bright and Cozy Chinatown Apt,0,f,0,0.0,0
173.0,80,42.37126,-71.03893,Entire home/apt,5,235,4.9,STR-446458,East Boston,1,1.0,Extended stays,7,f,70,12110.0,1
94.0,4,42.33423,-71.07898,Private room,91,268,4.5,none,Roxbury,3,1.0,Share South End Loft at Silver Line w/ parking!,0,f,0,0.0,0
135.0,52,42.31431,-71.10305,Entire home/apt,45,144,4.71,none,Jamaica Plain,1,2.0,"2BR w deck near subway, downtown & hospitals",1,f,90,12150.0,0
219.0,103,42.3431,-71.07854,Entire home/apt,29,16,4.55,STR-423342,South End,8,1.0,The Boston Christopher Studio Suite,0,f,0,0.0,1
42.0,16,42.34488,-71.15435,Private room,60,18,4.69,none,Brighton,4,1.0,Spacious loft in the quiet suburbs #1,0,t,0,0.0,0
155.0,3,42.30027,-71.06324,Entire home/apt,30,360,4.67,none,Dorchester,27,4.0,Cozy 4BD apartment with AirBeds,0,f,0,0.0,0
349.0,50,42.31659,-71.10565,Entire home/apt,3,23,4.94,STR447709,Jamaica Plain,1,3.0,Welcome to J.P.! 3BR near T w parking,5,f,30,10470.0,1
139.0,96,42.32777,-71.09331,Entire home/apt,5,251,4.94,STR-481385,Roxbury,1,1.0,Garden Apt - Highland Park/Fort Hill (Orange Line),12,t,120,16680.0,1
300.0,73,42.33786,-71.15137,Entire home/apt,29,321,4.81,none,Brighton,1,2.0,"2-bedrom loft condo near BC, BU & Fenway w/parking",0,t,0,0.0,0
85.0,70,42.32385,-71.10746,Entire home/apt,91,90,4.79,none,Jamaica Plain,1,2.0,spacious 3rd floor loft in home,0,f,0,0.0,0
290.0,792,42.35786,-71.06482,Entire home/apt,1,189,4.86,STR-411266,Beacon Hill,1,0.0,Second Oldest Home in Beacon Hill,88,t,255,73950.0,1
151.0,43,42.35145,-71.06461,Entire home/apt,91,364,4.07,none,Downtown,3,0.0,BEST LOCATION IN THE CITY STUDIO W/ FAST WIFI,1,t,182,27482.0,0
43.0,20,42.30372,-71.07226,Private room,30,291,4.65,none,Dorchester,27,1.0,Spacious & Great Private Room Near T!,1,f,60,2580.0,0
980.0,10,42.38231,-71.06871,Entire home/apt,29,319,4.4,STR-406505,Charlestown,1,4.0,Historic and Charming Brownstone,0,f,0,0.0,1
115.0,230,42.32378,-71.09648,Entire home/apt,30,12,4.77,Exempt: This listing is a unit used for furnished institutional or business stays,Roxbury,4,2.0,Spacious 2 bedroom Apartment.,4,f,240,27600.0,1
50.0,15,42.28921,-71.06337,Private room,30,314,4.67,none,Dorchester,27,1.0,Pleasant & Lovely Room Near T!,1,f,60,3000.0,0
248.0,77,42.3428,-71.07836,Entire home/apt,4,245,4.91,STR-545122,South End,2,0.0,Pristine private apt South End Walk everywhere,10,t,80,19840.0,1
130.0,22,42.36538,-71.05159,Entire home/apt,91,231,4.64,none,North End,2,1.0,Boston North End Luxurious One Bedroom Condo,0,f,0,0.0,0
40.0,20,42.3454,-71.1532,Private room,60,188,4.85,none,Brighton,4,1.0,Spacious loft in the quiet suburbs #2,5,t,255,10200.0,0
40.0,20,42.30586,-71.07225,Private room,30,292,4.65,none,Dorchester,27,1.0,Inexpensive & Clean Private Bedroom!,3,f,180,7200.0,0
208.0,405,42.36332,-71.05897,Entire home/apt,29,353,4.85,STR-409365,Downtown,1,1.0,Boston Apartment (North End),3,f,174,36192.0,1
256.0,75,42.34218,-71.07334,Entire home/apt,3,80,4.96,STR-454027,South End,6,0.0,Copley Vacation Rental on the Park  w/ patio M325,4,t,24,6144.0,1
39.0,21,42.34504,-71.15406,Private room,60,205,4.62,none,Brighton,4,1.0,Spacious loft in the quiet suburbs #3,3,t,255,9945.0,0
39.0,9,42.30536,-71.07221,Private room,91,365,4.89,none,Dorchester,31,2.0,Walk/Bus to Redline Renovated Easy to MIT/Harvard,0,f,0,0.0,0
110.0,124,42.37032,-71.03974,Entire home/apt,91,201,4.83,none,East Boston,1,1.0,Top Rated Apartment! Exceptional Location!,2,t,255,28050.0,0
128.0,191,42.32818,-71.09547,Entire home/apt,91,179,4.76,none,Roxbury,5,0.0,Freshly Renovated Studio close to T,0,t,0,0.0,0
165.0,63,42.38348,-71.07678,Entire home/apt,29,259,4.71,none,Charlestown,12,2.0,Apartment with 2-3 bedrooms-3 min to subway T stop,0,t,0,0.0,0
62.0,362,42.3605,-71.12633,Private room,3,125,4.81,STR-383892,Allston,8,1.0,Close to Harvard - Zen Room Lic# STR383892,42,t,252,15624.0,1
40.0,16,42.27349,-71.07066,Private room,30,308,5.0,none,Mattapan,5,1.0,Stay with Fun Family (queen size bed),0,t,0,0.0,0
650.0,12,42.27947,-71.15314,Entire home/apt,29,291,5.0,STR-397962,West Roxbury,1,5.0,The 1880 House: Historic Single Family Victorian!,0,f,0,0.0,1
289.0,306,42.34626,-71.09049,Entire home/apt,2,14,4.87,STR-546276,Fenway,1,2.0,Boston Brownstone,31,t,186,53754.0,1
200.0,17,42.32647,-71.09557,Entire home/apt,91,180,4.29,none,Roxbury,1,3.0,Wonderful Boston apartment Sunny & Newly renovated,0,f,0,0.0,0
235.0,4,42.35184,-71.06003,Entire home/apt,32,330,5.0,none,Chinatown,44,1.0,Sleek 1 Bedroom in Boston's Financial District,0,f,0,0.0,0
100.0,42,42.27644,-71.07681,Private room,29,261,4.64,STR-415845,Mattapan,6,1.0,Mahar family room,0,f,0,0.0,1
99.0,13,42.32068245245338,-71.11429829676271,Private room,91,264,4.85,STR-523050,Jamaica Plain,2,1.0,"Elegant room, colorful artist home",1,f,182,18018.0,1
335.0,2,42.3529,-71.05992,Entire home/apt,32,325,5.0,none,Downtown,44,2.0,Luxury 2 Bedroom Steps from Rose Kennedy Greenway,0,f,0,0.0,0
39.0,9,42.30536,-71.07221,Private room,91,365,4.78,none,Dorchester,31,2.0,Clean Large Room near Redline/Rail Peaceful Area,0,f,0,0.0,0
179.0,608,42.38187,-71.07734,Entire home/apt,1,225,4.88,STR-383106,Charlestown,12,3.0,3 bed apt next to T- fast wifi-off street parking,64,t,255,45645.0,1
134.0,253,42.25979,-71.15911,Entire home/apt,3,290,4.74,STR-391798,West Roxbury,1,3.0,Beautiful Apartment-5 Beds-Kitchen-Super Clean!,4,f,24,3216.0,1
62.0,32,42.38362,-71.07863,Private room,29,275,4.84,none,Charlestown,12,1.0,3 min to T stop-Boston/Somerville/Cambridge access,3,t,174,10788.0,0
476.0,72,42.38061,-71.06905,Entire home/apt,2,14,4.96,STR-388417,Charlestown,1,4.0,Ideal for Families - Spacious Charlestown Townhome,12,t,72,34272.0,1
44.0,11,42.34636,-71.15563,Private room,60,243,4.91,none,Brighton,4,1.0,Spacious loft in the quiet suburbs #4,2,t,240,10560.0,0
130.0,40,42.3665,-71.05428,Entire home/apt,32,323,4.1,none,North End,12,1.0,"Walk to MGH-Subway, stay in Boston's Little Italy",0,t,0,0.0,0
191.0,5,42.34777,-71.08493,Entire home/apt,32,345,5.0,none,Back Bay,12,1.0,Bostons Best Rentals -Back Bay on Commonwealth Ave,2,t,128,24448.0,0
130.0,15,42.36104,-71.07129,Entire home/apt,32,172,4.27,none,Beacon Hill,12,0.0,Cobblestone Way on Beacon Hill-walk to MGH Subway,0,t,0,0.0,0
35.0,7,42.30536,-71.07221,Private room,91,365,5.0,none,Dorchester,31,2.0,Small Room Renovated House Walk/Bus to Redline,0,f,0,0.0,0
39.0,3,42.30536,-71.07221,Private room,91,365,5.0,none,Dorchester,31,1.0,Renovated House near Subway/Rail Everything New,0,f,0,0.0,0
39.0,3,42.30536,-71.07221,Private room,91,365,5.0,none,Dorchester,31,2.0,"Walk/Bus to Redline/Rail stations, Private Balcony",0,f,0,0.0,0
37.0,24,42.31837,-71.09037,Private room,30,78,4.96,none,Roxbury,5,1.0,Comfortable quite room.,4,t,240,8880.0,0
37.0,2,42.31676,-71.08,Private room,91,365,5.0,none,Roxbury,31,2.0,EZ to Downtown/Longwood Off-St Parking Renovated,0,f,0,0.0,0
125.0,176,42.34347,-71.07368,Entire home/apt,29,114,4.95,none,South End,3,0.0,Montgomery Place - Studio (Room 6),1,t,58,7250.0,0
145.0,147,42.34347,-71.07368,Entire home/apt,29,273,4.95,none,South End,3,1.0,Montgomery Place - One Bedroom,4,t,232,33640.0,0
126.0,910,42.37611,-71.03578,Entire home/apt,1,221,4.75,STR-476125,East Boston,1,1.0,*BostonAirport/TDgarden/DT/ConventionCtr/NorthEnd!,95,f,255,32130.0,1
35.0,1,42.31676,-71.08,Private room,91,365,5.0,none,Roxbury,31,2.0,"Small Room, Off-St. Parking, AC, Renovated Clean",0,f,0,0.0,0
350.0,38,42.34583,-71.07491,Entire home/apt,3,130,4.76,STR-439510,South End,1,2.0,South End Boston Apartment with Private Garden,1,f,6,2100.0,1
140.0,185,42.34382,-71.07368,Entire home/apt,29,126,4.93,none,South End,3,1.0,Montgomery Place - Parlor Room (Room 2),4,t,232,32480.0,0
35.0,2,42.30536,-71.07221,Private room,91,365,5.0,none,Dorchester,31,2.0,"Small Room near Redline & Commuter Rail, Renovated",0,f,0,0.0,0
150.0,342,42.26145,-71.11662,Entire home/apt,2,331,4.9,STR-443131,Hyde Park,2,2.0,~*30min to Downtown*~ THE COSMOPOLITAN,41,t,246,36900.0,1
39.0,2,42.30536,-71.07221,Private room,91,365,5.0,none,Dorchester,31,2.0,Near Redline & Commuter Rail Renovated Clean Sunny,0,f,0,0.0,0
107.0,512,42.31642,-71.10672,Entire home/apt,2,52,4.96,STR-383177,Jamaica Plain,2,1.0,Sunny studio in JP!,85,t,255,27285.0,1
65.0,41,42.38199,-71.07675,Private room,29,259,4.9,none,Charlestown,12,1.0,Room w/fast wifi-next to T stop 10 min to downtown,3,t,174,11310.0,0
244.0,109,42.30003,-71.0788,Entire home/apt,5,332,4.94,STR-526268,Dorchester,2,3.0,Beautiful and Cozy Entire Apt in Boston,8,t,80,19520.0,1
523.0,57,42.34042,-71.08363,Entire home/apt,29,326,4.98,Exempt: This listing is a unit used for furnished institutional or business stays,Roxbury,3,2.0,Beautiful Boston Brownstone,0,t,0,0.0,1
869.0,244,42.364253,-71.052626,Entire home/apt,1,307,4.76,STR-548561,North End,1,3.0,Gorgeous Huge Duplex 3 baths sleeps 6  Parking,19,t,114,99066.0,1
179.0,244,42.31316,-71.11279,Entire home/apt,4,240,4.78,STR-386367,Jamaica Plain,1,2.0,"2 BR | 1 BA  Close to DWTN & Medical, Free PRKG",27,t,216,38664.0,1
99.0,8,42.321430817051755,-71.11275148532205,Private room,91,365,5.0,STR-523050,Jamaica Plain,2,1.0,Twins in a peaceful room.,0,f,0,0.0,1
95.0,78,42.27486,-71.077,Private room,1,330,4.92,STR-415974,Mattapan,6,1.0,# friendly family home,3,f,18,1710.0,1
159.0,323,42.30762,-71.10968,Entire home/apt,5,98,4.97,STR-533079,Jamaica Plain,1,0.0,Tranquil Treetop Loft,16,f,160,25440.0,1
66.0,335,42.36151,-71.12658,Private room,3,192,4.83,STR-383892,Allston,8,1.0,King Zen Room near Harvard Biz School - STR383892,34,t,204,13464.0,1
320.0,65,42.33194,-71.04729,Entire home/apt,3,365,4.82,STR-446085,South Boston,1,2.0,Cozy Condo in Center of Southie,1,f,6,1920.0,1
425.0,332,42.36704,-71.05376,Entire home/apt,5,166,4.91,STR-441408,North End,18,2.0,North End 2 BR | 1 BA Duplex in Little Italy,27,t,255,108375.0,1
90.0,87,42.27441,-71.0772,Private room,1,229,4.8,STR-415974,Mattapan,6,1.0,Blue Family  bedroom,1,f,6,540.0,1
39.0,3,42.30555,-71.0723,Private room,91,365,5.0,none,Dorchester,31,2.0,Renovated near Redline/Commuter Rail 4 Harvard MIT,0,f,0,0.0,0
44.0,22,42.3165,-71.09535,Private room,30,191,5.0,none,Roxbury,5,1.0,Huge bed  and high ceiling room plus two closets.,8,t,255,11220.0,0
158.0,165,42.31700134277344,-71.10931396484375,Entire home/apt,3,272,4.94,STR-552336,Jamaica Plain,2,1.0,"Fully-Equipped, Private 1st Floor 1-Bed/1-Bath Apt",32,t,192,30336.0,1
156.0,264,42.317012786865234,-71.10931396484375,Entire home/apt,3,244,4.91,STR-544850,Jamaica Plain,2,1.0,Fully-Equipped 2nd Floor 1-Bed 1-Bath Apt,40,t,240,37440.0,1
309.0,41,42.27554,-71.07091,Entire home/apt,29,315,4.71,STR-397952,Mattapan,3,3.0,SPACIOUS TOWNHOUSE with Essential Amenities,0,t,0,0.0,1
40.0,21,42.30208,-71.07005,Private room,30,347,4.48,none,Dorchester,27,1.0,Economical & Accessible Room w/ Airbed Near T!,0,f,0,0.0,0
110.0,330,42.31765,-71.10049,Private room,3,262,4.92,STR-398358,Jamaica Plain,3,1.0,"Charming room, in hip JP near The T  #2",40,t,240,26400.0,1
45.0,11,42.27345,-71.07251,Private room,90,364,4.64,none,Mattapan,5,1.0,Stay with Fun Family ( twin size bed),1,t,180,8100.0,0
800.0,17,42.33339,-71.05317,Entire home/apt,29,358,4.88,STR-416496,South Boston,1,4.0,Modern 3.5 BR Single Family Home,0,f,0,0.0,1
45.0,14,42.30426,-71.07147,Private room,30,307,4.71,none,Dorchester,27,1.0,Fair & Cozy Room with Airbed!,3,f,180,8100.0,0
283.0,421,42.34338,-71.06874,Entire home/apt,2,216,4.93,STR-414322,South End,1,2.0,"Victorian Charm, Modern Style w/Private Entrance",60,t,255,72165.0,1
65.0,50,42.25302,-71.11591,Private room,29,353,4.58,STR-416718,Hyde Park,5,1.0,"Mt Restmore, COZY spacious and Clean",1,f,58,3770.0,1
364.0,227,42.348731994628906,-71.06843566894531,Entire home/apt,3,161,4.84,STR-445212,Bay Village,1,3.0,Historic townhouse in the heart of Boston,23,t,138,50232.0,1
123.0,403,42.31689,-71.10005,Private room,2,259,4.96,STR-398358,Jamaica Plain,3,1.0,"Charming room, in hip JP near The T  #1",42,t,252,30996.0,1
65.0,146,42.33034,-71.05802,Private room,5,144,4.68,STR-524662,South Boston,3,1.0,"Large room, 2nd floor, wood floor, 27 Dexter Str.",15,f,150,9750.0,1
336.0,51,42.37018,-71.06109,Private room,1,163,4.84,STR-545898,Charlestown,8,1.0,"Rozinante - Queen, Harbor View",11,t,66,22176.0,1
97.0,428,42.30755,-71.04739,Private room,1,244,4.96,STR-383505,Dorchester,4,1.0,219 on the Ocean with Private Bath,50,t,255,24735.0,1
253.0,96,42.37216,-71.05937,Private room,1,123,4.7,STR-545898,Charlestown,8,1.0,"""Port"" View - Queen Ensuite",12,t,72,18216.0,1
336.0,55,42.37006,-71.06159,Private room,1,126,4.75,STR-545898,Charlestown,8,1.0,Inn the Moment - Harbor View,6,t,36,12096.0,1
177.0,335,42.34124,-71.15811,Entire home/apt,2,72,4.92,STR-393765,Brighton,1,1.0,Washer+Dryer+Parking!*Private suite*Cul de sac*,43,t,255,45135.0,1
50.0,46,42.3243,-71.07328,Private room,91,298,4.89,none,Roxbury,1,2.0,Cozy private  room,1,t,182,9100.0,0
202.0,540,42.30974,-71.10798,Entire home/apt,1,160,4.88,STR-447200,Jamaica Plain,1,1.0,Historic JP Brownstone with Parking. Pets Welcome!,47,t,255,51510.0,1
392.0,466,42.3575,-71.07138,Entire home/apt,4,234,4.91,STR-416028,Beacon Hill,3,2.0,BEAUTIFUL BEACON HILL 2 BEDROOM!,41,t,255,99960.0,1
39.0,2,42.31313,-71.09335,Private room,91,365,5.0,none,Roxbury,31,2.0,Renovated House Clean Room near Orange line & Park,0,f,0,0.0,0
100.0,401,42.3094,-71.04672,Private room,1,225,4.97,STR-383505,Dorchester,4,1.0,Savin Hill by the Sea with Private Bath,51,t,255,25500.0,1
92.0,60,42.37814,-71.03272,Entire home/apt,29,129,4.55,STR-419049,East Boston,12,0.0,Charming Oasis Near Downtown & Airport,0,f,0,0.0,1
163.0,374,42.33385,-71.04569,Private room,2,128,4.93,STR-383389,South Boston,1,1.0,Spacious guest suite on Dorchester Heights,40,t,240,39120.0,1
39.0,5,42.31313,-71.09335,Private room,91,365,5.0,none,Roxbury,31,1.0,"Renovated Clean house, Orange Line, EZ to Longwood",0,f,0,0.0,0
75.0,302,42.30918,-71.04643,Private room,1,230,4.97,STR-383505,Dorchester,4,1.0,Large Private room in Savin Hill,44,t,255,19125.0,1
378.0,324,42.35027,-71.06853,Entire home/apt,2,61,4.79,STR-445531,Bay Village,2,4.0,Lrg 4 Bdrm Prvt. Patio Quiet Top Location Parking,27,f,162,61236.0,1
128.0,143,42.29303,-71.06693,Entire home/apt,3,7,4.88,STR-581465,Dorchester,2,2.0,Large relaxing apt. next to metro 20min to Boston,9,t,54,6912.0,1
500.0,30,42.35125,-71.08667,Entire home/apt,29,315,4.7,STR-416852,Back Bay,1,1.0,Back Bay Condo on Marlborough Street!,0,f,0,0.0,1
113.0,243,42.28,-71.06983,Entire home/apt,5,269,4.95,STR-544912,Dorchester,1,2.0,"Upscale 2 Bdrm Suite: Kitchen, Spa Bath, Laundry",35,t,255,28815.0,1
315.0,80,42.31764,-71.10922,Entire home/apt,5,292,5.0,STR-402110,Jamaica Plain,1,2.0,Victorian Treetop Apartment - Close to Everything!,7,f,70,22050.0,1
733.0,189,42.3587157,-71.1326206,Entire home/apt,2,44,4.93,STR-568835,Allston,2,4.0,Sparkling Condo With Modern Amenities,17,t,102,74766.0,1
145.0,52,42.37294,-71.06478,Entire home/apt,31,168,4.94,none,Charlestown,1,1.0,Charming Charlestown Condo (Dog Friendly)!,2,t,124,17980.0,0
205.0,157,42.29181,-71.05264,Entire home/apt,2,322,4.83,STR-383333,Dorchester,1,2.0,Clean & Spacious 2 bedroom Near Downtown,6,f,36,7380.0,1
131.0,301,42.26145553588867,-71.11660766601562,Entire home/apt,2,314,4.85,STR-443131,Hyde Park,2,2.0,~*Pet Friendly 30min to Downtown*~ THE BOSTONIAN,32,t,192,25152.0,1
67.0,107,42.38185,-71.07693,Private room,1,281,4.82,STR-383107,Charlestown,12,1.0,Garden room next to T stop/bus hub.,19,t,114,7638.0,1
190.0,46,42.27486,-71.13495,Entire home/apt,29,231,4.74,STR-416443,Roslindale,16,2.0,Roslindale private 1st floor 2 bedroom apartment,0,t,0,0.0,1
165.0,101,42.35191,-71.06988,Entire home/apt,91,364,4.78,none,Downtown,1,0.0,Beautfiul Back Bay Loft with Amazing Views,0,f,0,0.0,0
126.0,178,42.38379,-71.0783,Private room,1,252,4.74,STR-383107,Charlestown,12,2.0,2 beds Garden Apt-calm oasis next to T stop -3 min,10,t,60,7560.0,1
190.0,11,42.2355,-71.13134,Entire home/apt,29,284,5.0,none,Hyde Park,11,4.0,3bd 2 bath Boston  w/parking & office,2,f,116,22040.0,0
77.0,107,42.32676,-71.09364,Private room,6,15,4.93,STR-541538,Roxbury,1,1.0,Modern Brownstone - walk to Longwood Medical Area!,14,t,168,12936.0,1
51.0,4,42.28732,-71.06625,Private room,30,361,4.25,none,Dorchester,27,1.0,Quiet & Perfect Location Near The Red Line!,1,f,60,3060.0,0
195.0,153,42.35349,-71.07595,Entire home/apt,29,292,4.88,none,Back Bay,1,0.0,"Stylish, Best Location Back Bay Studio!",2,f,116,22620.0,0
60.0,3,42.38191,-71.07865,Private room,29,197,5.0,STR-383106,Charlestown,12,1.0,Large bedroom- easy access to Boston and Cambridge,0,t,0,0.0,1
67.0,108,42.38183,-71.07888,Private room,1,288,4.82,STR-383107,Charlestown,12,1.0,Next to T stop-10 min to downtown Boston/Cambridge,13,t,78,5226.0,1
39.0,3,42.31341,-71.09356,Private room,100,365,5.0,none,Roxbury,31,1.0,"Renovated, Clean, Quiet & Safe Near Orange Line",0,f,0,0.0,0
105.0,120,42.324315539246854,-71.09195369415323,Private room,2,286,4.96,STR-470759,Roxbury,1,1.0,"Charming, Quiet Fort Hill One-Bedroom",13,f,78,8190.0,1
192.0,105,42.30745,-71.11043,Entire home/apt,4,265,4.9,STR-436507,Jamaica Plain,1,2.0,Maria's JP Rental - Boston Duplex in Jamaica Plain,20,t,160,30720.0,1
232.0,66,42.33509,-71.0288,Entire home/apt,2,305,4.91,STR-523715,South Boston,1,1.0,South Boston. Minutes away from Convention Center,16,f,96,22272.0,1
192.0,204,42.32036,-71.10403,Entire home/apt,3,320,4.86,STR-544846,Jamaica Plain,1,2.0,1st Flr 2BR unit with parking + steps from train,64,t,255,48960.0,1
500.0,5,42.29506,-71.15325,Private room,91,90,4.8,none,West Roxbury,1,1.0,Quiet stay in a Brookline Village,0,f,0,0.0,0
256.0,327,42.3237,-71.09514,Entire home/apt,2,254,4.98,STR-545299,Roxbury,1,2.0,A Victorian Secret AMAZING apt.  in Historic Home,57,f,255,65280.0,1
491.0,139,42.31057,-71.06361,Entire home/apt,2,202,4.82,STR-413523,Dorchester,7,3.0,Boston retreat near Train DowntownFenway  Freeprk,11,f,66,32406.0,1
39.0,3,42.31313,-71.09335,Private room,91,365,5.0,none,Roxbury,31,2.0,Renovated House Clean room,0,f,0,0.0,0
42.0,11,42.30042,-71.0642,Private room,30,339,4.73,none,Dorchester,27,1.0,Reasonable  Place for your stay near the T Lines!,0,f,0,0.0,0
45.0,17,42.30042,-71.06435,Private room,30,323,4.71,none,Dorchester,27,1.0,Right location & Private Room w/ Airbed Near T!,1,f,60,2700.0,0
283.0,113,42.30817,-71.11114,Entire home/apt,29,33,4.86,STR-484090,Jamaica Plain,1,3.0,Beautifully renovated apartment in the trees,8,f,255,72165.0,1
39.0,2,42.31341,-71.09358,Private room,150,180,5.0,none,Roxbury,31,2.0,Renovated Clean Quiet House near Orange line,0,f,0,0.0,0
123.0,387,42.28499,-71.06211,Private room,2,128,4.98,STR-536324,Dorchester,1,1.0,"Entire floor, private bath, 2 mins walk to subway",35,t,210,25830.0,1
193.0,293,42.31299,-71.11876,Entire home/apt,3,334,4.97,STR-446068,Jamaica Plain,1,1.0,Private & serene getaway in beautiful JP,34,t,204,39372.0,1
338.0,287,42.34566,-71.07433,Entire home/apt,3,85,4.98,STR-390973,South End,1,1.0,S End/B Bay border! Copley Location- Perfect 1 Br,21,t,126,42588.0,1
153.0,159,42.32852,-71.09581,Entire home/apt,91,266,4.72,none,Roxbury,5,1.0,Room for up to 4 in Updated 1 BR apt by T!,0,t,0,0.0,0
279.0,317,42.34903,-71.062,Entire home/apt,3,244,4.7,STR-414537,Chinatown,4,2.0,"NEW 2nd Floor, 2BR Downtown Boston",37,f,222,61938.0,1
301.0,282,42.3503,-71.06037,Entire home/apt,3,187,4.74,STR-414541,Chinatown,4,2.0,"NEW 3rd Floor, 2BR Downtown Boston",44,f,255,76755.0,1
145.0,217,42.34835,-71.06039,Entire home/apt,29,259,4.8,none,Chinatown,4,1.0,NEW B 1BR Downtown Boston,2,f,116,16820.0,0
379.0,380,42.34351,-71.06889,Entire home/apt,2,207,4.96,STR-479374,South End,2,2.0,Charming South End Duplex (Pets Ok),47,t,255,96645.0,1
180.0,150,42.34986,-71.06197,Entire home/apt,29,336,4.85,none,Chinatown,4,1.0,"NEW 1st Floor, 1BR Downtown Boston",2,f,116,20880.0,0
133.0,4,42.34651,-71.08957,Entire home/apt,91,353,4.0,none,Fenway,12,0.0,Fenway/Back Bay Luxury Apt-,1,t,182,24206.0,0
302.0,358,42.33959,-71.08015,Entire home/apt,1,256,4.89,STR-397947,South End,1,1.0,Charming South-End condo with large outdoor patio,38,t,228,68856.0,1
96.0,5,42.38376,-71.07707,Private room,29,200,4.4,STR-383106,Charlestown,12,1.0,Private room-10 min to downtown15 min to Cambridge,0,t,0,0.0,1
139.0,94,42.3295,-71.08817,Entire home/apt,30,324,4.76,Exempt: This listing is a unit used for furnished institutional or business stays,Roxbury,6,1.0,"Sleek, Stylish Place | near South End",5,f,255,35445.0,1
40.0,19,42.30656,-71.07173,Private room,30,329,4.63,none,Dorchester,27,1.0,Great Location for your stay!,4,f,240,9600.0,0
412.0,122,42.3294961,-71.0881648,Entire home/apt,29,336,4.76,Exempt: This listing is a unit used for furnished institutional or business stays,Roxbury,6,4.0,Refined Oasis | near South End,0,f,0,0.0,1
162.0,217,42.3512284185588,-71.08858946710825,Entire home/apt,29,188,4.85,STR-586728,Back Bay,4,1.0,Back Bay Cozy Studio In Brownstone first floor,51,t,255,41310.0,1
130.0,15,42.36393,-71.05223,Entire home/apt,91,193,5.0,none,North End,2,2.0,North End Luxurious One Bedroom Condo up,0,f,0,0.0,0
46.0,13,42.28964,-71.06607,Private room,30,360,4.69,none,Dorchester,27,1.0,Suitable & Convenient Private Bedroom Near T!,2,f,120,5520.0,0
120.0,1,42.30133,-71.0648,Entire home/apt,30,364,3.0,none,Dorchester,27,3.0,Great 3 Bdr apartment with Airbeds!,1,f,60,7200.0,0
83.0,84,42.32938,-71.11024,Private room,29,252,4.69,none,Mission Hill,1,1.0,Master Bedroom/Private Bathroom/Mission Hill/JP,5,t,255,21165.0,0
215.0,98,42.32807,-71.09557,Entire home/apt,91,266,4.68,none,Roxbury,5,1.0,Newly Renovated 1 BR close to T & Longwood Med!,0,t,0,0.0,0
85.0,33,42.30752,-71.06525,Private room,30,364,4.61,none,Dorchester,5,1.0,#101 Boston New heating AC room 全樓禁烟讲国语,0,f,0,0.0,0
122.0,857,42.37642,-71.03784,Private room,1,363,4.89,STR-400320,East Boston,8,1.0,"★ Sunny, Spacious & Modern ★ Cleaned & Sanitized!",79,t,255,31110.0,1
300.0,73,42.37532,-71.05777,Entire home/apt,4,173,4.86,STR-525286,Charlestown,1,1.0,Sunny & spacious 1BR in historic Charlestown,0,f,0,0.0,1
56.0,132,42.32116317572481,-71.05723853260125,Private room,29,127,4.92,STR-484164,Dorchester,15,1.0,C_Large room easy commute to Boston Downtown,19,f,255,14280.0,1
36.0,2,42.30403,-71.07564,Private room,91,179,5.0,none,Dorchester,1,2.0,Boston Strong,0,f,0,0.0,0
185.0,76,42.28897,-71.06613,Entire home/apt,91,275,4.95,none,Dorchester,2,2.0,Sunny Boston Apartment,1,f,182,33670.0,0
189.0,44,42.35294,-71.13978,Private room,91,365,4.73,none,Allston,1,1.0,Twin Beds near Harvard Stadium/BU,0,f,0,0.0,0
227.0,4,42.34133,-71.14605,Entire home/apt,29,170,5.0,Exempt: This listing is a unit used for furnished institutional or business stays,Brighton,39,1.0,"Steps to public transport, Boston Coll, Roof Deck",0,f,0,0.0,1
110.0,207,42.35395,-71.16776,Private room,1,358,4.82,STR-453972,Brighton,6,1.0,The Tower Room at TPH - Boston,20,t,120,13200.0,1
39.0,1,42.31337,-71.09339,Private room,120,365,5.0,none,Roxbury,31,1.0,Near Orange Line Renovated Clean AC Easy Parking,0,f,0,0.0,0
119.0,946,42.3748,-71.03803,Private room,1,363,4.86,STR-400320,East Boston,8,1.0,★ Spacious & Modern ★ Professionally Sanitized ★,77,t,255,30345.0,1
119.0,763,42.37441,-71.03809,Private room,1,365,4.85,STR-400320,East Boston,8,1.0,"★ Modern, Cozy & Convenient ★ Close to Downtown!",79,t,255,30345.0,1
122.0,804,42.37612,-71.03807,Private room,1,365,4.91,STR-400320,East Boston,8,1.0,★Clean | Cozy Bedroom - Close to Subway & Airport★,89,t,255,31110.0,1
189.0,144,42.35318,-71.07904,Entire home/apt,30,178,4.85,STR-398563,Back Bay,1,0.0,Newly Remodeled Studio in Back Bay - River View,2,t,120,22680.0,1
72.0,106,42.29189,-71.0574,Private room,29,238,4.79,STR-397983,Dorchester,3,1.0,"M&R - Private Bdrm Living Room, Bathroom & Parking",2,t,116,8352.0,1
50.0,17,42.31737,-71.09498,Private room,90,292,4.76,Exempt: This listing is a unit used for furnished institutional or business stays,Roxbury,2,1.0,"Spacious, stylish, modern apartment on Orange Line",2,t,255,12750.0,1
152.0,962,42.29402,-71.06196,Private room,1,106,4.98,str-482961,Dorchester,3,1.0,"◇Cape Cod Suite, with Private Bath ◇",108,t,255,38760.0,1
50.0,1,42.39031,-71.00178,Private room,91,364,1.0,none,East Boston,4,1.0,Logan Intl Airport - Boston I,1,f,182,9100.0,0
50.0,4,42.38917,-71.00362,Private room,91,365,4.0,none,East Boston,4,1.0,Boston - Logan Intl Airport III,0,f,0,0.0,0
116.0,20,42.29486,-71.15989,Entire home/apt,91,256,4.95,none,West Roxbury,1,1.0,Spacious pet friendly 1BD APT w/ Devoted Entrance.,2,f,255,29580.0,0
110.0,95,42.27801,-71.13446,Private room,2,363,4.72,STR-401632,Roslindale,2,1.0,Unwind from Boston in Comfy/Spacious PrivateRm,3,f,18,1980.0,1
110.0,240,42.35418,-71.16776,Private room,1,348,4.82,STR-453972,Brighton,6,1.0,The Sunset Room at TPH - Boston,15,t,90,9900.0,1
124.0,100,42.35401,-71.16776,Private room,1,358,4.8,STR-453972,Brighton,6,1.0,The King's Room at TPH - Boston,6,t,36,4464.0,1
115.0,115,42.35401,-71.16776,Private room,1,309,4.76,STR-453972,Brighton,6,1.0,The Pistachio Room at TPH - Boston,7,t,42,4830.0,1
110.0,120,42.35457,-71.16684,Private room,1,360,4.94,STR-453972,Brighton,6,1.0,The In & Out Room at TPH - Boston,11,t,66,7260.0,1
58.0,8,42.3165,-71.09563,Private room,60,292,4.5,STR-424669,Roxbury,2,1.0,"Stylish, modern duplex near Orange Line, Downtown",0,t,0,0.0,1
501.0,31,42.30308,-71.13398,Entire home/apt,3,16,4.97,STR-398981,Jamaica Plain,1,4.0,"Large, sunny hilltop home, nature lovers' paradise",10,t,60,30060.0,1
104.0,108,42.32424,-71.10748,Private room,29,82,4.89,STR-414742,Jamaica Plain,9,1.0,Private Room in very spacious JP House.( Lilac Rm),2,t,116,12064.0,1
154.0,917,42.29366,-71.06422,Private room,1,70,4.99,STR-482961,Dorchester,3,1.0,"◇Cozy Townhouse Suite, with Private Bath ◇",100,t,255,39270.0,1
66.0,217,42.31343,-71.05495,Private room,1,333,4.85,STR-523314,Dorchester,1,2.0,Private Room 3 Min Walk to Savin Hill Subway Stop,30,t,180,11880.0,1
207.0,111,42.37579,-71.04981,Entire home/apt,2,310,4.79,STR-416892,Charlestown,3,1.0,Fun Houseboat,10,f,60,12420.0,1
39.0,2,42.31343,-71.0935,Private room,150,365,5.0,none,Roxbury,31,2.0,"Renovated House, Sunny & Clean room, New Window AC",0,f,0,0.0,0
270.0,439,42.3798,-71.0347,Entire home/apt,1,304,4.89,STR-398048,East Boston,3,3.0,Country Style.Boston Logan Airport & Train 3 bed.,46,t,255,68850.0,1
50.0,1,42.38832,-71.00145,Private room,91,365,5.0,none,East Boston,4,1.0,Logan Intl Airport - Boston II,0,f,0,0.0,0
215.0,136,42.35956,-71.07184,Entire home/apt,1,174,4.6,Exempt: This listing is a hotel or motel,Beacon Hill,57,1.0,"Beacon Hill, J. Miller Flats - Studio Flat #9",11,f,66,14190.0,1
225.0,202,42.36645,-71.0298,Entire home/apt,4,116,4.95,STR-590827,East Boston,1,3.0,Family Home + Near Downtown + Cool Backyard!,39,t,255,57375.0,1
289.0,204,42.35161,-71.06457,Entire home/apt,29,323,4.81,Exempt: This listing is a unit used for furnished institutional or business stays,Downtown,3,1.0,T Downtown - Boston Common (longterm5),0,t,0,0.0,1
154.0,162,42.33209,-71.1015,Private room,2,252,4.76,STR-434886,Mission Hill,4,1.0,Large clean private room close to downtown,17,t,102,15708.0,1
77.0,44,42.27971662193148,-71.16043239547865,Private room,5,355,4.95,STR-520919,West Roxbury,5,1.0,Boston step a train&bus  beautiful house,10,t,100,7700.0,1
114.0,122,42.29031,-71.06681,Entire home/apt,29,88,4.7,Exempt: This listing is a unit used for furnished institutional or business stays,Dorchester,2,2.0,Classic New England apartment on MBTA Red line,5,t,255,29070.0,1
130.0,146,42.35397,-71.16775,Private room,1,355,4.82,STR-453972,Brighton,6,1.0,The Sanctuary Room at TPH - Boston,10,t,60,7800.0,1
101.0,143,42.31387,-71.10864,Entire home/apt,2,26,4.95,str-460147,Jamaica Plain,2,0.0,Quirky studio in Jamaica Plain,24,t,144,14544.0,1
160.0,216,42.3494,-71.09566,Entire home/apt,29,346,4.68,STR-521905,Fenway,20,1.0,"Free Parking at 1 Bed Basement Apt, Near BU & MIT",1,f,58,9280.0,1
185.0,97,42.34633,-71.10317,Entire home/apt,30,363,4.99,none,Fenway,4,0.0,Gorgeous Audubon Circle Studios (1),1,t,60,11100.0,0
177.0,49,42.35145,-71.06461,Entire home/apt,91,172,4.27,none,Downtown,3,0.0,COZY THEATRE DISTRICT STUDIO NEAR BOSTON COMMON,0,t,0,0.0,0
71.0,826,42.38138,-71.02312,Private room,1,127,4.88,STR-398249,East Boston,6,1.0,Shelly's Bunk Room,110,t,255,18105.0,1
615.0,173,42.33016,-71.09527,Entire home/apt,3,98,4.9,STR-446660,Roxbury,5,4.0,*Modern City Triplex!! *Close to Center,8,t,48,29520.0,1
143.0,29,42.34728,-71.07585,Entire home/apt,29,73,4.86,none,Back Bay,1,0.0,"Cozy, Bright Studio in Back Bay/South End",1,f,58,8294.0,0
184.0,96,42.35095,-71.09009,Entire home/apt,3,219,4.89,STR-447567,Fenway,2,0.0,Back Bay Apartment near MIT and Newbury Street,31,t,186,34224.0,1
379.0,104,42.31947,-71.05538,Entire home/apt,2,17,4.82,STR-422449,Dorchester,1,2.0,Beautiful condo with city benefits,17,t,102,38658.0,1
350.0,140,42.34631,-71.07188,Entire home/apt,3,153,4.99,STR-595164,South End,1,1.0,Great South End / Back Bay location! 1 bed condo,28,f,168,58800.0,1
153.0,177,42.30427,-71.06056,Entire home/apt,1,144,4.88,STR-420486,Dorchester,2,3.0,"Bright and Spacious 3 BedR., 1 bath",29,t,174,26622.0,1
67.0,42,42.3077,-71.06489,Private room,30,120,4.69,none,Dorchester,5,1.0,"#205 Boston Private Room 双床 ( females, or couple)",1,f,60,4020.0,0
137.0,83,42.31808,-71.10706,Entire home/apt,29,238,4.99,none,Jamaica Plain,2,1.0,EXTENDED STAY. VERY QUIET. SPACIOUS. NEXT TO TRAIN,5,t,255,34935.0,0
80.0,19,42.26724,-71.10521,Private room,91,179,4.26,STR-415873,Hyde Park,2,2.0,Your Other Home in a Different Town,0,f,0,0.0,1
70.0,734,42.38138,-71.02312,Private room,1,124,4.83,STR-398249,East Boston,6,1.0,Shelly's Eclectic Room,141,t,255,17850.0,1
86.0,53,42.2765,-71.07733,Private room,1,78,4.75,STR-415974,Mattapan,6,1.0,Friendly family single room,0,f,0,0.0,1
100.0,136,42.27975,-71.12545,Private room,1,317,4.87,STR-528093,Roslindale,1,1.0,Comfort and convenience in a Victorian home,24,t,144,14400.0,1
598.0,76,42.30945,-71.06212,Entire home/apt,2,316,4.72,STR-413525,Dorchester,7,5.0,Chic Retreat min2 Downtown Backyard FreePrkg,3,f,18,10764.0,1
75.0,301,42.31016,-71.05332,Private room,1,239,4.93,STR-383474,Dorchester,4,1.0,Lower level private room and bath in Savin Hill,48,t,255,19125.0,1
90.0,3,42.36657,-71.03562,Entire home/apt,29,13,5.0,STR-539299,East Boston,1,2.0,Cozy 2-bedroom condo in East Boston,1,f,58,5220.0,1
75.0,71,42.2721,-71.1081,Private room,2,364,4.79,STR-484028,Hyde Park,2,1.0,Nice  Room. Walking distance to new train Station,5,t,30,2250.0,1
109.0,224,42.30615,-71.11674,Entire home/apt,3,149,4.92,STR-383301,Jamaica Plain,1,0.0,Ann and Esther's Cozy Studio near the Heart of JP,24,t,144,15696.0,1
158.0,129,42.34737,-71.1033,Entire home/apt,30,270,4.97,none,Fenway,4,2.0,Gorgeous Audubon Circle Studios (2),5,t,255,40290.0,0
282.0,404,42.34132,-71.08615,Entire home/apt,2,234,4.95,STR-409563,Fenway,1,1.0,Symphony Place,75,t,255,71910.0,1
166.0,108,42.33041,-71.09317,Entire home/apt,30,340,4.68,Exempt: This listing is a unit used for furnished institutional or business stays,Roxbury,2,3.0,"Stylish, Comfortable Luxury | Near T",23,t,255,42330.0,1
223.0,428,42.35872,-71.1423,Entire home/apt,2,120,4.86,STR-413796,Brighton,3,3.0,3 Bedroom Apartment with Parking,38,t,228,50844.0,1
249.0,124,42.35092,-71.09394,Entire home/apt,9,341,4.57,STR-521905,Fenway,20,2.0,Free Parking 2 Bed 1 Bath Steps from BU/Kenmore,1,f,18,4482.0,1
100.0,64,42.27782,-71.13332,Private room,2,363,4.75,STR-401632,Roslindale,2,1.0,Escape Noisy Boston in Modern/Bright PrivateRoom,4,f,24,2400.0,1
76.0,67,42.27076,-71.10598,Private room,2,365,4.64,STR-484028,Hyde Park,2,1.0,Private room.  Very close to new train Station,12,t,72,5472.0,1
74.0,45,42.3595,-71.12947,Private room,91,291,4.76,none,Allston,3,1.0,Single room,0,f,0,0.0,0
74.0,40,42.35958,-71.13128,Private room,91,365,4.4,none,Allston,3,0.0,Single room,0,f,0,0.0,0
119.0,19,42.31139,-71.05494,Entire home/apt,31,87,4.63,none,Dorchester,1,4.0,Minutes to Downtown Boston,1,t,62,7378.0,0
50.0,10,42.30429,-71.07436,Private room,30,339,4.9,none,Dorchester,27,1.0,Near the Red & Commuter T lines!,3,f,180,9000.0,0
50.0,10,42.29097,-71.06516,Private room,30,361,4.4,none,Dorchester,27,1.0,Quick Steps to the Red Line!,1,f,60,3000.0,0
262.0,456,42.34971,-71.06862,Entire home/apt,2,116,4.82,STR-408041,Bay Village,1,1.0,Private Deck! Parking for Rent. Heart of Boston.,67,t,255,66810.0,1
189.0,506,42.33451,-71.02731,Entire home/apt,2,201,4.97,STR-398624,South Boston,3,0.0,History BCEC Cruise Beach Pvt Bath/Entry King Bed,56,t,255,48195.0,1
134.0,471,42.34745,-71.14036,Entire home/apt,1,326,4.5,STR-446839,Allston,1,1.0,Boston/Brookline Private 1 BR/Bath w/ Free Parking,62,f,255,34170.0,1
366.0,243,42.3440581,-71.0700076,Entire home/apt,3,282,4.99,STR-545132,South End,2,1.0,Astonishing 1 Bed South End Boston's Best Location,28,t,168,61488.0,1
190.0,64,42.35748,-71.06156,Entire home/apt,29,232,4.97,none,Downtown,1,1.0,Beacon Hill Designer Suite with Roof deck,6,t,255,48450.0,0
120.0,3,42.34651,-71.0899,Entire home/apt,32,295,5.0,none,Fenway,8,0.0,LUXURY BACK BAY STUDIO NEAR BERKLEY & Northeastern,1,f,64,7680.0,0
130.0,2,42.36048,-71.06898,Entire home/apt,32,323,4.0,none,Beacon Hill,8,0.0,"APRIL- Discounted-Beacon Hill-walk to MGH, subway.",0,f,0,0.0,0
127.0,43,42.33623,-71.05418,Entire home/apt,91,90,4.81,none,South Boston,3,4.0,Minion? *Family*Tourist/Convention/Subway 130-1,0,f,0,0.0,0
43.0,37,42.29093,-71.06551,Private room,91,276,4.51,none,Dorchester,8,2.0,Spacious for Friendly Female Roommates all utility,0,t,0,0.0,0
160.0,183,42.34979,-71.08262,Entire home/apt,1,314,4.63,STR-445401,Back Bay,87,0.0,Newbury St Vibes - The Best of Boston Right Here#9,14,f,84,13440.0,1
70.0,116,42.31977,-71.09202,Private room,30,194,4.96,none,Roxbury,1,1.0,Entire 1-bedroom Apartment Near Downtown/Longwood,3,t,180,12600.0,0
308.0,164,42.34351,-71.15211,Entire home/apt,2,209,4.97,STR-400150,Brighton,1,2.0,"Clean, spacious condo just steps from the MBTA",7,t,42,12936.0,1
202.0,5,42.35144,-71.08725,Entire home/apt,32,308,4.6,none,Back Bay,8,0.0,"Back Bay studio- Close to Northeastern, colleges..",1,f,64,12928.0,0
122.0,70,42.36441,-71.0686,Private room,29,297,4.91,STR-531644,West End,3,1.0,"Private High-Rise, River-View Bedroom by MGH/MEEI",13,t,255,31110.0,1
167.0,287,42.29286,-71.07486,Private room,4,168,4.83,STR-445530,Dorchester,1,2.0,Angela’s Comfy 1BR,12,t,96,16032.0,1
130.0,2,42.35078,-71.08389,Entire home/apt,32,240,4.5,none,Back Bay,8,1.0,BACK BAY ONE BEDROOM ON COMMONWEALTH AVE-MONTHLY,1,f,64,8320.0,0
140.0,1,42.29121,-71.06763,Entire home/apt,30,364,5.0,none,Dorchester,27,3.0,Ideal 3 BDR to stay by the Red Line!,0,f,0,0.0,0
185.0,64,42.31345,-71.05631,Entire home/apt,1,267,4.81,STR-423861,Dorchester,4,2.0,Large apartment for up to 8 ppl/1st floor,20,t,120,22200.0,1
194.0,53,42.31345,-71.05631,Entire home/apt,1,270,4.83,STR-423861,Dorchester,4,2.0,Large apartment for up to 8 ppl/2nd floor,23,t,138,26772.0,1
176.0,80,42.31345,-71.05631,Entire home/apt,1,254,4.85,STR-423861,Dorchester,4,2.0,Large apartment for up to 8 ppl/3rd floor,22,t,132,23232.0,1
1500.0,11,42.34956359863281,-71.08756256103516,Entire home/apt,4,271,5.0,STR-544954,Back Bay,1,4.0,Beautiful Back Bay Duplex rental,1,f,8,12000.0,1
59.0,20,42.38356,-71.07874,Private room,29,91,4.85,none,Charlestown,12,1.0,Comfy room 3 min to T stop-easy access to Boston,2,t,116,6844.0,0
209.0,154,42.3058984,-71.12495179999999,Entire home/apt,3,230,4.92,STR-461050,Jamaica Plain,1,2.0,Now availJamaica Plain & Arboretum 20min toBoston,25,t,150,31350.0,1
119.0,781,42.38041,-71.03189,Private room,1,363,4.9,STR-399362,East Boston,8,1.0,"★ Chic, Clean & Large ★ Professionally Cleaned! ★",99,t,255,30345.0,1
181.0,518,42.33451,-71.02731,Entire home/apt,2,171,4.97,STR-398624,South Boston,3,0.0,Boston King BCEC Beach Cruise- PVT Bath/Entry,67,t,255,46155.0,1
396.0,393,42.33712,-71.03903,Entire home/apt,1,227,4.92,STR-383143,South Boston,2,3.0,"3 BR Private Family Home, S. Boston/Seaport/BCEC",46,t,255,100980.0,1
119.0,821,42.37855,-71.03157,Private room,1,359,4.88,STR-399362,East Boston,8,1.0,"★ Clean, Modern & Bright ★ Great Location ★",95,t,255,30345.0,1
119.0,802,42.37874,-71.03119,Private room,1,350,4.88,STR-399362,East Boston,8,1.0,"★ Spacious, Modern & Comfy★Professionally Cleaned!",116,t,255,30345.0,1
119.0,664,42.38038,-71.02937,Private room,1,362,4.86,STR-399362,East Boston,8,1.0,"★ Bright, Sunny & Clean ★ Professionally Cleaned!",79,t,255,30345.0,1
50.0,2,42.35718,-71.1568,Private room,91,178,5.0,none,Brighton,2,1.0,"Brighton, MA Guesthouse for rent, Unit 1 (2nd Fl)",1,t,182,9100.0,0
200.0,4,42.34291,-71.07848,Entire home/apt,29,363,4.0,STR-423341,South End,8,1.0,The Boston Christopher Grand Studio Suite,0,f,0,0.0,1
150.0,3,42.34291,-71.07848,Entire home/apt,29,347,5.0,STR-423347,South End,8,1.0,The Boston Christopher Grand Studio Suite,0,f,0,0.0,1
64.0,75,42.28497,-71.13567,Private room,2,132,4.99,STR-530774,Roslindale,2,1.0,Comfy Den w/ Bath in Rozzie - females only,33,t,198,12672.0,1
130.0,98,42.34167,-71.07539,Entire home/apt,29,129,4.78,STR-413762,South End,1,0.0,Stunning South End Loft! Walk to Restaurants,0,f,0,0.0,1
208.0,112,42.32044,-71.05603,Entire home/apt,30,314,4.81,Exempt: This listing is a unit used for furnished institutional or business stays,Dorchester,2,3.0,Bright Buttonwood House | near T,0,f,0,0.0,1
107.0,344,42.35872,-71.14229,Entire home/apt,2,179,4.74,STR-413793,Brighton,3,1.0,The Harvard Room conveniently near BC & Harvard,34,t,204,21828.0,1
112.0,370,42.35872,-71.14229,Entire home/apt,2,165,4.78,STR-413793,Brighton,3,1.0,Boston College Room conveniently near Harvard & BC,34,t,204,22848.0,1
142.0,261,42.37154,-71.03688,Entire home/apt,2,221,4.84,STR-465279,East Boston,1,1.0,Stylish garden level studio with a private patio,70,t,255,36210.0,1
90.0,45,42.36558532714844,-71.06755065917969,Private room,29,319,4.89,STR-397968,West End,3,1.0,"High-Rise, River Views, Doorman Condo by MGH/MEE",3,t,174,15660.0,1
200.0,5,42.36525,-71.05702,Entire home/apt,30,93,5.0,none,North End,1,2.0,Luxury 2BR Penthouse in heart of Boston North End,1,f,60,12000.0,0
53.0,14,42.31793,-71.09182,Private room,31,203,5.0,none,Roxbury,5,4.0,"Comfortable queen bed, high ceiling Room.",2,t,124,6572.0,0
291.0,326,42.36551,-71.05513,Entire home/apt,2,290,4.95,STR-483621,North End,1,1.0,Large 1-Bed. Condo in the Heart of the North End,49,t,255,74205.0,1
50.0,3,42.38856,-71.00168,Private room,91,364,4.67,none,East Boston,4,1.0,Boston - Logan Intl Airport I,0,f,0,0.0,0
301.0,11,42.3643198,-71.068221,Entire home/apt,90,214,5.0,STR-595461,West End,11,2.0,Lrge 2 Bed/Bath by MGH | Modern Bldg | Safe Area,1,t,180,54180.0,1
207.0,16,42.3645578,-71.0692521,Entire home/apt,30,339,4.81,STR-595462,West End,11,1.0,Large 1BD Apt by MGH | Modern Bldg I Quite | Safe,3,t,180,37260.0,1
106.0,55,42.33031,-71.09377,Entire home/apt,91,291,4.84,none,Roxbury,1,2.0,Charming Boston Condo - 5 Stars & Superhost!,1,f,182,19292.0,0
332.0,17,42.363467828454155,-71.06992638078786,Entire home/apt,30,266,5.0,STR-595468,West End,11,2.0,2bed/2bath By MGH | River View | Modern Bldg |,5,t,255,84660.0,1
221.0,30,42.3501,-71.04293,Entire home/apt,35,37,4.8,Exempt: This listing is a unit used for furnished institutional or business stays,South Boston Waterfront,2,2.0,Luxury 2 Bedrooms Apartment,0,f,0,0.0,1
49.0,24,42.32564,-71.09406,Private room,30,167,4.92,STR-383293,Roxbury,3,1.0,Fort Hill Top - 1Fr - Guest Rm Jamaica Plain/Roxb,4,t,240,11760.0,1
258.0,151,42.36595,-71.05406,Entire home/apt,12,281,4.79,STR-461118,North End,1,1.0,"Cozy, Modern & Central 1 bed close to waterfront.",5,f,120,30960.0,1
134.0,24,42.265997156370055,-71.1099542179841,Entire home/apt,1,332,4.63,STR-545970,Hyde Park,1,2.0,Lovely 2 bedroom apartment close to Boston,24,f,144,19296.0,1
227.0,2,42.34489,-71.09692,Entire home/apt,91,358,5.0,none,Fenway,1,1.0,Awesome condo in Fenway,0,f,0,0.0,0
326.0,18,42.3645578,-71.0692521,Entire home/apt,30,323,4.83,STR-595472,West End,11,2.0,"2Bed/2Bath, Modern Bldg  Across MGH W/D In Suite",2,t,120,39120.0,1
252.0,65,42.35385,-71.07447,Entire home/apt,29,207,4.88,none,Back Bay,1,0.0,Luxurious Back Bay Studio,3,t,174,43848.0,0
299.0,267,42.28996,-71.1459,Entire home/apt,3,202,4.99,STR-408842,West Roxbury,1,2.0,The Red Door Carriage House,27,t,162,48438.0,1
207.0,13,42.3645578,-71.0692521,Entire home/apt,75,319,4.92,STR-595473,West End,11,1.0,Lrge 1 BR Apt | River View | Modern Bldg | High Fl,2,t,255,52785.0,1
370.0,113,42.37648,-71.06444,Entire home/apt,4,12,4.96,STR-418356,Charlestown,1,2.0,Luxe Historic Elegance Overlooking Thompson Square,15,t,120,44400.0,1
207.0,21,42.36397,-71.0692,Entire home/apt,30,322,4.95,STR-595460,West End,11,1.0,Quite 1 Bd Apt by Massachusetts General Hospital,3,t,180,37260.0,1
130.0,1,42.28787,-71.06692,Entire home/apt,30,362,5.0,none,Dorchester,27,3.0,Lovely 3 Bedroom Apartment by the Red Line!,0,f,0,0.0,0
50.0,2,42.28853,-71.06631,Private room,30,328,4.5,none,Dorchester,27,1.0,Private Room & Great Location by the Red Line!,0,f,0,0.0,0
135.0,198,42.30441,-71.06202,Entire home/apt,1,89,4.8,STR-424305,Dorchester,2,3.0,Victorian 3rd Floor Unit,42,t,252,34020.0,1
202.0,19,42.35136,-71.08851,Entire home/apt,29,292,4.47,none,Back Bay,7,0.0,Back Bay Apt on Marlborough St (Hereford St block),1,f,58,11716.0,0
196.0,85,42.32586,-71.09651,Entire home/apt,28,177,4.35,STR-414837,Roxbury,4,2.0,1 Mile To Downtown Boston in a 2 Bedroom.,0,f,0,0.0,1
250.0,40,42.27467,-71.07362,Entire home/apt,29,284,4.88,STR-460948,Mattapan,1,3.0,Boston's Best Vacation Home,0,t,0,0.0,1
130.0,4,42.36547,-71.05492,Entire home/apt,32,365,4.25,none,North End,7,1.0,"North End 1 Bedroom- CLOSE MGH, Subway, Hanover St",0,f,0,0.0,0
130.0,9,42.36026,-71.07003,Entire home/apt,29,310,4.78,none,Beacon Hill,7,0.0,Beacon Hill Studio - 2 min Walk to MGH-Subway-,1,f,58,7540.0,0
152.0,150,42.31069,-71.10282,Entire home/apt,2,194,4.93,Str-545241,Jamaica Plain,5,1.0,comfortable and cozy,5,f,30,4560.0,1
130.0,173,42.29523,-71.06828,Private room,2,32,4.9,STR-383178,Dorchester,1,2.0,Melville Park Penthouse,18,f,108,14040.0,1
853.0,238,42.382173634151435,-71.07929663572756,Entire home/apt,3,277,4.92,STR-414759,Charlestown,1,5.0,Top of the World,31,t,186,158658.0,1
325.0,23,42.3649,-71.0684,Entire home/apt,75,329,4.91,STR-588935,West End,11,2.0,Sunny 2Bed Apt River View By Mass General Hospital,2,t,255,82875.0,1
414.0,283,42.33068,-71.05393,Entire home/apt,2,145,4.95,STR-518244,South Boston,1,3.0,"Beautiful, spacious South Boston Condo, Near T",40,t,240,99360.0,1
95.0,26,42.27555,-71.07597,Private room,1,261,4.81,STR-415974,Mattapan,6,1.0,Yellow Quiet room,0,f,0,0.0,1
131.0,194,42.33097,-71.10023,Private room,2,242,4.9,STR-434886,Mission Hill,4,1.0,Clean room near Longwood,32,t,192,25152.0,1
119.0,112,42.33091,-71.10255,Private room,2,227,4.84,STR-434886,Mission Hill,4,1.0,Spacious sun-filled room near Longwood,16,t,96,11424.0,1
179.0,134,42.33206,-71.10185,Private room,2,255,4.9,STR-434886,Mission Hill,4,1.0,Sunny large room with views and private bath,19,t,114,20406.0,1
99.0,124,42.34448,-71.07636,Entire home/apt,1,225,4.5,STR-441241,South End,87,1.0,"Stylish Downtown Studio in the SouthEnd, C.Ave# 24",13,f,78,7722.0,1
40.0,17,42.29015,-71.0684,Private room,91,365,4.29,none,Dorchester,8,1.0,"Perfect Location, only 3 min WALK to RED train",1,t,182,7280.0,0
130.0,223,42.31286,-71.06249,Entire home/apt,2,299,4.76,STR-547060,Dorchester,3,1.0,"Sunny ocean-view suite nr subway w/kitchen, bathr.",28,t,168,21840.0,1
69.0,901,42.38136,-71.0231,Private room,1,116,4.87,STR-398249,East Boston,6,1.0,Shelly's Place Cozy,136,t,255,17595.0,1
207.0,87,42.35013,-71.08911,Entire home/apt,29,324,4.76,STR-391273,Back Bay,2,0.0,Back Bay Apartment near MIT and Newbury Street - G,0,t,0,0.0,1
76.0,117,42.27546,-71.16958,Private room,3,330,4.92,STR-532119,West Roxbury,2,1.0,Modern Basement with Convenient Transportation,21,t,126,9576.0,1
210.0,360,42.37708,-71.0604,Entire home/apt,2,133,4.92,STR-515663,Charlestown,1,1.0,Luxurious Home in Boston's Historic Charlestown,52,t,255,53550.0,1
40.0,8,42.29165,-71.06782,Private room,91,90,4.75,none,Dorchester,8,1.0,Perfect Location in an All Female's Floor,0,t,0,0.0,0
97.0,477,42.36779,-71.03897,Private room,2,36,4.73,STR-398959,East Boston,3,4.0,"#3 Maverick MBTA clean, comfy private room",46,f,255,24735.0,1
99.0,478,42.36805,-71.03759,Private room,2,39,4.7,STR-398959,East Boston,3,1.0,"#2 Maverick MBTA clean, comfy, private Room",52,f,255,25245.0,1
49.0,11,42.29183,-71.06784,Private room,91,365,4.73,none,Dorchester,8,1.0,Newly renovated Female floor Center of Boston,0,t,0,0.0,0
119.0,87,42.31522,-71.11218,Private room,4,23,5.0,STR-511486,Jamaica Plain,1,2.0,2 sunny guest rooms in 1920s flat amid parks+cafés,11,t,88,10472.0,1
333.0,229,42.34226,-71.07881,Entire home/apt,2,117,4.94,STR-405587,South End,1,1.0,SouthEnd Penthouse,47,t,255,84915.0,1
458.0,411,42.35529,-71.06087,Entire home/apt,2,327,4.98,STR-413172,Downtown,2,1.0,"Naturally Lit, Modern Loft in Heart of Downtown!",50,t,255,116790.0,1
85.0,27,42.28023,-71.16944,Private room,91,365,4.85,STR-460484,West Roxbury,1,1.0,Comfortable & Convenient in Boston w Free Parking!,0,f,0,0.0,1
270.0,320,42.378841,-71.034821,Entire home/apt,1,297,4.89,STR-398048,East Boston,3,2.0,BOSTON LOFT FARM HOUSE /LOGAN AIRPORT&TRAIN,56,t,255,68850.0,1
525.0,79,42.31122,-71.06178,Entire home/apt,2,320,4.71,STR-413525,Dorchester,7,5.0,Groupstay w/firepit mins2Downtown Fenway FreePrkg,6,f,36,18900.0,1
56.0,118,42.32243,-71.05676,Private room,29,196,4.79,STR-484164,Dorchester,15,1.0,A_Spacious room easy commute to Boston Downtown.,22,f,255,14280.0,1
35.0,9,42.29188,-71.12154,Private room,29,235,4.56,none,Roslindale,3,1.0,Comfortable and clean  house near Arnold Arboretum,4,f,232,8120.0,0
130.0,1,42.36636,-71.05428,Entire home/apt,32,365,5.0,none,North End,12,1.0,The North End Nook   -Walk to MGH Tufts Subway,0,t,0,0.0,0
211.0,120,42.28975,-71.0782,Entire home/apt,29,238,4.77,STR-420519,Dorchester,2,3.0,Stylish 2nd floor w/balcony•free parking,0,f,0,0.0,1
122.0,95,42.27808,-71.08717,Private room,2,179,4.84,STR-445640,Mattapan,5,1.0,Bina’s Home away from Home 3,7,t,42,5124.0,1
90.0,4,42.32188,-71.11647,Private room,91,185,4.5,none,Jamaica Plain,1,0.0,Spacious room in beautiful apartment,0,f,0,0.0,0
200.0,93,42.33175,-71.04824,Private room,1,31,4.94,STR-519059,South Boston,1,0.0,Southie Home | Walk to Beach | with Patio,11,t,66,13200.0,1
140.0,58,42.34207,-71.069,Entire home/apt,29,301,4.97,none,South End,2,1.0,"Classy, Cozy South End Unit",3,t,174,24360.0,0
325.0,134,42.34291,-71.07301,Entire home/apt,2,166,4.86,none,South End,7,1.0,"The Upton - The Upton Boston, South End",23,t,138,44850.0,0
74.0,846,42.38137,-71.02311,Private room,1,93,4.84,STR-398249,East Boston,6,1.0,Shelly's Swan Room,140,t,255,18870.0,1
64.0,60,42.25038,-71.11733,Entire home/apt,29,68,4.67,none,Hyde Park,8,1.0,Apartment near transit/free parking/self check-in,6,t,255,16320.0,0
40.0,6,42.29027,-71.06673,Private room,91,170,5.0,none,Dorchester,8,1.0,COLLEGE STUDENTS are welcome 3 MINS walk to train,0,t,0,0.0,0
129.0,272,42.332897,-71.039543,Private room,2,170,4.99,STR-540793,South Boston,1,1.0,Beautiful South Boston Private Space in Condo,40,t,240,30960.0,1
161.0,427,42.34637,-71.07145,Private room,1,64,4.89,STR-545901,South End,3,1.0,Classic Boston Brownstone - Walk to Everything,55,f,255,41055.0,1
100.0,382,42.36908,-71.03937,Private room,2,60,4.7,STR-576262,East Boston,3,1.0,"#1 Maverick MBTA clean, comfy, private room",34,f,204,20400.0,1
214.0,428,42.32685,-71.09683,Entire home/apt,2,115,4.93,STR-544885,Roxbury,1,2.0,Sunny & Cozy 2 BR Apt in Boston. 15 min to DWTN,61,t,255,54570.0,1
83.0,63,42.36044,-71.14057,Private room,1,350,4.89,STR-409596,Brighton,6,1.0,Hola Joy  2,19,f,114,9462.0,1
94.0,49,42.36015,-71.14233,Private room,1,364,4.84,STR-409596,Brighton,6,1.0,Hola Joy 3,10,f,60,5640.0,1
201.0,19,42.33351,-71.10182,Entire home/apt,30,307,4.68,Exempt: This listing is a unit used for furnished institutional or business stays,Mission Hill,11,2.0,"2 Bed Apt By Boston Childrens Hosptial, Brigham Hp",0,t,0,0.0,1
248.0,347,42.32489,-71.09417,Entire home/apt,2,209,4.97,STR-545072,Roxbury,1,2.0,Light-Filled Luxury Apartment with View,67,t,255,63240.0,1
150.0,263,42.34504,-71.07375,Private room,1,66,4.93,STR-545901,South End,3,1.0,Perfect Room in the South End for solo adventurer,48,f,255,38250.0,1
197.0,162,42.35034,-71.0619,Entire home/apt,91,206,4.65,STR-399153,Chinatown,4,2.0,"Downtown Boston, Near South Station Bus Terminal",14,f,255,50235.0,1
68.0,74,42.32192,-71.07855,Private room,2,360,4.61,STR-415018,Roxbury,7,1.0,Alaska Street R53,14,f,84,5712.0,1
38.0,36,42.25147,-71.11579,Private room,29,78,4.94,none,Hyde Park,8,1.0,"Spacious room, near transit, keyless self check-in",6,t,255,9690.0,0
38.0,41,42.25134,-71.11621,Private room,29,55,4.83,none,Hyde Park,8,1.0,"Room near MBTA transit, Keyless self check-in",6,t,255,9690.0,0
336.0,10,42.3643198,-71.068221,Entire home/apt,75,258,4.6,STR-595459,West End,11,2.0,Large 2 Bed/ 2 Bath | Modern Building | Across MGH,3,t,255,85680.0,1
65.0,19,42.27658,-71.13304,Private room,29,89,4.84,STR-416449,Roslindale,16,1.0,Roslindale 1st flr private room full bed 2 guests,0,t,0,0.0,1
140.0,68,42.27844,-71.08499,Private room,2,180,4.88,STR-445640,Mattapan,5,1.0,Bina’s Home Away from Home Cozy Master Suite,8,t,48,6720.0,1
150.0,72,42.27684,-71.0851,Private room,2,38,4.88,STR-445640,Mattapan,5,1.0,Bina’s Home away from Home 2,0,t,0,0.0,1
163.0,371,42.34121,-71.15163,Entire home/apt,2,161,4.85,STR-544907,Brighton,1,1.0,Boston guest suite,42,t,252,41076.0,1
301.0,6,42.3645578,-71.0692521,Entire home/apt,30,310,5.0,STR-595469,West End,11,2.0,Large Modern 2 Bed Apt 2 Bath By MGH W/D in Suite,0,t,0,0.0,1
135.0,78,42.27726,-71.08517,Private room,2,180,4.83,STR-445640,Mattapan,5,1.0,Bina’s Home away from home 6,5,t,30,4050.0,1
168.0,125,42.27595,-71.07805,Entire home/apt,2,5,4.92,STR-445592,Mattapan,1,2.0,Lower Mills Guest Suite,14,t,84,14112.0,1
66.0,39,42.320481,-71.090593,Private room,29,362,4.85,STR-398672,Roxbury,2,1.0,La Casa Boheme - Upstairs First Bedroom,4,t,232,15312.0,1
338.0,1,42.34992,-71.06943,Entire home/apt,32,39,5.0,none,Bay Village,369,1.0,"Blueground | Back Bay, gym, nr the common",0,f,0,0.0,0
49.0,20,42.25086,-71.11469,Private room,29,307,4.9,STR-416718,Hyde Park,5,1.0,"Mount Restwell, Serenity Vicinity",1,f,58,2842.0,1
78.0,50,42.35843,-71.14083,Private room,1,355,4.76,STR-409596,Brighton,6,1.0,Hola Joy 1,13,f,78,6084.0,1
75.0,73,42.32045,-71.07794,Private room,2,360,4.58,STR-415018,Roxbury,7,1.0,Alaska Street R43,13,f,78,5850.0,1
220.0,67,42.336525,-71.054451,Entire home/apt,2,89,4.78,STR-544891,South Boston,1,1.0,Simple South Boston Stays (entire place),9,t,54,11880.0,1
96.0,133,42.38793,-71.00376,Private room,1,56,4.78,STR-479029,East Boston,1,0.0,Special and Breathtaking East Boston studio,51,t,255,24480.0,1
85.0,81,42.36203,-71.14292,Private room,29,364,4.96,STR-410791,Brighton,1,1.0,Brighton,1,f,58,4930.0,1
75.0,703,42.38237,-71.02006,Private room,1,68,4.89,STR-439433,East Boston,3,1.0,"15min T to Downtown, Walk to airport & subway",93,t,255,19125.0,1
66.0,106,42.27125,-71.14898,Private room,1,243,4.77,STR-443076,West Roxbury,4,1.0,ROOM B,14,t,84,5544.0,1
66.0,87,42.27184,-71.1511,Private room,1,268,4.76,STR-443076,West Roxbury,4,4.0,ROOM A,11,t,66,4356.0,1
66.0,115,42.27302,-71.14923,Private room,1,261,4.7,STR-443076,West Roxbury,4,1.0,ROOM C,7,t,42,2772.0,1
66.0,137,42.27163,-71.14922,Private room,1,218,4.62,STR-443076,West Roxbury,4,1.0,Room D,19,t,114,7524.0,1
136.0,183,42.31883,-71.10693,Entire home/apt,2,23,4.9,STR-547448,Jamaica Plain,1,1.0,Artistic charm in hip J.P.,28,t,168,22848.0,1
311.0,97,42.31203,-71.10278,Entire home/apt,90,280,4.89,STR-445634,Jamaica Plain,2,2.0,"Leafy & Tranquil, Artist house. Easy access Boston",12,t,255,79305.0,1
251.0,167,42.31203,-71.10278,Entire home/apt,1,365,4.95,STR-443588,Jamaica Plain,2,1.0,"Skylit Suite in Musical home, easy access Boston",30,t,180,45180.0,1
637.0,66,42.31075,-71.11519,Entire home/apt,3,41,4.94,STR-515348,Jamaica Plain,1,4.0,Luxurious Victorian Carriage House,20,t,120,76440.0,1
40.0,14,42.3499,-71.17241,Private room,29,300,5.0,STR-414615,Brighton,1,1.0,Carols place in Brighton,0,f,0,0.0,1
248.0,144,42.33176,-71.04427,Entire home/apt,29,257,4.53,STR-393234,South Boston,1,4.0,Upper Duplex Penthouse with Water View,4,f,232,57536.0,1
145.0,408,42.33451,-71.02733,Entire home/apt,2,171,4.96,STR-398624,South Boston,3,0.0,Paul Revere Suite PVT Entry/BATH QN Bed Sparkling,49,t,255,36975.0,1
90.0,1,42.35198,-71.07777,Entire home/apt,91,364,5.0,none,Back Bay,7,0.0,Back Bay studio on Marlborough St (91 night min),0,f,0,0.0,0
346.0,5,42.3294961,-71.0881648,Entire home/apt,29,308,5.0,Exempt: This listing is a unit used for furnished institutional or business stays,Roxbury,6,3.0,Charming Upscale Duplex | near T,0,f,0,0.0,1
237.0,81,42.3295,-71.08817,Entire home/apt,30,316,4.68,Exempt: This listing is a unit used for furnished institutional or business stays,Roxbury,6,2.0,Cozy Apartment | near T,0,f,0,0.0,1
278.0,463,42.35152,-71.08606,Entire home/apt,2,18,4.96,STR-408931,Back Bay,1,1.0,Cozy Back Bay Boston Retreat!,74,t,255,70890.0,1
229.0,424,42.34867,-71.06685,Entire home/apt,1,206,4.8,STR443370,Bay Village,1,2.0,"Spectacular, luxury Bay Village/Back Bay Condo",64,f,255,58395.0,1
61.0,16,42.35188,-71.15245,Private room,29,182,5.0,none,Brighton,3,1.0,Rose Room/Harvard Business School/free parking早餐方便,3,f,174,10614.0,0
125.0,85,42.27852,-71.08658,Private room,2,179,4.78,STR-445640,Mattapan,5,1.0,Bina’s Home away from home  5,6,t,36,4500.0,1
258.0,84,42.35006,-71.07858,Hotel room,1,141,4.76,Exempt: This listing is a hotel or motel,Back Bay,5,1.0,"Charlesmark, boutique hotel room in Copley Square",0,f,0,0.0,1
66.0,142,42.3225,-71.05734,Private room,29,136,4.84,STR-455882,Dorchester,15,1.0,H_Sunny room easy commute to Boston Downtown.,27,f,255,16830.0,1
63.0,27,42.35398,-71.15464,Private room,29,129,4.85,STR-411240,Brighton,3,1.0,Lily Room/Harvard Business School/free parking+早餐,2,f,116,7308.0,1
72.0,27,42.35227,-71.15464,Private room,29,307,4.81,STR-411240,Brighton,3,1.0,Sunflower Room/Harvard Business School/ Parking+早餐,2,f,116,8352.0,1
265.0,76,42.3452,-71.07911,Entire home/apt,1,310,4.29,Exempt: This listing is a hotel or motel,Back Bay,7,0.0,Copley House Queen Studio,13,f,78,20670.0,1
315.0,58,42.31031,-71.1027,Entire home/apt,2,268,4.95,STR-545241,Jamaica Plain,5,4.0,Victorian house comfortable and cozy,12,f,72,22680.0,1
269.0,90,42.35006,-71.07858,Hotel room,1,141,4.77,Exempt: This listing is a hotel or motel,Back Bay,5,1.0,"A Boutique Hotel Room in Copley, Charlesmark Hotel",0,f,0,0.0,1
289.0,40,42.35006,-71.07858,Hotel room,1,141,4.85,Exempt: This listing is a hotel or motel,Back Bay,5,1.0,Queen Size Bed Boutique Hotel @ The Charlesmark,0,f,0,0.0,1
285.0,10,42.35006,-71.07858,Hotel room,1,141,4.6,Exempt: This listing is a hotel or motel,Back Bay,5,1.0,The Charlesmark Hotel Premium Queen Copley Square,0,f,0,0.0,1
281.0,13,42.34458,-71.08019,Entire home/apt,1,319,4.38,Exempt: This listing is a hotel or motel,Back Bay,7,0.0,Copley House King Studio,1,f,6,1686.0,1
193.0,96,42.29379,-71.15963,Entire home/apt,1,120,4.92,STR-548105,West Roxbury,1,2.0,"Sleeps 4, comfortable apt. in quiet Boston suburb",45,t,255,49215.0,1
53.0,48,42.29606,-71.11295,Private room,91,365,4.85,none,Jamaica Plain,2,1.0,"Bed, Bath and Beyond in Jamaica Plain",0,f,0,0.0,0
48.0,49,42.2979,-71.1115,Private room,91,365,4.88,none,Jamaica Plain,2,1.0,"Bed, Bath and Beyond II in Jamaica Plain",0,f,0,0.0,0
80.0,199,42.27435,-71.09402,Private room,29,269,4.85,STR-399036,Mattapan,2,1.0,Karlie’s Place #2,0,f,0,0.0,1
362.0,1,42.34992,-71.06943,Entire home/apt,32,308,5.0,none,Bay Village,369,1.0,"Blueground | Back Bay, gym, nr the common",0,f,0,0.0,0
903.0,52,42.31436,-71.05746,Entire home/apt,1,238,4.92,STR-423861,Dorchester,4,6.0,Triple Decker Guesthouse for up to 24 guests!,3,t,18,16254.0,1
274.0,1,42.34114,-71.04959,Entire home/apt,32,342,5.0,none,South Boston,369,1.0,"Blueground | South Boston, gym & doorman",1,f,64,17536.0,0
353.0,270,42.33354,-71.03916,Entire home/apt,1,227,4.85,STR-400248,South Boston,2,3.0,New 2 floor 3 BR |1 Bath Unit near Seaport/BCEC,40,t,240,84720.0,1
51.0,16,42.32663,-71.0935,Private room,30,158,5.0,STR-383293,Roxbury,3,1.0,Fort Hill top -1Bk Private Room in Brick Townhouse,3,t,180,9180.0,1
150.0,129,42.34129,-71.08766,Entire home/apt,2,77,4.81,STR-409557,Fenway,1,0.0,"Charming Studio (Fenway, Back Bay, Symphony)",51,f,255,38250.0,1
177.0,3,42.34622,-71.0904,Entire home/apt,29,333,4.33,none,Fenway,7,0.0,"BACK BAY walk to Berklee, Northeastern, Newbury St",0,f,0,0.0,0
67.0,6,42.27654,-71.0775,Private room,2,230,4.33,STR-415974,Mattapan,6,1.0,Basement room,0,f,0,0.0,1
50.0,5,42.29204115332207,-71.06699075932218,Private room,31,291,5.0,none,Dorchester,5,1.0,A minute walk from the Red Line (Shawmut) Room 3,0,t,0,0.0,0
242.0,41,42.28974,-71.0771,Entire home/apt,2,217,4.83,STR-420519,Dorchester,2,3.0,"Stylish, 1st Floor•Free parking & close to T",18,f,108,26136.0,1
224.0,96,42.34998,-71.07855,Hotel room,1,141,4.78,Exempt: This listing is a hotel or motel,Back Bay,5,1.0,Boutique Hotel Room - Charlesmark Hotel,1,f,6,1344.0,1
39.0,20,42.2961,-71.11484,Private room,29,103,4.95,STR-397991,Jamaica Plain,1,2.0,"Bedroom in a sunny, cozy, + colorful JP apartment",0,f,0,0.0,1
93.0,26,42.36935,-71.03215,Entire home/apt,29,121,5.0,none,East Boston,4,1.0,"East Boston- Newly Renovated, Prof. Clean, 1bd Apt",4,t,232,21576.0,0
102.0,227,42.31586,-71.06827,Private room,1,261,4.97,STR-445535,Dorchester,3,1.0,A bit of France in Boston,46,t,255,26010.0,1
129.0,28,42.30082,-71.08595,Entire home/apt,29,168,4.43,STR-419049,Dorchester,12,1.0,Bright Newly Renovated 1 Bed Near Franklin Park !!,0,f,0,0.0,1
144.0,13,42.33931,-71.15122,Entire home/apt,30,119,4.46,none,Brighton,58,1.0,109S8 | The Strathmore 8 w/AC | 1BR 1BA | Private,1,f,60,8640.0,0
171.0,87,42.355056736770834,-71.06221200170934,Entire home/apt,1,104,4.16,str-557147,Downtown,10,1.0,"Location, Your Next Trip Awaits",22,f,132,22572.0,1
145.0,69,42.355056736770834,-71.06221200170934,Entire home/apt,29,115,4.35,STR439290,Downtown,10,1.0,"Peaceful Retreat In Boston Near T, Easy Commuting!",0,f,0,0.0,1
133.0,118,42.35505676269531,-71.06221008300781,Entire home/apt,2,104,4.36,STR-557164,Downtown,10,0.0,Stylish Affordable Downtown Boston Studio!,29,f,174,23142.0,1
126.0,91,42.35505676269531,-71.06221008300781,Entire home/apt,29,88,4.31,Exempt: This listing is a unit used for furnished institutional or business stays,Downtown,10,1.0,Near T & Everything You Need!,1,f,58,7308.0,1
278.0,13,42.34918,-71.093,Entire home/apt,29,189,5.0,none,Fenway,1,2.0,Stunning BOSTON BROWNSTONE by interior designer,3,t,174,48372.0,0
155.0,22,42.3286575556131,-71.09550790861137,Entire home/apt,2,157,4.82,Str-550179,Roxbury,5,1.0,Modern 1BR - Steps to T,16,t,96,14880.0,1
77.0,226,42.30461,-71.06636,Private room,1,337,4.88,STR-402900,Dorchester,1,1.0,Charming Art Filled Victorian w/Gorgeous Bath,33,t,198,15246.0,1
267.0,238,42.3607,-71.06916,Entire home/apt,1,301,4.34,STR-458282,Beacon Hill,22,3.0,Beautiful Beacon Hill Home - Amazing Location!,38,t,228,60876.0,1
336.0,71,42.37213,-71.06123,Private room,1,159,4.87,STR-545898,Charlestown,8,1.0,"SeaClusion- Queen, Harbor View",13,t,78,26208.0,1
135.0,104,42.355056736770834,-71.06221200170934,Private room,29,100,4.62,STR439290,Downtown,10,1.0,"Boston Studio, Ready For Long & Short Stays",0,f,0,0.0,1
80.0,87,42.34904,-71.07007,Private room,2,154,4.2,Exempt: This listing is a hotel or motel,Bay Village,22,1.0,Modern Single Studio at the Heart of Boston!,21,f,126,10080.0,1
130.0,186,42.34858703613281,-71.06957244873047,Entire home/apt,3,169,4.26,Exempt: This listing is a hotel or motel,Bay Village,22,1.0,"Great For Last Minute Stays, Studio That Sleeps 3",31,f,186,24180.0,1
200.0,10,42.27855,-71.14064,Entire home/apt,29,341,4.9,none,Roslindale,2,2.0,Quiet Comfort in Boston - Large 2 Bed,1,t,58,11600.0,0
158.0,151,42.31997,-71.10617,Entire home/apt,2,151,4.86,STR-536289,Jamaica Plain,1,2.0,Beautiful home (5 minutes away from the Train.),66,t,255,40290.0,1
130.0,145,42.29595,-71.06715,Private room,2,259,4.9,STR-546443,Dorchester,2,1.0,Victorian Boston Home/NO ADDED FEES,33,t,198,25740.0,1
55.0,21,42.31507,-71.07504,Private room,29,180,4.81,str-414293,Roxbury,3,1.0,Comfort Inn in my home 2nd bedroom,1,f,58,3190.0,1
114.0,160,42.28997,-71.11321,Entire home/apt,1,250,4.79,STR-413505,Jamaica Plain,22,0.0,Super Sustainable Studio in the City,28,t,168,19152.0,1
45.0,1,42.39072,-71.00456,Private room,91,365,5.0,none,East Boston,2,1.0,Private room 2nd Floor,0,f,0,0.0,0
272.0,86,42.31638006841045,-71.07288882136345,Entire home/apt,3,343,4.78,STR-479670,Roxbury,3,2.0,Cozy & comfy in-law suite with Boston skyline view,3,t,18,4896.0,1
131.0,77,42.34688,-71.07353,Private room,1,58,4.94,STR-408224,South End,3,1.0,4th Floor room 0.5 mile to Marathon finish line,4,f,24,3144.0,1
1967.0,13,42.309845,-71.063538,Entire home/apt,2,323,4.69,STR-413525,Dorchester,7,13.0,Large Triplex Backyard near T 4 GroupsBusiness,4,f,24,47208.0,1
43.0,9,42.28983,-71.06703,Private room,91,207,5.0,none,Dorchester,8,1.0,Perfect BiG Space for Couples near Red Line,1,t,182,7826.0,0
301.0,1,42.348633,-71.074088,Entire home/apt,32,300,5.0,none,Back Bay,369,1.0,"Blueground | Back Bay, gym, doorman, nr t station",0,f,0,0.0,0
97.0,57,42.38143,-71.02315,Private room,2,172,4.89,STR-398249,East Boston,6,1.0,Shelly's Golden Room,43,t,255,24735.0,1
51.0,46,42.34293,-71.16773,Private room,29,58,5.0,STR-399235,Brighton,1,1.0,Quiet Pondside Room Near Boston College,3,f,174,8874.0,1
90.0,269,42.28986,-71.06925,Entire home/apt,29,294,4.88,STR-386945,Dorchester,3,1.0,🎖The Boiler Room | Close to Subway + Downtown🎖,9,t,255,22950.0,1
40.0,2,42.29111,-71.06451,Private room,30,306,5.0,none,Dorchester,27,1.0,Quick Walk to the Red Line!,1,f,60,2400.0,0
130.0,9,42.35923,-71.06602,Entire home/apt,29,208,5.0,none,Beacon Hill,2,1.0,Beacon Hill Home,5,t,255,33150.0,0
130.0,151,42.35157,-71.14026,Entire home/apt,30,93,4.96,STR-414674,Allston,1,2.0,"Spacious Two  Bedroom Apartment Allston, MA.",0,f,0,0.0,1
148.0,116,42.30585,-71.11294,Entire home/apt,4,182,4.99,STR-398787,Jamaica Plain,1,1.0,Printing Press Loft,19,t,152,22496.0,1
82.0,27,42.32232,-71.09491,Private room,29,270,5.0,STR-415841,Roxbury,5,1.0,*FortHill Special! Clean Comfy & Cozy Guest Suite1,0,f,0,0.0,1
74.0,110,42.32296,-71.09292,Private room,2,230,4.81,STR-545899,Roxbury,5,1.0,*FortHill Special! Clean Comfy & Cozy Guest Suite3,16,f,96,7104.0,1
139.0,87,42.32363,-71.0952,Private room,2,254,4.7,STR-545899,Roxbury,5,1.0,*FortHill Special! Clean Comfy & Cozy Guest Suite2,18,f,108,15012.0,1
317.0,309,42.35784,-71.0712,Entire home/apt,4,218,4.97,STR-414826,Beacon Hill,3,1.0,Gorgeous Beacon Hill 1BR | 1BA,55,t,255,80835.0,1
192.0,197,42.31686,-71.05746,Entire home/apt,2,270,4.76,Str-416636,Dorchester,2,2.0,1🎖Gorgeous tastefully modernized  Victorian suite,23,t,138,26496.0,1
800.0,1,42.27919,-71.16149,Private room,91,269,5.0,none,West Roxbury,3,10.0,Quiet Room in Boston #2,0,f,0,0.0,0
108.0,20,42.35987,-71.06598,Entire home/apt,29,111,4.65,Exempt: This listing is a unit used for furnished institutional or business stays,Beacon Hill,2,1.0,Beacon Hill House | MGH/MIT/Freedom Trail,0,t,0,0.0,1
223.0,2,42.3594063,-71.0674425,Entire home/apt,32,36,5.0,none,Beacon Hill,369,1.0,"Blueground | Beacon Hill, nr mass gen hospital",0,f,0,0.0,0
51.0,38,42.27012,-71.11977,Private room,1,263,4.87,STR-550744,Hyde Park,3,1.0,Cozy Bed Near Forest Hills,32,t,192,9792.0,1
111.0,62,42.32239,-71.08039,Private room,2,348,4.68,STR-415018,Roxbury,7,1.0,Alaska Street R52,11,f,66,7326.0,1
110.0,3,42.37007,-71.03829,Private room,91,365,5.0,none,East Boston,1,1.0,The blue room,0,f,0,0.0,0
225.0,181,42.31538,-71.05874,Entire home/apt,2,264,4.86,STR-416636,Dorchester,2,3.0,🎖Massive Victorian 1905 mansion❤️🤍💙go back in time,20,t,120,27000.0,1
330.0,228,42.34458,-71.08019,Entire home/apt,1,329,4.42,Exempt: This listing is a hotel or motel,Back Bay,7,1.0,Copley House 1 Bedroom Suite,26,f,156,51480.0,1
255.0,353,42.34458,-71.08019,Entire home/apt,1,295,4.56,Exempt: This listing is a hotel or motel,Back Bay,7,0.0,Copley House Budget Studio,59,f,255,65025.0,1
150.0,235,42.36138,-71.125,Private room,2,82,4.98,STR-545307,Allston,3,1.0,2)BU/Harvard/MIT/pri bath&entrnce/freeprkng/Qn bed,47,t,255,38250.0,1
239.0,163,42.34978,-71.05821,Entire home/apt,3,44,4.97,STR-413649,Downtown,1,1.0,Downtown Loft Boston - Close to everything,32,t,192,45888.0,1
76.0,34,42.31471,-71.05136,Private room,29,266,4.82,STR-408019,Dorchester,3,1.0,"Beautiful, Clean Room close to Train and Downtown",3,t,174,13224.0,1
111.0,93,42.3484001159668,-71.06946563720703,Private room,2,190,4.41,Lb-101723,Bay Village,22,1.0,Modern Efficiency Studio Awaits Your Stay!,23,f,138,15318.0,1
72.0,86,42.34827,-71.069725,Private room,2,179,4.16,LB-101773,Bay Village,22,0.0,Just Darling Efficiency Studio Awaits!,15,f,90,6480.0,1
111.0,61,42.34827423095703,-71.06961822509766,Private room,2,186,4.15,LB-101773,Bay Village,22,1.0,Explore Boston From This Central Location,6,f,36,3996.0,1
179.0,2,42.34666,-71.07425,Private room,120,180,5.0,none,South End,1,1.0,Walk to Copley or Prudential & Historic Locations,0,t,0,0.0,0
234.0,150,42.32078,-71.07481,Entire home/apt,3,319,4.75,STR-414833,Roxbury,4,3.0,"NEW! Boston Condo Near MBTA, 3 Mi to Fenway! (U2)",10,f,60,14040.0,1
150.0,260,42.3607,-71.12675,Private room,2,82,4.99,STR-545307,Allston,3,1.0,3)MIT-Harvrd-BU-pri bathrm/freeprkng/Queenbed,44,t,255,38250.0,1
120.0,273,42.36079,-71.12684,Private room,2,68,4.99,STR-545307,Allston,3,1.0,1)Harvard/MIT/BU/Priv bath&entrnce/freeprkng/Qnbed,49,t,255,30600.0,1
112.0,188,42.31163,-71.06249,Private room,29,218,4.8,STR-541492,Dorchester,7,1.0,Spacious Boston Bedroom 02,58,t,255,28560.0,1
335.0,14,42.35445,-71.06176,Private room,1,113,4.64,Exempt: This listing is a hotel or motel,Downtown,1,1.0,"The Godfrey Hotel Boston, Double Queen",1,f,6,2010.0,1
284.0,42,42.37482,-71.05098,Entire home/apt,2,303,4.88,STR-416892,Charlestown,3,1.0,"Charlestown houseboat, walk to Boston attractions",7,f,42,11928.0,1
197.0,308,42.32899,-71.09594,Entire home/apt,2,276,4.94,STR-480856,Roxbury,1,1.0,Boston Rooftop Retreat,50,t,255,50235.0,1
298.0,26,42.30713,-71.10472,Entire home/apt,29,295,4.92,Exempt: This listing is a unit used for furnished institutional or business stays,Jamaica Plain,1,4.0,Trendy Glam Oasis | near T,0,f,0,0.0,1
170.0,3,42.33487,-71.04956,Private room,29,365,4.67,STR-461452,South Boston,7,1.0,Private Master Suite & Large Livingroom in Boston,0,f,0,0.0,1
251.0,5,42.28767,-71.14229,Entire home/apt,29,95,5.0,STR-416681,Roslindale,1,4.0,"Bright, spacious, home to call home.",0,f,0,0.0,1
124.0,6,42.34152,-71.15477,Entire home/apt,29,119,5.0,Exempt: This listing is a unit used for furnished institutional or business stays,Brighton,11,0.0,"Renovated, Spacious Studio, Near BC, BU, Porch",0,f,0,0.0,1
126.0,193,42.31583,-71.06822,Private room,1,257,4.91,STR-445535,Dorchester,3,1.0,A Lovely Private Victorian Studio with Kitchenette,31,t,186,23436.0,1
72.0,19,42.3138,-71.05331,Private room,29,205,4.89,STR-408019,Dorchester,3,1.0,Elegant & Clean Room close to Subway and Downtown,0,t,0,0.0,1
271.0,2,42.34114,-71.04959,Entire home/apt,32,166,4.5,none,South Boston,369,1.0,"Blueground | S. Boston, gym & doorman, nr t",0,f,0,0.0,0
89.0,24,42.32469,-71.08392,Entire home/apt,3,6,4.88,STR-463246,Roxbury,1,2.0,"Cute, quiet 2br house near South End",1,f,6,534.0,1
168.0,21,42.36843,-71.03664,Entire home/apt,2,48,5.0,STR-528817,East Boston,1,1.0,Luxury Boston Condo,4,f,24,4032.0,1
474.0,166,42.35867,-71.0651,Entire home/apt,1,0,4.49,STR-918313,Beacon Hill,18,1.0,Sonder The Hancock | Superior 1BR Apartment,42,f,252,119448.0,1
296.0,183,42.36075,-71.06364,Entire home/apt,1,0,4.47,Exempt: This listing is a hotel or motel,Beacon Hill,18,0.0,Sonder The Hancock | Ground-Floor Full Studio,44,f,255,75480.0,1
50.0,65,42.27507,-71.13524,Private room,29,137,4.8,STR446549,Roslindale,1,1.0,Private basement guest room in a cozy home,3,f,174,8700.0,1
242.0,140,42.35462,-71.07637,Entire home/apt,3,164,4.74,STR-414144,Back Bay,1,1.0,"Charming Back Bay, Beacon St. Apt. w/ Private Roof",17,f,102,24684.0,1
216.0,1,42.34317,-71.08323,Entire home/apt,32,292,2.0,none,Back Bay,369,0.0,"Blueground | South End, laundry, nr t stops",0,f,0,0.0,0
112.0,144,42.31178,-71.06242,Private room,1,144,4.81,STR-541492,Dorchester,7,1.0,Comfortable Boston Bedroom 03,42,t,252,28224.0,1
107.0,104,42.3129,-71.06285,Private room,1,151,4.7,STR-541492,Dorchester,7,1.0,Boston Queen Bedroom 204,33,t,198,21186.0,1
40.0,3,42.33431,-71.05429,Private room,91,90,4.67,none,South Boston,3,1.0,Private bedroom in South Boston nr Downtown 130-1A,0,f,0,0.0,0
58.0,1,42.33605,-71.05349,Private room,91,90,5.0,none,South Boston,3,6.0,Private bedroom in South Boston nr Downtown 130-1C,0,f,0,0.0,0
216.0,1,42.34317,-71.08323,Entire home/apt,32,275,4.0,none,Back Bay,369,0.0,"Blueground | S. End, laundry, nr t stops",0,f,0,0.0,0
116.0,14,42.33931,-71.15122,Entire home/apt,30,343,4.57,none,Brighton,58,1.0,109S15 | The Strathmore 15 | 1BR 1B w/AC | Private,7,f,255,29580.0,0
57.0,8,42.30977,-71.06435,Private room,29,321,5.0,none,Dorchester,5,1.0,#B202 Private Room Near Umass Boston,2,f,116,6612.0,0
616.0,35,42.32295,-71.09084,Entire home/apt,2,365,4.63,STR-559197,Roxbury,1,2.0,Natural Woods Luxury Condo sound prf/Fitness HEPA.,3,t,18,11088.0,1
210.0,71,42.34364,-71.07599,Private room,3,84,4.97,STR-447997,South End,6,1.0,1863 House Bed and  Breakfast M307 Room 2,8,t,48,10080.0,1
93.0,96,42.348419,-71.069756,Private room,2,179,4.3,LB-101723,Bay Village,13,1.0,Modern Efficiency Studio Awaits Your Stay!,11,f,66,6138.0,1
143.0,31,42.38765,-71.00208,Entire home/apt,29,179,4.81,STR-408551,East Boston,1,1.0,1 Bed Apartment,0,f,0,0.0,1
190.0,2,42.32021,-71.10979,Private room,30,88,5.0,STR-489454,Jamaica Plain,1,1.0,Large Private Bedroom in Unique and Spacious Condo,2,f,120,22800.0,1
43.0,11,42.29331,-71.12254,Private room,29,132,4.82,none,Roslindale,8,1.0,Room near MBTA Forest Hills w/ private living room,2,t,116,4988.0,0
105.0,57,42.348419,-71.069756,Private room,2,188,4.11,LB-101723,Bay Village,13,1.0,Modern Efficiency Studio Awaits Your Stay!,13,f,78,8190.0,1
243.0,337,42.32756,-71.09474,Entire home/apt,1,55,4.8,STR-545030,Roxbury,1,2.0,Beautiful 2 bedroom in historical Fort Hill Boston,65,t,255,61965.0,1
60.0,18,42.32365,-71.06864,Private room,29,333,4.94,STR-470482,Roxbury,5,1.0,Spacious Long Term Private Room Close to Downtown,3,t,174,10440.0,1
58.0,17,42.32191,-71.07071,Private room,29,113,4.88,STR-470482,Roxbury,5,1.0,Private Designed Bedroom Long Term by Downtown,3,t,174,10092.0,1
129.0,5,42.26181,-71.11513,Entire home/apt,29,134,4.8,none,Hyde Park,3,1.0,Private Trendy modern escape from home,0,f,0,0.0,0
445.0,84,42.29823,-71.07104,Entire home/apt,2,362,4.74,STR-469078,Dorchester,2,5.0,5BR Boston Apartment – Ideal for Families & Groups,6,f,36,16020.0,1
100.0,3,42.3341,-71.10369,Private room,5,11,3.67,STR-595161,Mission Hill,2,1.0,Room at Brigham Circle on T Subway Station,2,t,20,2000.0,1
225.0,4,42.35847,-71.07298,Entire home/apt,32,269,5.0,none,Beacon Hill,1,1.0,Luxury Beacon Hill Condo With Private Patio/Garden,3,f,192,43200.0,0
58.0,13,42.3225,-71.06851,Private room,29,302,5.0,STR-470482,Roxbury,5,1.0,Fully Furnished Long Term Bedroom by Downtown,2,t,116,6728.0,1
52.0,3,42.29045,-71.06868,Private room,32,0,5.0,none,Dorchester,5,1.0,A minute walk from the Red line (Shawmut) Room 1,0,t,0,0.0,0
246.0,206,42.38483,-71.01962,Entire home/apt,2,293,4.97,STR-461605,East Boston,1,3.0,"Apartment w/Parking, minutes to airport / Downtown",40,t,240,59040.0,1
189.0,216,42.28791,-71.06906,Entire home/apt,2,200,4.83,STR-398049,Dorchester,3,2.0,🎖The Ashmont Apartment | Close to Subway/Downtown,51,t,255,48195.0,1
111.0,65,42.34858322143555,-71.0696029663086,Private room,2,184,4.03,LB-101723,Bay Village,13,1.0,Bay Village Suites: Perfect Studio Ready For You!,7,f,42,4662.0,1
48.0,7,42.29132,-71.06655,Private room,30,322,5.0,none,Dorchester,5,1.0,Steps away from the Shawmut station!!(room 2),2,t,120,5760.0,0
336.0,50,42.3699,-71.06146,Private room,1,60,4.94,STR-545898,Charlestown,8,1.0,Blue Waters - Harbor View,19,t,114,38304.0,1
68.0,67,42.28097,-71.08914,Private room,1,113,4.7,STR-447613,Mattapan,2,1.0,Sutton Comfort Room 1,0,f,0,0.0,1
597.0,160,42.35471,-71.06173,Entire home/apt,3,251,4.99,STR-592908,Downtown,1,3.0,Spacious 3BR | Family Favorite | Downtown Boston!,30,t,180,107460.0,1
105.0,13,42.29144,-71.0664,Entire home/apt,29,187,4.77,STR-416826,Dorchester,2,3.0,Bright Spacious Apt w/ Free On Street Parking,0,t,0,0.0,1
111.0,104,42.34858322143555,-71.0696029663086,Private room,2,179,4.45,LB-101723,Bay Village,13,1.0,"Perfect Spot, Affordable Studio!",19,f,114,12654.0,1
201.0,148,42.32009,-71.07521,Entire home/apt,3,299,4.75,STR-414833,Roxbury,4,2.0,"NEW! Boston Condo Near MBTA, 3Mi to Fenway! (U1)",12,f,72,14472.0,1
250.0,125,42.32028224048613,-71.07477278128519,Entire home/apt,2,315,4.66,STR-414833,Roxbury,4,3.0,"NEW! Boston Condo Near MBTA, 3Mi to Fenway ! (U3)",7,f,42,10500.0,1
111.0,105,42.348419189453125,-71.06991577148438,Private room,2,176,4.3,LB-101723,Bay Village,13,1.0,"Perfect Boston Apartment, Book Today & Enjoy!",27,f,162,17982.0,1
457.0,3,42.3628,-71.06228,Private room,1,340,4.33,Exempt: This listing is a hotel or motel,Downtown,3,1.0,The Boxer Boston Deluxe Double,0,f,0,0.0,1
482.0,4,42.36333,-71.06136,Private room,1,347,4.5,Exempt: This listing is a hotel or motel,Downtown,3,1.0,The Boxer Boston Junior Suite Accessible,0,f,0,0.0,1
368.0,34,42.3646,-71.06347,Private room,1,352,4.74,Exempt: This listing is a hotel or motel,Downtown,3,1.0,The Boxer Traditional Accessible King,6,f,36,13248.0,1
68.0,106,42.28313,-71.08976,Private room,1,111,4.57,STR-515264,Mattapan,2,1.0,Sutton Comfort Bedroom 2,0,f,0,0.0,1
165.0,28,42.35803,-71.0711,Entire home/apt,29,265,4.86,none,Beacon Hill,3,1.0,Delightful Beacon Hill 1 Bed | 1 Bath,4,t,232,38280.0,0
210.0,63,42.34387,-71.07619,Private room,3,101,4.98,STR-447997,South End,6,1.0,1863 House Bed and  Breakfast M307 Room 1,12,t,72,15120.0,1
128.0,45,42.30015,-71.07738,Entire home/apt,4,264,5.0,STR-526268,Dorchester,2,3.0,Spacious & Beautiful Entire Apt in Boston,12,t,96,12288.0,1
91.0,2,42.33917,-71.07488,Entire home/apt,91,169,5.0,none,South End,1,0.0,Boston Brownstone Gem GREAT location on Silverline,1,t,182,16562.0,0
325.0,32,42.34554,-71.07099,Entire home/apt,3,106,4.94,STR-581599,South End,1,1.0,A Charming South End Apt with Private Garden!,18,t,108,35100.0,1
60.0,23,42.32201,-71.07015,Private room,29,270,4.87,STR-470482,Roxbury,5,1.0,Spacious 1st Floor Private Room Close to Downtown,8,t,255,15300.0,1
49.0,2,42.31384,-71.06113,Private room,30,200,5.0,none,Dorchester,58,1.0,14P.T | The Grand View | 5BR 2B w/AC | Twin Room,2,f,120,5880.0,0
73.0,2,42.31384,-71.06113,Private room,30,164,4.5,none,Dorchester,58,1.0,14P.P | The Grand View | 5BR 2B w/AC | Parlor Room,0,f,0,0.0,0
63.0,6,42.31384,-71.06113,Private room,30,314,4.83,none,Dorchester,58,1.0,14P.M | The Grand View | 5BR 2B w/AC | Master Room,3,f,180,11340.0,0
329.0,18,42.32815,-71.09335,Entire home/apt,30,288,4.89,STR-447259,Roxbury,2,4.0,"Clean, Contemporary Escape | Near T",12,t,255,83895.0,1
243.0,16,42.31608,-71.09664,Entire home/apt,2,5,5.0,STR-528277,Roxbury,3,2.0,Spacious Egleston Square 2 bedroom (dog friendly),0,t,0,0.0,1
61.0,14,42.32139,-71.06023,Private room,30,293,4.64,none,Dorchester,58,1.0,230B2.2 | The Roseclair Redline | AC & W/D | Rm #2,2,f,120,7320.0,0
65.0,3,42.32287,-71.0621,Private room,30,101,4.33,none,Dorchester,58,1.0,230B2.3 | The Roseclair Redline | AC & W/D | Rm #3,0,f,0,0.0,0
60.0,6,42.3139,-71.06223,Private room,29,258,4.83,none,Dorchester,58,1.0,14P.Y | The Grand View | 5BR 2B w/AC | Yellow Room,2,f,116,6960.0,0
325.0,1,42.3491652,-71.0807758,Entire home/apt,32,201,4.0,none,Back Bay,369,1.0,"Blueground | Back Bay, gym, doorman, nr mall",0,f,0,0.0,0
327.0,1,42.348129,-71.080849,Entire home/apt,32,356,5.0,none,Back Bay,369,1.0,"Blueground | Back Bay, gym, doorman, nr Esplanade",0,f,0,0.0,0
101.0,14,42.27954,-71.1179,Entire home/apt,29,269,4.5,STR-419049,Roslindale,12,3.0,Amazing 3 Bed Close To Boston With Parking & Yard,1,f,58,5858.0,1
199.0,2,42.27806,-71.11702,Entire home/apt,29,90,5.0,STR-419049,Roslindale,12,3.0,Awesome 3 Bed Close To Boston With Parking,0,f,0,0.0,1
176.0,4,42.29098,-71.06686,Entire home/apt,91,104,4.75,none,Dorchester,2,3.0,Home Sweet Home,1,f,182,32032.0,0
65.0,44,42.25082,-71.11571,Private room,2,362,4.86,STR-522834,Hyde Park,5,1.0,New England Victorian Oasis,3,f,18,1170.0,1
48.0,313,42.3218,-71.07452,Private room,1,268,4.67,STR-410134,Roxbury,1,1.0,The Jazzy Airbnb,70,f,255,12240.0,1
122.0,71,42.31074,-71.10035,Private room,2,296,4.9,STR-545241,Jamaica Plain,5,1.0,Bright and Spacious,7,f,42,5124.0,1
166.0,53,42.31237,-71.10197,Private room,2,308,4.92,STR-545241,Jamaica Plain,5,1.0,Bright and comfortable,2,f,12,1992.0,1
963.0,68,42.34396743774414,-71.08158874511719,Entire home/apt,3,224,5.0,STR-551071,Back Bay,1,3.0,Contemporary home  in Historic Back Bay Boston,27,t,162,156006.0,1
300.0,3,42.31129,-71.06447,Entire home/apt,29,288,4.0,STR-541492,Dorchester,7,3.0,Boston Three Bedroom Apartment,2,t,116,34800.0,1
58.0,23,42.32317,-71.06844,Private room,29,297,4.96,STR-470482,Roxbury,5,1.0,Designed 1st Floor Furnished Bedroom by Downtown,7,t,255,14790.0,1
227.0,1,42.34983,-71.1494,Entire home/apt,32,277,4.0,none,Brighton,369,2.0,"Blueground | Allston, laundry in basement",0,f,0,0.0,0
289.0,192,42.330814361572266,-71.03656768798828,Entire home/apt,2,241,4.97,STR-545107,South Boston,1,4.0,"4br SouthBoston free parkg nrBeach, 6 min>BCEC",66,t,255,73695.0,1
569.0,5,42.320438,-71.056023,Entire home/apt,30,304,5.0,Exempt: This listing is a unit used for furnished institutional or business stays,Dorchester,2,7.0,Cute Boston Condo | Near T,0,f,0,0.0,1
434.0,16,42.3295,-71.08817,Entire home/apt,30,320,4.88,STR-425117,Roxbury,6,5.0,Soaring Oasis | near South End,2,f,120,52080.0,1
560.0,11,42.3294961,-71.0881648,Entire home/apt,30,320,4.91,STR-425117,Roxbury,6,7.0,Expansive Luxury Triplex | near T,2,f,120,67200.0,1
51.0,5,42.32128,-71.06046,Private room,30,321,3.6,none,Dorchester,58,1.0,230B1.1 | The Dorset Redline | 3BR 1B w/AC | Rm #1,0,f,0,0.0,0
60.0,6,42.323,-71.05997,Private room,30,293,4.17,none,Dorchester,58,1.0,230B1.2 | The Dorset Redline | 3BR 1B w/AC | Rm #2,0,f,0,0.0,0
110.0,24,42.36548,-71.06833,Private room,29,298,4.96,STR-531644,West End,3,1.0,High-floor Luxury Building with River Views by MGH,11,t,255,28050.0,1
83.0,136,42.36283,-71.13054,Private room,3,37,4.98,STR-383875,Allston,2,1.0,Comfy Spacious Room Near Harvard BS,31,t,186,15438.0,1
76.0,110,42.36091,-71.13049,Private room,3,39,4.85,STR-383875,Allston,2,1.0,Comfy Room Near Harvard BS,9,t,54,4104.0,1
290.0,169,42.34488,-71.07195,Entire home/apt,1,318,4.83,STR-414972,South End,2,1.0,"* NEW Listing * A True GEM in South End , Boston!!",20,t,120,34800.0,1
205.0,3,42.29438,-71.06765,Entire home/apt,91,291,4.67,none,Dorchester,1,3.0,The Bostonian Victorian,0,f,0,0.0,0
125.0,5,42.34843,-71.04859,Entire home/apt,57,165,5.0,none,South Boston Waterfront,1,0.0,Fort Point Corner of Windows brick & beam loft,1,t,114,14250.0,0
130.0,1,42.35214,-71.07704,Entire home/apt,32,329,5.0,none,Back Bay,12,0.0,Back Bay a few blocks from Boston Public Garden,0,t,0,0.0,0
330.0,4,42.38102,-71.06814,Entire home/apt,12,72,5.0,STR-399155,Charlestown,1,4.0,4BR - Visit Boston Like a Local!,2,t,48,15840.0,1
319.0,69,42.3755827,-71.0494657,Entire home/apt,2,269,4.99,STR-427698,Charlestown,3,1.0,Best of Boston GreenTurtle Houseboat on the Harbor,11,t,66,21054.0,1
148.0,237,42.31698,-71.09315,Entire home/apt,2,252,4.85,STR-582454,Roxbury,2,1.0,New Decor! Cozy Modern Renovated Private Suite!,44,t,255,37740.0,1
99.0,1,42.38318,-71.07211,Private room,29,365,5.0,STR-431107,Charlestown,3,1.0,Cozy Bedroom for you!,0,f,0,0.0,1
216.0,1,42.35055,-71.06486,Entire home/apt,91,285,2.0,none,Downtown,3,0.0,MODERN DOWNTOWN STUDIO,0,t,0,0.0,0
803.0,60,42.32875,-71.09575,Entire home/apt,29,83,4.78,STR-413806,Roxbury,2,1.0,Historic Brownstone with Modern Amenities.,0,f,0,0.0,1
248.0,16,42.34324049937066,-71.07724019857797,Entire home/apt,4,254,5.0,STR-545122,South End,2,1.0,Charming 1 bed S End Freshly painted new mattress!,11,t,88,21824.0,1
443.0,75,42.37678,-71.04977,Entire home/apt,2,304,5.0,STR-427698,Charlestown,3,2.0,Travelers Choice Best of Bos Green Turtle II Yacht,5,t,30,13290.0,1
95.0,230,42.27743,-71.1406,Entire home/apt,2,178,4.72,STR-429060,Roslindale,1,1.0,Modern Style Cozy Private Apt,45,f,255,24225.0,1
278.0,304,42.35885,-71.06812,Entire home/apt,1,98,4.79,STR-549344,Beacon Hill,1,1.0,Cozy Apartment in Historic Beacon Hill Area,30,f,180,50040.0,1
155.0,1,42.33973,-71.14656,Entire home/apt,30,331,5.0,Exempt: This listing is a unit used for furnished institutional or business stays,Brighton,39,1.0,"Spacious 1Bed, Boston Coll, Elevator, Roof Deck",0,f,0,0.0,1
55.0,4,42.28658,-71.05386,Private room,29,262,5.0,STR-439516,Dorchester,3,1.0,NONE SMOKING ROOM K:Spacious & SUPER SAFE & QUIET,0,f,0,0.0,1
47.0,17,42.28583,-71.05558,Private room,29,262,4.71,STR-439516,Dorchester,3,1.0,Non smoking Room S:Specious Super Safe QuietClean,2,f,116,5452.0,1
150.0,11,42.3423,-71.07443,Entire home/apt,29,38,5.0,none,South End,4,1.0,Ultra Comfy Modern in the Center of the South End,3,t,174,26100.0,0
100.0,16,42.31768,-71.10568,Entire home/apt,29,31,4.69,none,Jamaica Plain,4,1.0,Clean & Modern Apt Close to Public Transportation,3,t,174,17400.0,0
58.0,4,42.32828,-71.09319,Private room,30,209,5.0,none,Roxbury,57,1.0,Pvt. Bedroom & Bath | Co-Live by Thatch™ | 33 #1B,3,f,180,10440.0,0
306.0,68,42.31677,-71.11427,Entire home/apt,2,121,4.85,STR-488651,Jamaica Plain,2,2.0,Stylish 2-bedroom JP Pondside Pad,9,f,54,16524.0,1
60.0,7,42.34256,-71.15612,Entire home/apt,91,76,5.0,none,Brighton,1,0.0,Cozy Studio,2,t,255,15300.0,0
199.0,23,42.36524,-71.05602,Entire home/apt,30,241,4.61,STR-434641,North End,1,1.0,Cozy apartment in the lively heart of Boston,0,f,0,0.0,1
294.0,523,42.34887,-71.06596,Private room,1,365,4.42,Exempt: This listing is a hotel or motel,Downtown,2,1.0,FOUND Boston Common - Queen Room,62,f,255,74970.0,1
277.0,518,42.34935,-71.06535,Private room,1,321,4.58,Exempt: This listing is a hotel or motel,Downtown,2,1.0,FOUND Boston Common - Double Queen Room,47,f,255,70635.0,1
85.0,2,42.35882,-71.12831,Private room,91,292,5.0,none,Allston,9,1.0,(A) Cozy & comfortable room in Allston,0,t,0,0.0,0
54.0,4,42.35681,-71.12865,Private room,91,268,4.75,none,Allston,9,1.0,"(H) Cozy bedroom near Harvard, MIT & BU",1,t,182,9828.0,0
53.0,6,42.35907,-71.1301,Private room,91,240,5.0,none,Allston,9,1.0,"(G) Cozy room near Harvard, MIT, BU",2,t,255,13515.0,0
271.0,151,42.36682,-71.02931,Entire home/apt,7,178,4.93,STR-531674,East Boston,1,2.0,"Luxury apt w/ sauna & deck | by airport, downtown",52,t,255,69105.0,1
513.0,331,42.35538,-71.06196,Entire home/apt,1,65,4.75,STR-438649,Downtown,46,3.0,Large Loft Steps From Boston Common | Short Stays,79,f,255,130815.0,1
399.0,288,42.35514,-71.06191,Entire home/apt,1,76,4.76,STR-438654,Downtown,46,2.0,Luxury Furnished Loft near Park Street Station,64,f,255,101745.0,1
641.0,276,42.35726395973094,-71.06179395619714,Entire home/apt,2,76,4.74,STR-438650,Downtown,46,4.0,Downtown Luxury | Students Welcome | W/D in unit,59,f,255,163455.0,1
246.0,222,42.37714,-71.03994,Entire home/apt,2,62,4.86,STR-434812,East Boston,2,2.0,Tribeca chic | 2 BR w/private patio,38,t,228,56088.0,1
623.0,331,42.35558323953741,-71.0605228734014,Entire home/apt,1,65,4.73,STR-438652,Downtown,46,3.0,Luxury Loft | Boston Common | Monthly Discount,95,f,255,158865.0,1
319.0,14,42.37658,-71.0498,Entire home/apt,1,330,4.86,STR-427698,Charlestown,3,1.0,Travelers Choice Award GreenTurtle Houseboat Ste 2,1,t,6,1914.0,1
1086.0,47,42.34163,-71.08367,Entire home/apt,4,223,5.0,STR-578466,Fenway,3,4.0,Luxury 4 Bdrm Penthouse Brownstone Duplex,11,t,88,95568.0,1
848.0,262,42.35708,-71.06228,Entire home/apt,1,85,4.74,STR-438653,Downtown,46,4.0,"Monthly Discounts -Fully Furnished 4br, 2ba Loft",32,f,192,162816.0,1
573.0,317,42.35722807237734,-71.06149157569895,Entire home/apt,1,85,4.72,STR-438655,Downtown,46,2.0,Keyless Entry | Laundry in Unit | Pet Friendly,50,f,255,146115.0,1
409.0,252,42.357308874194494,-71.06218277856146,Entire home/apt,1,75,4.71,STR-438658,Downtown,46,4.0,Centrally Located Luxurious Loft | Walk Anywhere!,56,f,255,104295.0,1
538.0,274,42.35576,-71.06202,Entire home/apt,1,73,4.74,STR-438659,Downtown,46,3.0,"Monthly Discounts - Furnished Luxury 3br, 2ba Loft",80,f,255,137190.0,1
348.0,244,42.355235397569416,-71.06091070350858,Entire home/apt,1,87,4.68,STR-438656,Downtown,46,2.0,Pet Friendly | Downtown Boston | Elevator + W/D,50,f,255,88740.0,1
35.0,9,42.29309,-71.12205,Private room,29,87,4.44,none,Roslindale,3,1.0,Private room  near T-Station,2,f,116,4060.0,0
158.0,94,42.30912,-71.11833,Entire home/apt,1,126,4.95,STR-493571,Jamaica Plain,1,1.0,Modern JP Townhouse w Parking - quiet & convenient,20,t,120,18960.0,1
50.0,5,42.29156,-71.12194,Private room,29,310,4.6,none,Roslindale,3,1.0,Spacious room with private living room near T,0,f,0,0.0,0
561.0,243,42.35531,-71.06071,Entire home/apt,1,79,4.72,STR-438662,Downtown,46,4.0,Lavishly Designed Home | With Office | Close to T,41,f,246,138006.0,1
458.0,292,42.35512,-71.06247,Entire home/apt,1,70,4.67,STR-438646,Downtown,46,2.0,200mbps speeds - Laundry - Discounted Long Stays,49,f,255,116790.0,1
269.0,1,42.34518,-71.08706,Entire home/apt,32,35,5.0,none,Fenway,369,1.0,"Blueground | Symphony, doorman, nr t stop & mfa",0,f,0,0.0,0
332.0,2,42.34518,-71.08706,Entire home/apt,32,184,4.0,none,Fenway,369,1.0,"Blueground | Symphony, doorman, nr mfa",0,f,0,0.0,0
228.0,5,42.36638,-71.04007,Entire home/apt,1,359,4.4,Exempt: This listing is a hotel or motel,East Boston,30,0.0,Jeffries Point Studio | Pool & Gym | by GLS,0,f,0,0.0,1
228.0,4,42.36638,-71.04007,Entire home/apt,1,359,4.0,Exempt: This listing is a hotel or motel,East Boston,30,0.0,Studio w Kitchen + W/D | Waterfront | East Boston,0,f,0,0.0,1
247.0,7,42.36638,-71.04007,Entire home/apt,1,313,3.57,Exempt: This listing is a hotel or motel,East Boston,30,1.0,DT Boston & Harbor View | 1BR w/ Yoga & Gym,0,f,0,0.0,1
146.0,17,42.36564,-71.05251,Entire home/apt,29,231,4.82,none,North End,1,1.0,Modern 1 Bedroom Downtown! Long-term Special!,4,t,232,33872.0,0
70.0,2,42.32854,-71.09378,Private room,45,300,4.5,none,Roxbury,57,1.0,Pvt. Bedroom & Bath | Co-Live by Thatch™ | 33 #1E,0,f,0,0.0,0
297.0,73,42.31631,-71.09878,Entire home/apt,2,179,4.9,STR-570178,Jamaica Plain,1,2.0,"Luxe Boston 2 bdrm w/ parking, WiFi, BBQ & laundry",12,f,72,21384.0,1
228.0,10,42.36638,-71.04007,Entire home/apt,1,359,4.2,Exempt: This listing is a hotel or motel,East Boston,30,0.0,Steps to Harbor | Washer/Dryer | Kitchen+WiFi,0,f,0,0.0,1
213.0,3,42.36638,-71.04007,Entire home/apt,1,362,4.33,Exempt: This listing is a hotel or motel,East Boston,7,0.0,Beautiful Studio | Logan Airport | Pool | Gym,1,f,6,1278.0,1
213.0,4,42.36638,-71.04007,Entire home/apt,1,362,4.0,Approved by government,East Boston,7,0.0,Spacious Studio | Kitchen+ W/D | Gym+ Pool,3,f,18,3834.0,1
228.0,41,42.36638,-71.04007,Entire home/apt,1,359,4.12,Exempt: This listing is a hotel or motel,East Boston,30,0.0,Waterfront Studio | W/D | Pool & Gym | East Boston,1,f,6,1368.0,1
228.0,24,42.36638,-71.04007,Entire home/apt,1,359,4.38,Exempt: This listing is a hotel or motel,East Boston,30,0.0,Modern Studio | Pool & Gym | Parking | Boston Pier,1,f,6,1368.0,1
213.0,8,42.36638,-71.04007,Entire home/apt,1,362,4.25,Exempt: This listing is a hotel or motel,East Boston,30,0.0,Modern & Clean Studio Apt | Pool & Gym | Boston,0,f,0,0.0,1
169.0,56,42.36638,-71.04007,Entire home/apt,1,362,4.2,Exempt: This listing is a hotel or motel,East Boston,30,0.0,Waterfront Studio | Indoor Pool | Gym,2,f,12,2028.0,1
59.0,9,42.329247,-71.092819,Private room,30,272,4.67,none,Roxbury,57,1.0,Pvt. Bedroom & Bath | Co-Live by Thatch™ | 31 #1B,6,f,255,15045.0,0
245.0,2,42.34507,-71.09626,Entire home/apt,32,313,4.5,none,Fenway,44,1.0,Boston One Bedroom with Fenway Park Views,1,f,64,15680.0,0
245.0,1,42.34367,-71.09797,Entire home/apt,32,326,5.0,none,Fenway,44,1.0,Modern 1 Bedroom in Fenway Cultural District,1,f,64,15680.0,0
133.0,20,42.36745,-71.05735,Entire home/apt,3,343,4.9,STR-461702,North End,20,0.0,"Studio w/ Parking Near MGH, TD Garden & Waterfront",20,f,120,15960.0,1
245.0,1,42.34501,-71.09595,Entire home/apt,32,311,5.0,none,Fenway,44,1.0,Luxury One Bedroom Near Fenway Park with Rooftop,1,f,64,15680.0,0
128.0,4,42.31687,-71.05668,Private room,30,192,4.75,none,Dorchester,3,1.0,Boston Maison near JFK/UMASS,3,t,180,23040.0,0
419.0,140,42.35881,-71.05191,Private room,1,257,4.86,Exempt: This listing is a hotel or motel,Downtown,1,1.0,Harborside Inn-Boutique Hotel,42,t,252,105588.0,1
58.0,3,42.33019,-71.09215,Private room,30,359,5.0,none,Roxbury,57,1.0,Pvt. Bedroom & Bath | Co-Live by Thatch™ | 33 #1D,1,f,60,3480.0,0
243.0,74,42.31294,-71.11617,Entire home/apt,4,260,4.82,STR-518927,Jamaica Plain,1,1.0,In the heart of Jamaica Plain near Longwood,21,t,168,40824.0,1
240.0,1,42.36135,-71.06387,Entire home/apt,29,296,5.0,none,West End,11,0.0,"Renovated Studio, steps to MGH, Suffolk",0,f,0,0.0,0
215.0,1,42.34353,-71.08747,Entire home/apt,32,359,5.0,none,Fenway,44,1.0,One-Bedroom in Back Bay with Boston Skyline Views,0,f,0,0.0,0
221.0,17,42.34319,-71.14389,Entire home/apt,30,243,4.94,Exempt: This listing is a unit used for furnished institutional or business stays,Brighton,39,2.0,"2 bed, in unit laundry, Boston College, balcony.",0,f,0,0.0,1
733.0,282,42.35702565661529,-71.06194776110382,Entire home/apt,1,60,4.74,STR-466837,Downtown,46,4.0,Spacious 4bed Loft | Downtown Boston | Beacon Hill,72,f,255,186915.0,1
441.0,264,42.35563359910092,-71.06034154433256,Entire home/apt,1,69,4.76,STR-466832,Downtown,46,2.0,Washer/Dryer in-unit!  Close to MGH & Beacon Hill,61,f,255,112455.0,1
705.0,298,42.35746,-71.06085,Entire home/apt,1,70,4.81,STR-466842,Downtown,46,4.0,Designer Lux 4bed Loft | Steps to the State House,48,f,255,179775.0,1
514.0,343,42.35721,-71.06153,Entire home/apt,1,63,4.76,STR-466841,Downtown,46,3.0,Pet Friendly |  3bd 2ba Flat steps to Beacon Hill,80,f,255,131070.0,1
674.0,247,42.35666,-71.06026,Entire home/apt,1,68,4.78,STR-466838,Downtown,46,4.0,4br/2ba | 200mbps Internet | Luxury Keyless Entry,67,f,255,171870.0,1
582.0,257,42.35575107251281,-71.06242661829393,Entire home/apt,1,71,4.8,STR-466839,Downtown,46,4.0,4bed Loft | Steps to Boston Common + Beacon Hill,53,f,255,148410.0,1
502.0,300,42.3571,-71.06069,Entire home/apt,1,62,4.8,STR-461750,Downtown,46,4.0,"Parking Available-Fully Furnished 4br, 2ba-Hami509",63,f,255,128010.0,1
133.0,89,42.355056736770834,-71.06221200170934,Entire home/apt,2,115,4.29,Exempt: This listing is a hotel or motel,Downtown,5,0.0,Just Perfect Studio For Your Next Stay,9,f,54,7182.0,1
143.0,119,42.35505676269531,-71.06221008300781,Entire home/apt,2,98,4.45,Exempt: This listing is a hotel or motel,Downtown,5,1.0,Stay Tonight In Boston's Downtown!,14,f,84,12012.0,1
269.0,2,42.35943,-71.05776,Entire home/apt,32,313,4.5,none,Downtown,44,1.0,One Bedroom Apartment In Luxury Boston High Rise,0,f,0,0.0,0
241.0,1,42.3469948,-71.1452694,Entire home/apt,32,262,4.0,none,Brighton,369,1.0,"Blueground | Brighton, w/d, gym, nr t & shops",0,f,0,0.0,0
124.0,9,42.28834,-71.13646,Entire home/apt,29,336,4.67,STR-443288,Roslindale,2,2.0,Charming 2br in hip neighborhood w Private Deck,0,f,0,0.0,1
279.0,17,42.37473,-71.06101,Entire home/apt,3,88,4.94,STR-385912,Charlestown,6,1.0,Charlestown Furnished  1 bedroom Apartment M465,6,t,36,10044.0,1
112.0,84,42.305282560949806,-71.06119774985596,Entire home/apt,31,129,4.77,STR-547013,Dorchester,5,2.0,IV New apartment with Luxury amenities in Boston,1,t,62,6944.0,1
157.0,10,42.36014,-71.12829,Entire home/apt,3,23,4.7,STR-443485,Allston,1,1.0,Updated 1-Bed - near Harvard w/ pkg and laundry!,8,t,48,7536.0,1
185.0,250,42.35573,-71.05994,Entire home/apt,1,327,4.69,STR-466829,Downtown,54,0.0,"Simple Studio -Walk to MGH, Beacon Hill, North End",35,f,210,38850.0,1
224.0,201,42.35522,-71.05798,Entire home/apt,1,266,4.72,STR-466827,Downtown,54,0.0,Bright + Clean Studio Loft in Downtown Boston!,29,f,174,38976.0,1
192.0,205,42.35392,-71.05954,Entire home/apt,1,191,4.66,STR-466823,Downtown,54,0.0,Downtown Studio | Students Welcome,30,f,180,34560.0,1
207.0,276,42.35596,-71.05992,Entire home/apt,1,219,4.74,STR-466816,Downtown,54,0.0,Boston Fidi Studio  Laundry in Building  Fast Wifi,37,f,222,45954.0,1
255.0,206,42.35427,-71.05991,Entire home/apt,1,215,4.72,STR-466826,Downtown,54,0.0,Prime Location | Beacon Hill & Financial District,28,f,168,42840.0,1
247.0,202,42.35519,-71.05994,Entire home/apt,1,269,4.7,STR-466824,Downtown,54,1.0,Downtown Loft | Walk Anywhere | Ideal for Nurses!,28,f,168,41496.0,1
390.0,233,42.35397,-71.05798,Entire home/apt,1,204,4.7,STR-466798,Downtown,54,2.0,Luxury at a Discount!!  2br/2ba | 200mbps Internet,46,f,255,99450.0,1
222.0,173,42.35569,-71.06002,Entire home/apt,1,242,4.61,STR-466819,Downtown,54,1.0,Downtown Luxury Studio | Pets Welcome | WD in Bldg,13,f,78,17316.0,1
199.0,15,42.34406280517578,-71.06999969482422,Entire home/apt,29,214,5.0,none,South End,2,1.0,Modern Smart 1Bdr Private Entry Historic South End,6,t,255,50745.0,0
312.0,38,42.33437,-71.05208,Entire home/apt,2,122,4.97,STR-461650,South Boston,1,2.0,Sunny Southie Modern 2 Bedroom with Deck,18,t,108,33696.0,1
245.0,182,42.35451,-71.0579,Entire home/apt,1,248,4.65,STR-466799,Downtown,54,1.0,Bright & Bold Loft | Fast Wifi | Downtown Boston,31,f,186,45570.0,1
255.0,228,42.35397,-71.05805,Entire home/apt,1,266,4.67,STR-466811,Downtown,54,1.0,Downtown Boston | Nurses Welcome | W/D in bldg,36,f,216,55080.0,1
230.0,201,42.35426,-71.0598,Entire home/apt,1,246,4.59,STR-466817,Downtown,54,0.0,Beautiful Studio | Close to Everything | Fast Wifi,42,f,252,57960.0,1
99.0,166,42.32987,-71.08982,Entire home/apt,29,226,4.88,STR-546302,Roxbury,1,1.0,Cozy home away from home in historic Boston,0,f,0,0.0,1
195.0,209,42.35387599921967,-71.05848406519874,Entire home/apt,1,244,4.68,STR-466818,Downtown,54,1.0,Simple 1br |  Financial District | Keyless Entry,38,f,228,44460.0,1
191.0,206,42.35533,-71.05769,Entire home/apt,1,330,4.56,STR-466812,Downtown,54,0.0,"Downtown Central Studio w Fast WIFI, Keyless Entry",50,f,255,48705.0,1
486.0,86,42.30043,-71.06091,Entire home/apt,29,155,4.9,STR-463794,Dorchester,4,4.0,Top level great views mins to MBTA!,0,t,0,0.0,1
268.0,1,42.35066,-71.07739,Entire home/apt,32,92,4.0,none,Back Bay,369,0.0,"Blueground | Back Bay, roofdeck, nr commons",0,f,0,0.0,0
111.0,8,42.35638,-71.07139,Private room,29,117,4.75,Exempt: This listing is a unit used for furnished institutional or business stays,Beacon Hill,2,1.0,Cosy Room in Back Bay and Beacon Hill (MGH/Tufts),1,t,58,6438.0,1
176.0,148,42.38347,-71.01653,Entire home/apt,2,34,4.89,STR-447421,East Boston,1,2.0,Luxury Condo in Boston w/ backyard & parking,64,t,255,44880.0,1
131.0,15,42.32024002075195,-71.1054458618164,Private room,1,35,4.87,STR-445532,Jamaica Plain,2,1.0,"Lovely space near Stony Brook sta., Jamaica Plain",5,t,30,3930.0,1
74.0,83,42.33716,-71.03812,Entire home/apt,29,0,4.78,STR-399339,South Boston,3,0.0,Mins to Seaport/Downtown. Pvt bath & Entrance,0,t,0,0.0,1
361.0,177,42.37877,-71.0311,Entire home/apt,2,209,4.98,STR-490291,East Boston,1,4.0,Boston Best with Parking - GREAT reviews,29,f,174,62814.0,1
128.0,291,42.28626,-71.04232,Entire home/apt,1,23,4.91,STR-519685,Dorchester,3,1.0,Swanky unit Convenient to Downtown nr Restaurants,67,t,255,32640.0,1
234.0,218,42.35593,-71.05837,Entire home/apt,1,253,4.73,STR-466821,Downtown,54,0.0,Center of Boston Studio Pet Friendly | Laundry,47,f,255,59670.0,1
51.0,5,42.26396,-71.10395,Private room,1,261,4.2,STR-551772,Hyde Park,2,1.0,Bedroom with 2 Full Size Beds,0,t,0,0.0,1
111.0,10,42.32923,-71.09184,Entire home/apt,32,154,4.7,none,Roxbury,57,1.0,Furnished Studio by Thatch™ | Highland Ave,3,f,192,21312.0,0
427.0,207,42.29916,-71.08675,Entire home/apt,2,216,4.96,STR-443355,Roxbury,1,4.0,Modern/Luxury | Steps from Zoo & Golf Course,40,t,240,102480.0,1
196.0,83,42.36319,-71.05127,Entire home/apt,29,86,4.89,STR-441416,North End,18,1.0,North End 1 BR Gem in Little Italy,1,t,58,11368.0,1
487.0,280,42.34882420341916,-71.09481479655527,Entire home/apt,1,50,4.76,STR-438670,Fenway,70,2.0,"Luxury 2 Bed, 2Bath apartment in Back Bay/Fenway!",47,f,255,124185.0,1
368.0,223,42.35727,-71.0551,Entire home/apt,2,51,4.67,STR-424139,Downtown,70,2.0,Fully Furnished 2br/2ba Loft in Downtown Boston,48,f,255,93840.0,1
384.0,240,42.35835418840674,-71.05321336034264,Entire home/apt,2,61,4.74,STR-424135,Downtown,70,2.0,Designer Inspired | Keyless Entry | Financial Dist,38,f,228,87552.0,1
252.0,1,42.3347357,-71.1018627,Entire home/apt,32,293,3.0,none,Mission Hill,369,1.0,"Blueground | Longwood, nr t & multiple schools",0,f,0,0.0,0
63.0,5,42.35866,-71.13006,Private room,91,213,4.6,none,Allston,9,1.0,"(I) Cozy Room Near Harvard, MIT, BU & prime diners",2,t,255,16065.0,0
507.0,181,42.34901,-71.0666,Entire home/apt,2,68,4.81,STR-398206,Bay Village,2,3.0,3 Bdrm 2BA Apt Quiet Spotless Parking Top Location,36,f,216,109512.0,1
230.0,57,42.26353,-71.12697,Entire home/apt,1,191,4.74,STR-460531,Hyde Park,1,2.0,Boston’s best! Free parking! Stylish 2 bdrm apt,6,f,36,8280.0,1
132.0,81,42.34388,-71.15633,Private room,1,218,4.94,STR-439464,Brighton,8,1.0,Spacious Suite in a quiet Boston neighborhood.,21,t,126,16632.0,1
180.0,112,42.35505294799805,-71.06218719482422,Entire home/apt,2,84,4.41,str-557155,Downtown,7,1.0,Stylish Studio in Downtown Boston!,32,f,192,34560.0,1
117.0,66,42.34524,-71.15449,Private room,1,261,4.91,STR-439464,Brighton,8,1.0,Cozy Double Room in a quiet Boston neighborhood,13,t,78,9126.0,1
113.0,65,42.34308,-71.15622,Private room,1,244,4.97,STR-439464,Brighton,8,1.0,Cape Cod style bedroom in a quiet Boston area,13,t,78,8814.0,1
142.0,60,42.35508728027344,-71.06214904785156,Entire home/apt,2,88,4.35,str-557145,Downtown,7,0.0,"Downtown Dream Studio, Come Travel Again!",12,f,72,10224.0,1
804.0,107,42.35529,-71.06087,Entire home/apt,3,0,4.75,STR-545379,Downtown,1,2.0,"Downtown Crossing, Large Lofted Condo, Location!",22,f,132,106128.0,1
276.0,18,42.34146,-71.07185,Entire home/apt,30,216,5.0,str-523399,South End,3,2.0,"UNION PARK, South End - sunny, historic 2B/2B",0,t,0,0.0,1
203.0,128,42.38099,-71.07038,Entire home/apt,4,245,4.98,STR-416464,Charlestown,1,1.0,"Large 1+bed in historic Charlestown, Boston!",32,t,255,51765.0,1
111.0,364,42.355056736770834,-71.06221200170934,Private room,1,349,4.35,STR439290,Downtown,5,1.0,"Long OR Short Term Stays, Affordable Boston Stay",33,f,198,21978.0,1
239.0,230,42.358980395949175,-71.05393090509003,Entire home/apt,1,70,4.69,STR-424136,Downtown,70,1.0,1BR in Downtown Boston| Walk Anywhere!,35,f,210,50190.0,1
220.0,171,42.3232,-71.05995,Entire home/apt,3,227,4.81,STR-522356,Dorchester,1,3.0,3BR JFK/UMASS redline T+parking,36,t,216,47520.0,1
245.0,104,42.2895,-71.13044,Entire home/apt,3,94,4.99,STR-445690,Roslindale,1,2.0,"2BR Near Transit, Shops, Arboretum + Free Parking",13,t,78,19110.0,1
293.0,1,42.33884,-71.08177,Entire home/apt,32,355,5.0,none,Roxbury,369,0.0,"Blueground | S. End, pool, nr art gallery & t",0,f,0,0.0,0
406.0,269,42.35708897267829,-71.05350906465866,Entire home/apt,2,36,4.68,STR-424131,Downtown,70,2.0,Lux Downtown Flat - Large Open Layout - Fast Wifi,52,f,255,103530.0,1
232.0,225,42.35875,-71.05361,Entire home/apt,1,62,4.69,STR-424138,Downtown,70,1.0,Beautiful 1BR on Top Floor in Downtown Boston,32,f,192,44544.0,1
472.0,254,42.35893,-71.0553,Entire home/apt,2,65,4.74,STR-424137,Downtown,70,2.0,Elegant 2BD/2BA furnished apartment in FiDi,59,f,255,120360.0,1
404.0,241,42.35745,-71.0533,Entire home/apt,2,37,4.52,STR-424121,Downtown,70,2.0,Airy 2br Apt Downtown Boston - Smart Lock Entry,67,f,255,103020.0,1
193.0,238,42.35889,-71.05337,Entire home/apt,1,51,4.7,STR-424133,Downtown,70,1.0,Charming 1BR Flat Downtown Boston | Walk Anywhere,53,f,255,49215.0,1
139.0,377,42.3163,-71.05873,Entire home/apt,1,228,4.93,STR-445943,Dorchester,2,1.0,Apartment 1BR mins from JFK/UMASS on Red Line,94,t,255,35445.0,1
515.0,64,42.27941,-71.09465,Entire home/apt,3,351,4.97,STR-445570,Mattapan,5,4.0,Comfy Oasis,12,t,72,37080.0,1
155.0,82,42.28224,-71.11739,Entire home/apt,14,196,4.82,STR-443490,Roslindale,2,2.0,"Longterm Boston2b1b,Easy transit,on-site parking",18,t,255,39525.0,1
235.0,199,42.3493129120797,-71.09268140663436,Entire home/apt,1,58,4.66,STR-438669,Fenway,70,1.0,Beautiful 1BR near Fenway Park + Kenmore!,39,f,234,54990.0,1
262.0,121,42.34309,-71.05313,Entire home/apt,29,301,4.86,STR-445533,South Boston Waterfront,1,2.0,GREAT LOCATION! Modern 2 BD and 2 BA w/Parking!,22,t,255,66810.0,1
221.0,211,42.37721,-71.03767,Entire home/apt,2,109,4.79,STR-573350,East Boston,6,2.0,Romantic Getaway on the roof - parking/Airport,35,f,210,46410.0,1
142.0,23,42.31086,-71.09849,Entire home/apt,2,233,4.09,STR-445529,Jamaica Plain,22,2.0,Luxury pet-friendly 2 bed by beautiful park!,8,t,48,6816.0,1
80.0,527,42.38274,-71.02198,Private room,1,65,4.81,STR-439433,East Boston,3,1.0,"The Nook, 15m T to downtown,Walk to Airport/Subway",99,t,255,20400.0,1
91.0,440,42.38294,-71.02026,Private room,1,74,4.86,STR-439433,East Boston,3,1.0,Zakim-Walk to Airport/Subway-15min to downtown,83,t,255,23205.0,1
472.0,180,42.32932,-71.05351,Entire home/apt,2,285,4.98,STR-446942,South Boston,1,3.0,"Family Friendly City Oasis! Free Parking, King Bed",47,t,255,120360.0,1
480.0,272,42.35533065332528,-71.06073938142121,Entire home/apt,1,79,4.75,STR-438657,Downtown,46,3.0,Luxury at a Discount | 3br/2ba | 200mbps Internet,69,f,255,122400.0,1
443.0,303,42.35528350930719,-71.06044446350509,Entire home/apt,1,74,4.8,STR-466834,Downtown,46,2.0,Centralized Downtown Location | On-site Parking,60,f,255,112965.0,1
70.0,2,42.32114,-71.05993,Private room,29,352,4.5,Exempt: This listing is a unit used for furnished institutional or business stays,Dorchester,58,1.0,230B3.1 | The Mayhew Redline | w/AC & WD | Room #1,2,f,116,8120.0,1
64.0,5,42.32096,-71.0604,Private room,30,123,4.8,none,Dorchester,58,2.0,230B3.2 | The Mayhew Redline | w/AC & WD | Room #2,2,f,120,7680.0,0
302.0,255,42.35524,-71.06022,Entire home/apt,1,89,4.64,STR-438648,Downtown,46,2.0,Boston Common Loft w/ in-unit washer dryer,60,f,255,77010.0,1
391.0,308,42.35731,-71.0624,Entire home/apt,1,85,4.69,STR-438645,Downtown,46,2.0,Perfect Location | Boston Common | Park St Station,61,f,255,99705.0,1
264.0,217,42.35131,-71.06531,Entire home/apt,5,229,4.54,STR-461740,Downtown,70,1.0,"Simple 1BR w/ 99 WalkScore, Fast Wifi + SmartLock",43,f,255,67320.0,1
446.0,116,42.3025,-71.06311,Entire home/apt,2,274,4.96,STR-445614,Dorchester,1,5.0,LargeDuplex10Beds w/prkg near Downton,21,t,126,56196.0,1
254.0,1,42.34114,-71.04959,Entire home/apt,32,305,3.0,none,South Boston,369,1.0,"Blueground | South Boston, gym, nr lawn on d",0,f,0,0.0,0
275.0,1,42.34114,-71.04959,Entire home/apt,32,232,5.0,none,South Boston,369,1.0,"Blueground | S. Boston, gym, w/d, nr seaport",0,f,0,0.0,0
95.0,51,42.31583,-71.08992,Private room,29,124,4.29,STR-545309,Roxbury,3,1.0,Artistic Room,0,f,0,0.0,1
190.0,48,42.2807,-71.07172,Entire home/apt,1,365,4.88,STR-468600,Dorchester,1,1.0,#4 CLEAN COMFY & COZY GLORY GUEST SUITE,12,t,72,13680.0,1
356.0,184,42.34812,-71.13601,Entire home/apt,3,54,4.96,STR-446758,Allston,2,2.0,Entire Apt near Bos Univ/Bos College Free Parking,47,t,255,90780.0,1
206.0,7,42.27832,-71.14076,Entire home/apt,29,364,5.0,none,Roslindale,2,3.0,"6 Room, 2+ Bedroom: Sunny Quintessential Boston",1,t,58,11948.0,0
195.0,394,42.35891,-71.06615,Entire home/apt,1,182,4.86,STR-447285,Beacon Hill,2,1.0,Beacon Hills Studio next to State house,72,t,255,49725.0,1
504.0,87,42.2986,-71.06144,Entire home/apt,3,158,4.72,STR-463794,Dorchester,4,4.0,Newly Reno condo 1st floor mins to public trans T,11,t,66,33264.0,1
320.0,20,42.27679,-71.06871,Entire home/apt,3,314,4.95,STR-544843,Mattapan,3,3.0,"Sparkling Clean, HOME away from home!",3,t,18,5760.0,1
497.0,79,42.29928,-71.0609,Entire home/apt,3,147,4.81,STR-545167,Dorchester,4,4.0,Cozy spacious 2nd level condo walk to public tran,10,t,60,29820.0,1
158.0,35,42.32662,-71.07675,Entire home/apt,1,100,4.69,STR-542712,Roxbury,1,1.0,Cozy 1 Bedroom in the Heart of Boston!,25,f,150,23700.0,1
197.0,9,42.3281455,-71.0933478,Entire home/apt,29,346,5.0,Exempt: This listing is a unit used for furnished institutional or business stays,Roxbury,1,3.0,Tasteful & Luminous Refuge | Near T,0,t,0,0.0,1
80.0,60,42.34935,-71.06978,Private room,1,150,4.48,STR-415225,Bay Village,13,1.0,"Long Stays For One, Desk, Wifi, Central Location",28,f,168,13440.0,1
81.0,79,42.34313,-71.15594,Private room,3,220,4.95,STR-439464,Brighton,8,1.0,Cozy Cabin room in a quiet Boston area,17,t,102,8262.0,1
77.0,98,42.34488,-71.15442,Private room,3,244,4.9,STR-439464,Brighton,8,1.0,Azurite colors room in a quiet Boston area,30,t,180,13860.0,1
245.0,2,42.34516,-71.09652,Entire home/apt,32,304,5.0,none,Fenway,44,1.0,Serviced 1 Bedroom Across From Fenway Park,0,f,0,0.0,0
133.0,172,42.35308,-71.16926,Private room,1,364,4.87,STR-552948,Brighton,1,1.0,private room in a 1 family home.,20,t,120,15960.0,1
81.0,33,42.34368,-71.1546,Private room,2,216,4.7,STR-439464,Brighton,8,1.0,New York style bedboom in a quietBoston area,10,t,60,4860.0,1
195.0,190,42.34979,-71.06544,Entire home/apt,1,223,4.78,STR-461739,Downtown,70,1.0,Bay Village Charm | 99 WalkScore | Short/Long Stay,48,f,255,49725.0,1
287.0,202,42.35097,-71.06539,Entire home/apt,5,265,4.71,STR-461742,Downtown,70,1.0,"Comfy 1br, Minutes to Boston Common, 99 Walk score",47,f,255,73185.0,1
254.0,204,42.34997,-71.0672,Entire home/apt,1,233,4.66,STR-461743,Bay Village,70,1.0,Simple 1BR steps to Boston Common and South End!,44,f,255,64770.0,1
180.0,140,42.313251,-71.054817,Entire home/apt,4,207,4.96,STR-458124,Dorchester,1,1.0,"1st floor, free parking off street, 3 min to train",31,t,248,44640.0,1
167.0,69,42.32585,-71.09502,Entire home/apt,29,83,4.3,str-446257,Roxbury,4,1.0,1 mile to Downtown Boston Cozy Studio Apartment,0,f,0,0.0,1
248.0,86,42.2883,-71.15351,Entire home/apt,1,280,4.84,STR-385960,West Roxbury,1,3.0,"European, rustic 3 bed/2bath-5 miles to Copley Sq",9,f,54,13392.0,1
364.0,26,42.32829,-71.09404,Entire home/apt,3,98,4.96,STR-446660,Roxbury,11,4.0,Fort Hill Inn Uber Cool!  **Modern City Triplex**,9,t,54,19656.0,1
208.0,3,42.35155,-71.0839,Entire home/apt,30,183,4.67,Exempt: This listing is a unit used for furnished institutional or business stays,Back Bay,39,0.0,Oversized  Furnished Brownstone Studio in Back Bay,0,f,0,0.0,1
293.0,80,42.3234,-71.09018,Entire home/apt,3,131,4.94,str-446652,Roxbury,11,3.0,*Fort Hill Inn  *Sunny* Updated Historic Beauty!,22,t,132,38676.0,1
198.0,76,42.32856,-71.09569,Entire home/apt,3,89,4.84,STR-446651,Roxbury,11,1.0,"Fort Hill Inn, Excellent  Mid Modern nice details!",26,t,156,30888.0,1
135.0,73,42.3297,-71.09593,Entire home/apt,3,103,4.88,STR-490093,Roxbury,11,1.0,Fort Hill Inn Private Guest room/ private Bath #3,21,t,126,17010.0,1
171.0,73,42.33046,-71.09397,Entire home/apt,3,93,4.88,STR-491702,Roxbury,11,1.0,"Fort Hill Inn  1 Bedroom Duplex,  *Sunny Condo*",14,t,84,14364.0,1
210.0,306,42.33620071411133,-71.05067443847656,Private room,1,213,4.99,STR-448147,South Boston,1,1.0,Guest Suite - private bathroom and roof deck,63,t,255,53550.0,1
37.0,12,42.31649,-71.09199,Private room,30,101,5.0,none,Roxbury,5,1.0,All included. Comfy quiet room.,6,t,255,9435.0,0
115.0,86,42.34629,-71.1602,Private room,2,23,5.0,STR-545203,Brighton,2,1.0,"Brighton, Queen bed/private bth, park free",31,t,186,21390.0,1
165.0,176,42.30807,-71.06147,Entire home/apt,1,76,4.81,str-545118,Dorchester,3,2.0,"Swanky Unit w Cntrl air, mins 2 city Modrn Top flr",47,t,255,42075.0,1
237.0,27,42.29065,-71.06361,Private room,1,230,4.52,STR-453623,Dorchester,7,2.0,Renovated Listing (2 Rooms)!!,5,f,30,7110.0,1
475.0,43,42.29107,-71.06189,Entire home/apt,2,349,4.79,STR-453623,Dorchester,7,4.0,Renovated apartment just minutes from the T!,7,f,42,19950.0,1
120.0,51,42.29049,-71.06138,Private room,1,266,4.78,STR-453623,Dorchester,7,1.0,Newly Renovated Double Room!,13,f,78,9360.0,1
120.0,17,42.29037,-71.06367,Private room,1,271,4.94,STR-453623,Dorchester,7,1.0,Cozy Room on Top Floor!,8,f,48,5760.0,1
119.0,24,42.28918,-71.06166,Private room,1,239,4.75,STR-453623,Dorchester,7,1.0,Spacious & newly renovated private room!,3,f,18,2142.0,1
119.0,28,42.29063,-71.06357,Private room,1,270,4.79,STR-453623,Dorchester,7,1.0,Comfy renovated room in spacious apartment!,2,f,12,1428.0,1
527.0,119,42.33483,-71.04502,Entire home/apt,2,229,4.97,STR-589956,South Boston,3,2.0,Perfectly Renovated Home w/ Private Outdoor Oasis,40,t,240,126480.0,1
278.0,92,42.33701,-71.04517,Entire home/apt,2,234,4.9,STR-589956,South Boston,3,2.0,Cozy 2-Bedroom in Heart of Southie,32,t,192,53376.0,1
400.0,1,42.34449,-71.08237,Entire home/apt,32,0,5.0,none,Back Bay,369,2.0,"Blueground | Back Bay, near prudential center",0,f,0,0.0,0
1312.0,72,42.33655,-71.04533,Entire home/apt,2,321,4.94,STR-589954,South Boston,3,4.0,4-Bedroom/3 Bath Home with gorgeous deck,17,t,102,133824.0,1
213.0,1,42.36638,-71.04007,Entire home/apt,1,362,5.0,Exempt: This listing is a hotel or motel,East Boston,30,0.0,Close to Airport Studio | Kitchen + Pool/Gym,0,f,0,0.0,1
194.0,37,42.36638,-71.04007,Entire home/apt,1,359,4.38,Exempt: This listing is a hotel or motel,East Boston,30,0.0,Studio Near Blue Line Metro and Logan Airport,35,f,210,40740.0,1
228.0,42,42.36638,-71.04007,Entire home/apt,1,359,4.38,Exempt: This listing is a hotel or motel,East Boston,30,0.0,Chic Studio | Gym | Close to Logan Intl. Airport,8,f,48,10944.0,1
646.0,295,42.3555,-71.06193,Entire home/apt,30,66,4.78,STR-461749,Downtown,46,3.0,Lavish 3br In Downtown | Keyless Entry,85,f,255,164730.0,1
249.0,228,42.35141,-71.06564,Entire home/apt,30,173,4.74,STR-451332,Downtown,70,1.0,1br in Heart of Theater District | Walk Anywhere!,51,f,255,63495.0,1
372.0,216,42.36490313211377,-71.05337157782682,Entire home/apt,2,26,4.6,STR-437465,North End,70,2.0,Delightful North End Apt - 2br 2BA w/ Laundry! #,7,f,42,15624.0,1
150.0,250,42.37533,-71.03139,Entire home/apt,2,25,4.96,STR-544884,East Boston,1,1.0,CITY APARTMENT NEAR AIRPORT,62,t,255,38250.0,1
200.0,83,42.24234,-71.14182,Entire home/apt,2,351,4.8,STR-453517,Hyde Park,1,2.0,COMO,13,t,78,15600.0,1
164.0,183,42.33422,-71.10495,Entire home/apt,2,191,4.7,STR-545176,Mission Hill,18,0.0,Cozy Boston Studio - Longwood/Fenway,38,f,228,37392.0,1
178.0,134,42.33207,-71.10713,Entire home/apt,2,214,4.57,STR-545176,Mission Hill,18,0.0,Longwood/Fenway Basement Studio,24,f,144,25632.0,1
173.0,94,42.33248,-71.10711,Entire home/apt,2,175,4.52,STR-545176,Mission Hill,18,0.0,Spacious Basement Studio - Longwood/Fenway,18,f,108,18684.0,1
151.0,139,42.33208,-71.10628,Entire home/apt,2,269,4.77,STR-545176,Mission Hill,18,0.0,Sunny Boston Studio - Fenway/Longwood,25,f,150,22650.0,1
127.0,158,42.33194,-71.10633,Entire home/apt,2,223,4.59,STR-545178,Mission Hill,18,0.0,Stylish Boston Studio - Fenway/Longwood,32,f,192,24384.0,1
338.0,1,42.34992,-71.06943,Entire home/apt,32,279,5.0,none,Bay Village,369,1.0,"Blueground | Back Bay, gym, nr the common",0,f,0,0.0,0
77.0,2,42.35705,-71.12969,Private room,91,235,5.0,none,Allston,9,1.0,"(D) Cozy comfortable room near Harvard, MIT & BU",0,t,0,0.0,0
350.0,1,42.363026,-71.0549705,Entire home/apt,32,133,5.0,none,North End,369,2.0,"Blueground | N. End, balcony & rooftop",0,f,0,0.0,0
1263.0,84,42.345726,-71.105835,Entire home/apt,29,365,4.93,Str-544821,Fenway,1,7.0,"Entire 3 story Brownstone building, Walk to Fenway",0,f,0,0.0,1
68.0,9,42.319327861470235,-71.09013210682868,Private room,29,176,5.0,none,Roxbury,2,1.0,La Casa Boheme - Upstairs Back Bedroom,4,t,232,15776.0,0
281.0,182,42.34971,-71.06718,Entire home/apt,1,226,4.69,STR-451333,Bay Village,70,1.0,Airy 1BR Walkable to Everywhere in Boston | W+D,35,f,210,59010.0,1
152.0,100,42.32845,-71.09435,Entire home/apt,3,81,4.87,str-446656,Roxbury,5,0.0,"Fort Hill Inn, *Designed*  City Loft Studio Apt",37,t,222,33744.0,1
81.0,60,42.34518,-71.15655,Private room,2,196,4.82,STR-439464,Brighton,8,1.0,Boston style bedroom in a quiet Boston area,23,t,138,11178.0,1
207.0,394,42.34914,-71.09555,Private room,1,271,4.97,STR-446547,Fenway,7,1.0,Fenway Park Vintage Brownstone  (3A),100,t,255,52785.0,1
213.0,15,42.36638,-71.04007,Entire home/apt,1,362,4.07,Exempt: This listing is a hotel or motel,East Boston,30,0.0,Overloook the Harbor at Piers Park nr Studio,6,f,36,7668.0,1
105.0,18,42.35742,-71.06119,Entire home/apt,29,202,5.0,none,Downtown,1,0.0,Simple Studio on Beacon Hill,5,t,255,26775.0,0
200.0,439,42.34909,-71.0969,Private room,1,280,4.96,STR-446547,Fenway,7,1.0,Fenway Park Vintage Brownstone (3C),112,t,255,51000.0,1
215.0,407,42.34873,-71.0958,Private room,1,269,4.96,STR-446547,Fenway,7,1.0,Fenway Park Vintage Brownstone (4A),106,t,255,54825.0,1
164.0,397,42.34906,-71.09716,Private room,1,296,4.95,STR-446547,Fenway,7,1.0,Fenway Park Brownstone -3B (Single guest only),86,t,255,41820.0,1
184.0,49,42.2796,-71.06876,Entire home/apt,2,76,4.82,STR-452491,Dorchester,1,2.0,Near Train Station Gorgeous Apartment with Patios,3,f,18,3312.0,1
89.0,37,42.35075,-71.13473,Private room,29,262,4.41,Exempt: This listing is a unit that has contracts with hospitals,Allston,8,1.0,"AL/R2 Private, simple, classic room close to BU/BC",0,f,0,0.0,1
180.0,173,42.33411,-71.10557,Entire home/apt,2,256,4.63,STR-545176,Mission Hill,18,1.0,Chic 1 Bedroom - Longwood/Fenway,35,f,210,37800.0,1
150.0,241,42.391317,-71.007146,Entire home/apt,1,178,4.78,STR-591625,East Boston,1,1.0,Lovely Private Studio near Logan Airport,38,f,228,34200.0,1
145.0,71,42.28914,-71.07021,Entire home/apt,2,246,4.97,STR-536216,Dorchester,1,1.0,Cozy and Clean Ashmont Apartment,20,t,120,17400.0,1
205.0,316,42.35051,-71.09503,Private room,1,309,4.94,STR-446547,Fenway,7,1.0,Fenway Park Vintage Brownstone (4C),86,t,255,52275.0,1
211.0,185,42.34446,-71.1492,Entire home/apt,4,92,4.84,STR-537737,Brighton,1,4.0,"Comfortable house w garden and parking, close to T",30,t,240,50640.0,1
165.0,331,42.35087,-71.09642,Private room,1,344,4.93,STR-446547,Fenway,7,1.0,Fenway Park Brownstone-4B  (Single guest only),78,t,255,42075.0,1
206.0,2,42.34777380000001,-71.1460998,Entire home/apt,32,275,4.5,none,Brighton,369,0.0,"Blueground | Brighton, gym, nr t, shops & food",0,f,0,0.0,0
120.0,154,42.29125,-71.11996,Private room,1,33,4.97,STR-465411,Roslindale,1,1.0,Tranquil bedroom and private bath near Arboretum,39,t,234,28080.0,1
368.0,191,42.3413200378418,-71.0804443359375,Entire home/apt,2,47,4.93,STR-494380,South End,1,2.0,South End 1800sqft 2BR Audiophile Paradise,58,t,255,93840.0,1
229.0,174,42.35395,-71.05996,Entire home/apt,1,264,4.6,STR-466814,Downtown,54,0.0,Downtown Boston Studio | Fast Wifi | Keyless Entry,22,f,132,30228.0,1
194.0,235,42.34265,-71.08161,Entire home/apt,2,174,4.94,STR-454274,South End,20,0.0,Walk everywhere!   Super Location!   First Floor!,51,t,255,49470.0,1
159.0,194,42.34284,-71.08127,Entire home/apt,2,184,4.88,STR-454275,South End,20,0.0,Walk everywhere! 1 free parking spot - Location!,38,t,228,36252.0,1
156.0,189,42.35305,-71.13796,Entire home/apt,1,279,4.85,STR-454273,Allston,20,0.0,Studio - 1 Free parking spot - First floor!,39,t,234,36504.0,1
157.0,168,42.35493,-71.13795,Entire home/apt,1,270,4.88,STR-454271,Allston,20,0.0,Harvard School of Business ★ 1 Free parking spot ★,27,t,162,25434.0,1
135.0,168,42.35297,-71.13949,Entire home/apt,1,179,4.81,STR-454270,Allston,20,1.0,★ 1 Free parking spot!! ★ 1BR/1Bath ★ Location ★,33,t,198,26730.0,1
168.0,32,42.34093,-71.07899,Entire home/apt,1,324,4.53,Exempt: This listing is a unit used for furnished institutional or business stays,South End,15,1.0,Cute and Cozy Studio!,0,f,0,0.0,1
108.0,193,42.35281,-71.13735,Entire home/apt,1,169,4.87,STR-454272,Allston,20,1.0,★ 1 Free parking spot ★ 1 bed/1 bath ★ Location! ★,41,t,246,26568.0,1
75.0,86,42.34887,-71.07058,Private room,3,163,4.16,STR-415225,Bay Village,13,1.0,Just Darling Studio For Long Term Stays!,45,f,255,19125.0,1
130.0,67,42.3473,-71.06916,Entire home/apt,3,177,4.4,STR-415226,South End,13,1.0,Hip and Chic Studio Awaits Your Stay!,19,f,114,14820.0,1
97.0,163,42.31609,-71.06669,Private room,1,257,4.93,STR-445535,Dorchester,3,1.0,"A  French Room, Super Clean",40,t,240,23280.0,1
148.0,106,42.355056736770834,-71.06221200170934,Entire home/apt,3,153,4.35,str-557160,Downtown,10,1.0,Best Location Studio In Downtown Boston,27,f,162,23976.0,1
151.0,4,42.33963,-71.15732,Entire home/apt,29,263,5.0,Exempt: This listing is a unit used for furnished institutional or business stays,Brighton,39,1.0,"Sun-filled Unit, Elevator, Pool, Boston College",0,f,0,0.0,1
151.0,1,42.33857,-71.15742,Entire home/apt,29,256,5.0,Exempt: This listing is a unit used for furnished institutional or business stays,Brighton,11,1.0,"Sun-filled Unit, Elevator, Pool, Boston College",0,f,0,0.0,1
76.0,3,42.35887,-71.12972,Private room,91,192,5.0,none,Allston,9,1.0,"(E) Cozy bedroom near Harvard, MIT and BU",0,t,0,0.0,0
38.0,26,42.3284,-71.08941,Private room,29,349,4.31,STR-460218,Roxbury,32,1.0,Private Room in Vibrant Roxbury Co-Living APT,7,f,255,9690.0,1
275.0,1,42.34777380000001,-71.1460998,Entire home/apt,32,314,5.0,none,Brighton,369,1.0,"Blueground | Brighton, gym, nr t, shops & food",0,f,0,0.0,0
264.0,2,42.34777380000001,-71.1460998,Entire home/apt,32,156,5.0,none,Brighton,369,1.0,"Blueground | Brighton, gym, nr t, shops & food",1,f,64,16896.0,0
56.0,147,42.32251,-71.05736,Private room,29,164,4.83,STR-455882,Dorchester,15,1.0,G_Sunny room easy commute to Boston Downtown.,25,f,255,14280.0,1
200.0,232,42.35827,-71.05517,Entire home/apt,1,65,4.69,STR-424128,Downtown,70,1.0,Modern 1BR Downtown Boston-Milk301,59,f,255,51000.0,1
56.0,125,42.32272,-71.0554,Private room,29,143,4.9,STR-455882,Dorchester,15,1.0,E_Cozy room easy commute to Boston Downtown.,27,f,255,14280.0,1
115.0,2,42.36033,-71.06717,Entire home/apt,29,128,5.0,none,Beacon Hill,114,2.0,Lovely beacon hill 2 bed 2 bath apt in boston,1,f,58,6670.0,0
281.0,1,42.348633,-71.074088,Entire home/apt,32,360,5.0,none,Back Bay,369,0.0,"Blueground | Back Bay, gym, nr newbury st",0,f,0,0.0,0
327.0,99,42.29832,-71.06427,Entire home/apt,1,82,4.8,STR-489736,Dorchester,2,4.0,Entire 4-bedroom apartment in the heart of Boston,20,f,120,39240.0,1
369.0,137,42.34057,-71.05512,Entire home/apt,2,226,4.88,STR-588927,South Boston,1,2.0,Right Near Convention Center and Train Station,30,t,180,66420.0,1
208.0,38,42.2798,-71.1185,Entire home/apt,29,270,4.79,STR-419049,Roslindale,12,3.0,Best 3 Bedroom Close To Boston,0,f,0,0.0,1
127.0,112,42.31966,-71.10592,Entire home/apt,2,157,4.89,STR-458400,Jamaica Plain,1,1.0,Urban Guest Suite,52,f,255,32385.0,1
540.0,19,42.35041,-71.13014,Entire home/apt,29,350,4.68,STR-573738,Allston,1,3.0,Remodeled Spacious Apartment in Perfect Location,0,f,0,0.0,1
339.0,225,42.35437,-71.06206,Entire home/apt,2,196,4.99,STR-516048,Downtown,1,1.0,King Bed Loft in the Heart of Downtown Boston,72,t,255,86445.0,1
225.0,1,42.2719604,-71.0677086,Entire home/apt,32,362,5.0,none,Dorchester,369,1.0,"Blueground | Dorchester/Milton, nr t stop",1,f,64,14400.0,0
253.0,157,42.31452,-71.05971,Entire home/apt,1,273,4.87,STR-549294,Dorchester,1,3.0,Centrally  located in the heart of Boston near T,39,f,234,59202.0,1
253.0,51,42.37761,-71.06649,Entire home/apt,2,203,4.98,STR-460031,Charlestown,1,2.0,Spacious & Pet-Friendly Modern Home in Charlestown,38,t,228,57684.0,1
236.0,8,42.359,-71.06649,Entire home/apt,29,152,5.0,none,Beacon Hill,114,4.0,Boston Beacon Hill Charming 4 bed room apt close T,3,f,174,41064.0,0
198.0,161,42.3226,-71.09566,Entire home/apt,2,270,4.79,STR-491852,Roxbury,1,3.0,Newly renovated 3 bedroom 10 mins from downtown,44,t,255,50490.0,1
334.0,48,42.34804,-71.07758,Private room,1,343,4.75,Exempt: This listing is a hotel or motel,Back Bay,6,1.0,Copley Queen - Copley Sq. Hotel,13,f,78,26052.0,1
211.0,1,42.3356856,-71.0428472,Entire home/apt,32,130,5.0,none,South Boston,369,1.0,"Blueground | S. Boston, e broadway",0,f,0,0.0,0
131.0,120,42.31432104753411,-71.0591618919991,Entire home/apt,1,242,4.93,STR-520772,Dorchester,2,1.0,"1 bed, 2 rooms, 4 guests Cute&new. Free parking",55,t,255,33405.0,1
190.0,76,42.28766,-71.08116,Entire home/apt,2,187,4.83,STR-590716,Dorchester,2,2.0,New renovated lovely Boston apartment for rent,7,t,42,7980.0,1
303.0,14,42.34898,-71.07794,Private room,1,337,4.79,Exempt: This listing is a hotel or motel,Back Bay,6,1.0,Cozy Double - Copley Square Hotel,6,f,36,10908.0,1
389.0,21,42.34951,-71.07754,Private room,1,329,4.86,Exempt: This listing is a hotel or motel,Back Bay,6,1.0,Copley Double Double - Copley Square Hotel,1,f,6,2334.0,1
349.0,1,42.34748,-71.07794,Private room,1,346,1.0,Exempt: This listing is a hotel or motel,Back Bay,6,1.0,Copley King - Copley Square Hotel,0,f,0,0.0,1
367.0,3,42.34724,-71.07954,Private room,1,347,4.67,Exempt: This listing is a hotel or motel,Back Bay,6,1.0,Studio King - Copley Square Hotel,0,f,0,0.0,1
179.0,91,42.34417,-71.07051,Entire home/apt,3,70,4.99,STR-460809,South End,1,1.0,1 Bedroom Apartment in Boston/South End,20,t,120,21480.0,1
56.0,145,42.32244,-71.05711,Private room,29,196,4.84,STR-455882,Dorchester,15,1.0,F_Spacious room easy commute to Boston Downtown.,19,f,255,14280.0,1
180.0,28,42.3131961076764,-71.08703601123739,Entire home/apt,29,364,4.68,Exempt: This listing is a unit used for furnished institutional or business stays,Roxbury,1,2.0,Cozy 2 Bedroom Private Apartment,0,f,0,0.0,1
38.0,30,42.32781,-71.08983,Private room,29,349,4.63,STR-460218,Roxbury,32,0.0,Spacious Private Room in Central Roxbury,7,f,255,9690.0,1
528.0,186,42.35567,-71.06129,Entire home/apt,3,233,4.68,STR-460530,Downtown,70,4.0,Downtown Xing | Lots of Light | Monthly Discounts,40,f,240,126720.0,1
599.0,230,42.35395,-71.06111,Entire home/apt,3,229,4.78,STR-460529,Downtown,70,4.0,Large Ceilings | Centrally Located 4bed 2bath,63,f,255,152745.0,1
275.0,98,42.37737274169922,-71.03465270996094,Entire home/apt,1,244,4.9,STR-526923,East Boston,2,2.0,Serene Suite near Logan Intl/MBTA Airport station,58,t,255,70125.0,1
350.0,45,42.36841,-71.05425,Entire home/apt,3,252,5.0,STR-460608,North End,1,1.0,Amazing Location in Little Italy with Roof Deck,26,t,156,54600.0,1
238.0,174,42.31312982379728,-71.06575318370699,Entire home/apt,3,317,4.9,STR-545001,Dorchester,1,2.0,Modern apartment in the city,30,t,180,42840.0,1
276.0,1,42.34777380000001,-71.1460998,Entire home/apt,32,354,5.0,none,Brighton,369,1.0,"Blueground | Brighton, gym, nr t, shops & food",0,f,0,0.0,0
260.0,1,42.3646556,-71.0553714,Entire home/apt,32,56,5.0,none,North End,369,2.0,"Blueground | N. End, nr dining, on salem st",1,f,64,16640.0,0
279.0,3,42.3646556,-71.0553714,Entire home/apt,32,132,3.67,none,North End,369,2.0,"Blueground | N. End, nr dining, on salem st",1,f,64,17856.0,0
210.0,217,42.34813,-71.06964,Entire home/apt,1,53,4.91,STR-459387,Bay Village,1,1.0,Charming 1 BR apartment in Historic Bay Village,30,t,180,37800.0,1
164.0,118,42.33252,-71.10491,Entire home/apt,2,198,4.65,Exempt: This listing is a hotel or motel,Mission Hill,18,0.0,Longwood/Fenway Cozy Studio,30,f,180,29520.0,1
164.0,123,42.33405,-71.10546,Entire home/apt,2,253,4.72,Exempt: This listing is a hotel or motel,Mission Hill,18,0.0,Sunny Fenway/Longwood Studio,36,f,216,35424.0,1
150.0,117,42.3338,-71.10709,Entire home/apt,2,223,4.66,STR-545178,Mission Hill,18,0.0,Efficiency Apartment - Longwood/Fenway,23,f,138,20700.0,1
426.0,30,42.318562815458954,-71.05874533662467,Entire home/apt,28,215,5.0,STR-518432,Dorchester,1,3.0,"Bright Spacious 3Br, Mins From Downtown, Parking",12,t,255,108630.0,1
350.0,11,42.35819625854492,-71.06234741210938,Entire home/apt,29,303,5.0,none,Downtown,1,2.0,Spectacular views in a spacious Beacon Hill 2bd2ba,3,t,174,60900.0,0
315.0,1,42.348761,-71.048577,Entire home/apt,32,302,5.0,none,South Boston Waterfront,369,1.0,"Blueground | Fort Point, laundry & gym",1,f,64,20160.0,0
501.0,117,42.35530607874658,-71.06086875999847,Entire home/apt,1,81,4.68,STR-466835,Downtown,46,4.0,Great Location | 4bed Loft | Parking Optional,63,f,255,127755.0,1
90.0,73,42.31656,-71.05445,Private room,2,364,4.82,STR-553034,Dorchester,1,1.0,Private bedroom located in family-owned apartment,8,f,48,4320.0,1
411.0,228,42.35087,-71.08365,Private room,1,328,4.68,LB-101745,Back Bay,18,0.0,Sonder No. 284 Back Bay | Queen Room+,133,f,255,104805.0,1
502.0,13,42.34994,-71.08552,Private room,1,214,4.46,LB-101745,Back Bay,18,0.0,Sonder No. 284 Back Bay | King Room+,5,f,30,15060.0,1
416.0,21,42.34999,-71.08554,Private room,1,211,4.43,LB-101745,Back Bay,18,0.0,Sonder No. 284 Back Bay | Ground-Level Queen Room+,18,f,108,44928.0,1
542.0,89,42.35,-71.08573,Private room,1,269,4.75,LB-101745,Back Bay,18,1.0,Sonder No. 284 Back Bay | Queen Suite+,55,f,255,138210.0,1
403.0,11,42.34947,-71.08357,Private room,1,307,4.18,LB-101745,Back Bay,18,0.0,Sonder No. 284 Back Bay | Superior Queen Room+,4,f,24,9672.0,1
224.0,18,42.34935,-71.08364,Private room,1,237,4.78,LB-101745,Back Bay,18,0.0,Sonder No. 284 Back Bay | Accessible Queen Room+,11,f,66,14784.0,1
264.0,134,42.375179,-71.048897,Entire home/apt,4,313,4.95,STR-461756,Charlestown,1,2.0,2BR Spacious Yacht - Heat & AC - On Freedom Trail,35,t,255,67320.0,1
288.0,1,42.36497,-71.06887,Entire home/apt,32,352,1.0,none,West End,369,1.0,"Blueground | Beacon Hill, great views & gym",1,f,64,18432.0,0
286.0,1,42.36497,-71.06887,Entire home/apt,32,356,4.0,none,West End,369,1.0,"Blueground | Beacon Hill, great views & gym",0,f,0,0.0,0
265.0,37,42.33488,-71.04432,Entire home/apt,29,87,4.92,Exempt: This listing is a unit that has contracts with hospitals,South Boston,18,2.0,Brand New 2 BR | 1 BA in So. BOS #1,0,t,0,0.0,1
105.0,233,42.3381,-71.04014,Entire home/apt,29,280,4.83,STR-399339,South Boston,3,0.0,"Adorable private suite with a private entrance and bathroom close to Downtown, Seaport District and The BCEC",0,t,0,0.0,1
272.0,132,42.35575,-71.05828,Entire home/apt,1,247,4.73,STR-466813,Downtown,54,1.0,Newly Designed Loft | Fast Wifi | Pet Friendly,17,f,102,27744.0,1
573.0,205,42.35532045908428,-71.06090927153579,Entire home/apt,3,231,4.7,STR-461814,Downtown,70,4.0,Beautiful 4br 2br | Downtown Xing | High Ceilings,58,f,255,146115.0,1
66.0,99,42.31283,-71.07694,Entire home/apt,3,306,4.78,STR-545041,Dorchester,1,1.0,Relaxing Chill Spot with parking on premises.,34,f,204,13464.0,1
390.0,1,42.36455,-71.0687657,Entire home/apt,32,354,1.0,none,West End,369,2.0,"Blueground | Beacon Hill, great views & gym",0,f,0,0.0,0
922.0,66,42.33483,-71.02683,Entire home/apt,2,208,4.98,STR-418682,South Boston,1,4.0,Luxury 4 bed Boston home near beach w/roof deck,23,t,138,127236.0,1
56.0,137,42.356388,-71.159355,Private room,1,84,4.96,STR-530798,Brighton,2,1.0,Sunny room with Free parking,43,t,255,14280.0,1
220.0,1,42.34173,-71.07639,Private room,3,83,5.0,STR-447997,South End,6,1.0,The 1863 House Bed and Breakfast Room 3,0,t,0,0.0,1
72.0,221,42.3777,-71.0358,Private room,1,33,4.22,STR-445805,East Boston,3,1.0,Room walking to Airport & Subway & Stores,51,f,255,18360.0,1
434.0,19,42.34794,-71.10164,Entire home/apt,4,314,4.95,Exempt: This listing is a unit used for furnished institutional or business stays,Fenway,95,2.0,Amazing spacious city view 2bed 2 bath unit fenway,18,f,144,62496.0,1
579.0,1,42.34306,-71.10076,Entire home/apt,29,365,5.0,STR-466119,Fenway,95,2.0,Lovely 2 bedroom APT Fenway,0,f,0,0.0,1
307.0,69,42.2904167175293,-71.136474609375,Entire home/apt,3,291,4.7,STR-461034,Roslindale,7,3.0,“Arboretum Retreat” city of Boston,18,t,108,33156.0,1
316.0,70,42.2904167175293,-71.136474609375,Entire home/apt,29,249,4.87,STR-461034,Roslindale,7,3.0,Nature’s Haven Boston,18,t,255,80580.0,1
79.0,210,42.3764,-71.03553,Private room,1,54,4.47,STR-445805,East Boston,3,1.0,Small Cozy Room walk to Subway Airport,64,f,255,20145.0,1
1000.0,56,42.359943,-71.063461,Entire home/apt,4,182,5.0,STR-460986,Beacon Hill,1,4.0,"Beacon Hill townhouse, 4 bedroom gem",19,t,152,152000.0,1
318.0,1,42.35119,-71.06402,Entire home/apt,32,67,5.0,none,Downtown,369,1.0,"Blueground | Downtown, amenities & rooftop views",0,f,0,0.0,0
299.0,581,42.34997,-71.06523,Private room,1,194,4.8,Exempt: This listing is a hotel or motel,Downtown,2,1.0,Serenity by river : No Cleaning at Boston Downtown,308,t,255,76245.0,1
192.0,116,42.37798,-71.03817,Entire home/apt,2,37,4.87,STR-434812,East Boston,2,1.0,Cozy Private 1BR/1BA in Modern Home Near Airport,5,t,30,5760.0,1
297.0,1,42.3511858,-71.06401699999999,Entire home/apt,32,35,5.0,none,Downtown,369,1.0,"Blueground | Downtown, amenities & rooftop views",0,f,0,0.0,0
99.0,7,42.33848,-71.15228,Entire home/apt,30,267,3.86,none,Brighton,58,2.0,109S14 | The Strathmore 14 w/AC | 2BR 1B | Private,3,f,180,17820.0,0
160.0,9,42.358512907173306,-71.06755094917337,Entire home/apt,29,149,4.67,none,Beacon Hill,114,1.0,Sweetest 2 bed home downtown Boston Beacon Hill,3,f,174,27840.0,0
132.0,7,42.280727,-71.074799,Entire home/apt,29,115,4.86,STR-520523,Dorchester,1,2.0,"Close to Downtown, pets friendly, Free Parking!",0,f,0,0.0,1
53.0,8,42.37813,-71.03303,Private room,29,198,5.0,none,East Boston,4,1.0,Charming bedthroom and upscale apartment.,1,t,58,3074.0,0
247.0,113,42.32321,-71.06031,Entire home/apt,2,84,4.88,STR-546622,Dorchester,1,4.0,"Rare 3.5 bed apt, super location Boston, +parking",25,t,150,37050.0,1
276.0,1,42.365947,-71.063473,Entire home/apt,32,314,5.0,none,Downtown,369,0.0,"Blueground | N Station, gym, nr boston landmarks",0,f,0,0.0,0
79.0,50,42.32269,-71.09473,Private room,2,236,4.66,STR-545899,Roxbury,5,1.0,Comfortable King bedroom,13,f,78,6162.0,1
133.0,81,42.29735,-71.08051,Entire home/apt,1,362,4.62,STR-515555,Dorchester,64,2.0,Spacious 2bd/1ba in Dorchester 6311,17,f,102,13566.0,1
198.0,99,42.29725,-71.08227,Entire home/apt,1,355,4.64,STR-515555,Dorchester,64,2.0,2bd/1ba in Boston Dorchester 1353,12,f,72,14256.0,1
293.0,1,42.364968,-71.06887,Entire home/apt,32,0,5.0,none,West End,369,1.0,"Blueground | Beacon Hill, great views & gym",0,f,0,0.0,0
1057.0,115,42.36498,-71.05327,Entire home/apt,2,209,4.96,STR-537315,North End,1,3.0,North End Family Villa,40,f,240,253680.0,1
146.0,82,42.30486,-71.12977,Entire home/apt,4,27,4.93,STR-463838,Jamaica Plain,1,1.0,Private Guest Suite with Parking & Fire Pit,21,t,168,24528.0,1
277.0,76,42.29712,-71.06205,Entire home/apt,1,88,4.66,STR-459905,Dorchester,2,3.0,Entire 3-bedroom apartment | minutes to Boston,13,f,78,21606.0,1
133.0,101,42.35504531860352,-71.06221008300781,Entire home/apt,2,109,4.39,str-557152,Downtown,5,1.0,"Big Saving, Stay In Boston, Close to Everywhere!",13,f,78,10374.0,1
135.0,78,42.35505,-71.06221,Entire home/apt,2,117,4.4,str-557142,Downtown,5,1.0,Experience Boston At It’s Finest!,21,f,126,17010.0,1
53.0,8,42.3798,-71.03361,Private room,29,265,5.0,none,East Boston,4,1.0,Peaceful bedroom in upscale apartment,2,t,116,6148.0,0
161.0,2,42.35919210551046,-71.06117817828259,Entire home/apt,91,291,5.0,none,Downtown,8,1.0,Piano 1 bed facing Beacon St,2,t,255,41055.0,0
333.0,50,42.36662,-71.03784,Entire home/apt,1,26,4.92,STR-544991,East Boston,3,2.0,Best Location in Boston!,26,t,156,51948.0,1
246.0,1,42.34621,-71.06301,Entire home/apt,32,207,5.0,none,South End,369,0.0,"Blueground | S. End, nr ink block, w/d & gym",1,f,64,15744.0,0
246.0,1,42.34621,-71.06301,Entire home/apt,32,210,5.0,none,South End,369,0.0,"Blueground | S. End, nr ink block, w/d & gym",1,f,64,15744.0,0
45.0,3,42.29675,-71.08224,Private room,91,250,5.0,STR-465066,Dorchester,4,1.0,Large  bedroom in the heart of Boston,2,f,255,11475.0,1
81.0,24,42.27124,-71.10898,Entire home/apt,10,4,4.79,STR-546280,Hyde Park,2,1.0,BeautIful apartment in a quiet area.,7,t,140,11340.0,1
435.0,33,42.27724,-71.07475,Entire home/apt,4,314,4.88,Str-551845,Mattapan,1,5.0,Cozy home with free parking,17,t,136,59160.0,1
296.0,2,42.35118,-71.08697,Entire home/apt,32,347,4.0,none,Back Bay,369,1.0,"Blueground | Back Bay, nr restaurants & shopping",0,f,0,0.0,0
64.0,2,42.32318,-71.06123,Private room,30,270,5.0,none,Dorchester,58,1.0,230B1.3 | The Dorset Redline | 3BR 1B w/AC | Rm #3,1,f,60,3840.0,0
251.0,4,42.33182,-71.11009,Entire home/apt,30,144,5.0,Exempt: This listing is a unit used for furnished institutional or business stays,Mission Hill,58,5.0,39S1 | Huge 4BR 2BA w/AC & W/D 75ft to Greenline!,1,f,60,15060.0,1
174.0,44,42.29047,-71.13168,Entire home/apt,29,88,4.98,STR-544910,Roslindale,1,1.0,Chic Renovated Suite w/ King Bed & Private Porch,0,f,0,0.0,1
251.0,62,42.28212,-71.11362,Entire home/apt,29,238,4.87,STR-465354,Roslindale,4,5.0,Cheerful  5-bedroom Boston home with free parking,0,f,0,0.0,1
321.0,1,42.351397,-71.043191,Entire home/apt,32,342,5.0,none,South Boston Waterfront,369,1.0,"Blueground | Seaport, gym, nr harbor",0,f,0,0.0,0
282.0,1,42.35892,-71.05416,Entire home/apt,32,275,3.0,none,Downtown,369,1.0,"Blueground | Downtown, gym, nr faneuil hall",0,f,0,0.0,0
95.0,11,42.27159,-71.10932,Entire home/apt,10,333,4.91,STR-414417,Hyde Park,2,2.0,Lovely 1 bedroom upstairs apartment all private,2,t,40,3800.0,1
141.0,28,42.3005,-71.08394,Entire home/apt,3,90,4.79,STR-419049,Dorchester,12,1.0,Great 1 Bedroom w/ Free Parking,22,f,132,18612.0,1
85.0,25,42.30013,-71.0857,Entire home/apt,29,59,4.48,STR-419040,Dorchester,12,1.0,Best 1 Bedroom Nr. Franklin Park w/ Free Parking !,0,f,0,0.0,1
337.0,48,42.34977,-71.08612,Entire home/apt,1,154,4.71,Exempt: This listing is a hotel or motel,Back Bay,57,1.0,Thatch™ Newbury Street | One-Bedroom Apt. #1,5,f,30,10110.0,1
189.0,1,42.34218,-71.07845,Entire home/apt,1,341,5.0,LB-434068,South End,15,1.0,"Large, Modern Studio!",0,f,0,0.0,1
403.0,1,42.34863,-71.07409,Entire home/apt,32,358,5.0,none,Back Bay,369,1.0,"Blueground | Back Bay, w/d & gym, nr copley sq",0,f,0,0.0,0
82.0,3,42.35841,-71.12858,Private room,91,178,5.0,none,Allston,9,1.0,"(B) Cozy bedroom near BU, Harvard & MIT",0,t,0,0.0,0
49.0,18,42.37919,-71.03519,Private room,29,78,5.0,none,East Boston,4,1.0,Cozy Bedroom in an Upscale Apartment,5,t,255,12495.0,0
335.0,32,42.34929,-71.08407,Entire home/apt,1,170,4.69,Exempt: This listing is a hotel or motel,Back Bay,57,1.0,Thatch™ Newbury Street | One-Bedroom Apt. #2,4,f,24,8040.0,1
347.0,54,42.348644,-71.085091,Entire home/apt,1,138,4.87,Exempt: This listing is a hotel or motel,Back Bay,57,1.0,Thatch™ Newbury | One Bedroom | Apt #3,9,f,54,18738.0,1
334.0,45,42.348644,-71.085091,Entire home/apt,1,151,4.78,Exempt: This listing is a hotel or motel,Back Bay,57,1.0,Thatch™ Newbury Street | One-Bedroom Apt. #4,15,f,90,30060.0,1
324.0,43,42.34798,-71.08406,Entire home/apt,1,158,4.65,Exempt: This listing is a hotel or motel,Back Bay,57,1.0,Thatch™ Newbury Street | One-Bedroom Apt. #5,7,f,42,13608.0,1
315.0,42,42.34786,-71.08623,Entire home/apt,1,133,4.64,Exempt: This listing is a hotel or motel,Back Bay,57,1.0,Thatch™ Newbury Street | One-Bedroom Apt. #6,4,f,24,7560.0,1
443.0,1,42.348633,-71.074088,Entire home/apt,32,170,5.0,none,Back Bay,369,1.0,"Blueground | Back Bay, w/d & gym, nr copley sq",0,f,0,0.0,0
123.0,27,42.25041,-71.12739,Entire home/apt,15,352,4.93,STR-468015,Hyde Park,2,1.0,Beautiful space in Beautiful home!!,2,t,60,7380.0,1
40.0,4,42.29487,-71.08142,Private room,91,260,5.0,none,Dorchester,4,1.0,Lovely bedroom in the heart of Boston.,1,f,182,7280.0,0
1046.0,39,42.29853,-71.06139,Entire home/apt,2,147,4.9,STR-463794,Dorchester,4,8.0,Unique 2 floors 8 beds 4 bath public transit,11,t,66,69036.0,1
313.0,1,42.3405944,-71.0802686,Entire home/apt,32,230,1.0,none,South End,369,1.0,"Blueground | S. End, roof & w/d, nr restaurants",1,f,64,20032.0,0
284.0,61,42.35925,-71.07145,Entire home/apt,1,172,4.8,Exempt: This listing is a hotel or motel,Beacon Hill,57,1.0,"Beacon Hill, J. Miller Flats - Studio Flat #5",14,f,84,23856.0,1
273.0,83,42.358532,-71.070816,Entire home/apt,1,149,4.82,Exempt: This listing is a hotel or motel,Beacon Hill,57,1.0,"Beacon Hill, J. Miller Flats - 1 Bedroom Flat #2",33,f,198,54054.0,1
273.0,44,42.358532,-71.070816,Entire home/apt,1,156,4.55,Exempt: This listing is a hotel or motel,Beacon Hill,57,1.0,"Beacon Hill, J. Miller Flats - 1 Bedroom Flat #4",5,f,30,8190.0,1
279.0,88,42.358532,-71.070816,Entire home/apt,1,152,4.73,Exempt: This listing is a hotel or motel,Beacon Hill,57,1.0,"Beacon Hill, J. Miller Flats - 1 Bedroom Flat #6",25,f,150,41850.0,1
214.0,40,42.358532,-71.070816,Entire home/apt,1,170,4.88,Exempt: This listing is a hotel or motel,Beacon Hill,57,1.0,"Beacon Hill, J. Miller Flats - Studio Flat #7",16,f,96,20544.0,1
334.0,39,42.358532,-71.070816,Entire home/apt,1,162,4.87,Exempt: This listing is a hotel or motel,Beacon Hill,57,1.0,"Beacon Hill, J. Miller Flats- 1 Bedroom Flat #8",11,f,66,22044.0,1
185.0,6,42.36140769684224,-71.06710131495097,Entire home/apt,29,188,5.0,none,West End,114,3.0,Beacon Hill boston best 3 bed apt,4,f,232,42920.0,0
85.0,33,42.30628,-71.07934,Private room,29,270,4.58,Exempt: This listing is a unit used for furnished institutional or business stays,Dorchester,2,1.0,Welcoming Boston room with free parking,0,f,0,0.0,1
85.0,44,42.30737,-71.07952,Private room,91,365,4.8,Exempt: This listing is a unit used for furnished institutional or business stays,Dorchester,2,1.0,Masters bed room in Boston with free parking,0,f,0,0.0,1
452.0,262,42.34344,-71.10094,Entire home/apt,1,319,4.74,Exempt: This listing is a hotel or motel,Fenway,18,1.0,Sonder at Pierce Boston | One-Bedroom Apartment,71,f,255,115260.0,1
692.0,247,42.34407,-71.10296,Entire home/apt,1,294,4.71,Exempt: This listing is a hotel or motel,Fenway,18,2.0,Sonder at Pierce Boston | Two-Bedroom Apartment,47,f,255,176460.0,1
49.0,2,42.31785,-71.10768,Private room,91,133,5.0,none,Jamaica Plain,1,1.0,"Furnished bedroom, perfect for travel contract",0,t,0,0.0,0
202.0,323,42.35989,-71.06651,Entire home/apt,1,202,4.82,STR-465433,Beacon Hill,2,1.0,Beacon Hills Studio next to State house 3,94,t,255,51510.0,1
300.0,7,42.25812,-71.12023,Private room,2,356,4.29,STR-476185,Hyde Park,1,3.0,CSK Palour  lovely 3 bedrooms,0,f,0,0.0,1
145.0,3,42.36017,-71.06484,Entire home/apt,29,211,4.33,none,Beacon Hill,114,2.0,Amazing one bed apt in beacon hill with backyard,1,f,58,8410.0,0
402.0,203,42.34479,-71.10123,Entire home/apt,1,301,4.73,Exempt: This listing is a hotel or motel,Fenway,18,0.0,Sonder at Pierce Boston | Queen Studio Apartment,45,f,255,102510.0,1
1228.0,102,42.34303,-71.10301,Entire home/apt,1,255,4.79,Exempt: This listing is a hotel or motel,Fenway,18,3.0,Sonder at Pierce Boston | Three-Bedroom Apartment,29,f,174,213672.0,1
143.0,330,42.3608,-71.14287,Entire home/apt,1,225,4.81,STR-524680,Brighton,1,1.0,Cozy Stay Near Harvard/BU/BC With Parking,91,f,255,36465.0,1
120.0,7,42.36103090207266,-71.06517672302819,Entire home/apt,29,195,4.57,none,Beacon Hill,114,3.0,Most lovely 3 Bedroom apt in Beacon Hill Boston,3,f,174,20880.0,0
168.0,11,42.36025332704906,-71.0673913389887,Entire home/apt,29,109,4.73,none,Beacon Hill,114,1.0,Beacon Hill studio1queensizeBed downtown boston,3,f,174,29232.0,0
88.0,25,42.33672,-71.04591,Private room,1,151,3.84,Exempt: This listing is a hotel or motel,South Boston,57,1.0,Thatch Quarters™ | Pvt. Room in Southie | 101 DOT,2,f,12,1056.0,1
218.0,8,42.33808,-71.14987,Entire home/apt,29,330,4.63,Exempt: This listing is a unit used for furnished institutional or business stays,Brighton,39,1.0,Sun-Filled w/ City Views public transportation,0,f,0,0.0,1
100.0,9,42.34201,-71.05557,Private room,2,155,4.44,Exempt: This listing is a hotel or motel,South Boston,57,1.0,Thatch Quarters™ | Pvt. Room in Southie | #202,4,f,24,2400.0,1
156.0,110,42.31607,-71.07184,Entire home/apt,2,39,4.97,STR-489341,Dorchester,1,2.0,Spacious Dorchester Retreat | 2-bdrm condo,46,t,255,39780.0,1
98.0,6,42.35664,-71.07152,Private room,29,117,4.5,Exempt: This listing is a unit used for furnished institutional or business stays,Beacon Hill,6,1.0,Stay Next to Public Garden | Back Bay |MGH,2,f,116,11368.0,1
98.0,13,42.34181,-71.05633,Private room,2,170,4.23,Exempt: This listing is a hotel or motel,South Boston,57,1.0,Thatch Quarters | Pvt. Room in Southie | 203,1,f,6,588.0,1
100.0,19,42.34343,-71.05575,Private room,1,172,4.0,Exempt: This listing is a hotel or motel,South Boston Waterfront,57,1.0,Thatch Quarters™ | Pvt. Room in Southie | 204,4,f,24,2400.0,1
101.0,25,42.34182,-71.05615,Private room,2,139,4.0,Exempt: This listing is a hotel or motel,South Boston,57,1.0,Thatch Quarters™ | Pvt. Room in Southie | 205,4,f,24,2424.0,1
100.0,34,42.34241,-71.05772,Private room,1,160,4.65,Exempt: This listing is a hotel or motel,South Boston,57,1.0,Thatch Quarters™ | Pvt. Room in Southie | 302,10,f,60,6000.0,1
114.0,8,42.2683523887178,-71.09562906010238,Entire home/apt,29,284,4.88,STR-524800,Mattapan,1,1.0,One Bedroom Minutes from Train & Downtown Boston,0,f,0,0.0,1
97.0,26,42.3430459867776,-71.05572826729508,Entire home/apt,2,159,3.88,Exempt: This listing is a hotel or motel,South Boston,57,1.0,WB Quarters by Thatch | Room 304 | Shared BA,5,f,30,2910.0,1
100.0,50,42.34316,-71.0557,Private room,2,158,4.48,Exempt: This listing is a hotel or motel,South Boston,57,1.0,Thatch Quarters™ | Pvt. Room in Southie | 305,12,f,72,7200.0,1
99.0,26,42.34151,-71.05573,Private room,2,170,4.46,Exempt: This listing is a hotel or motel,South Boston,57,1.0,Thatch Quarters™ | Pvt. Room in Southie | 306,11,f,66,6534.0,1
98.0,35,42.34348,-71.05727,Private room,2,156,4.34,Exempt: This listing is a hotel or motel,South Boston,57,1.0,Thatch Quarters™ | Pvt. Room in Southie | 402,3,f,18,1764.0,1
96.0,17,42.3431,-71.05742,Private room,2,150,4.18,Exempt: This listing is a hotel or motel,South Boston,57,1.0,Thatch Quarters™ | Pvt. Room in Southie | 403,5,f,30,2880.0,1
98.0,21,42.34177,-71.05555,Private room,2,169,4.19,Exempt: This listing is a hotel or motel,South Boston,57,1.0,Thatch Quarters™ | Pvt. Room in Southie | 404,3,f,18,1764.0,1
102.0,16,42.34311,-71.05769,Private room,2,178,4.06,Exempt: This listing is a hotel or motel,South Boston,57,1.0,Thatch Quarters™ | Pvt. Room in Southie | 405,1,f,6,612.0,1
291.0,689,42.34995,-71.06404,Private room,1,192,4.76,Exempt: This listing is a hotel or motel,Downtown,2,1.0,Riverside serenity: No Cleaning at Boston Downtown,337,t,255,74205.0,1
217.0,93,42.30843,-71.06155,Entire home/apt,2,102,4.68,STR-545050,Dorchester,1,2.0,Lovely 2BR apt with parking. 15 mins to Downtown!,19,f,114,24738.0,1
88.0,28,42.33668,-71.04592,Private room,2,140,4.0,Exempt: This listing is a hotel or motel,South Boston,57,1.0,Thatch Quarters™ | Pvt. Room in Southie | 202 DOT,8,f,48,4224.0,1
88.0,28,42.33465,-71.04447,Private room,2,160,3.79,none,South Boston,57,1.0,Thatch Quarters™ | Pvt. Room in Southie | 201 DOT,2,f,12,1056.0,0
91.0,19,42.33476,-71.04544,Private room,2,175,3.84,Exempt: This listing is a hotel or motel,South Boston,57,1.0,Thatch Quarters™ | Pvt. Room in Southie | 203 DOT,2,f,12,1092.0,1
215.0,255,42.34945,-71.09717,Private room,1,288,4.97,STR-446547,Fenway,7,1.0,Fenway Park Vintage Brownstone (2C),77,t,255,54825.0,1
88.0,35,42.33462,-71.04459,Private room,2,167,4.0,Exempt: This listing is a hotel or motel,South Boston,57,1.0,Thatch Quarters™ | Pvt. Room in Southie | 302 DOT,4,f,24,2112.0,1
193.0,14,42.36516,-71.05531,Entire home/apt,9,335,4.64,STR-476426,North End,20,2.0,Central 2 Bed in North End; Near Waterfront &Shops,1,f,18,3474.0,1
88.0,25,42.33512,-71.04409,Private room,2,162,4.24,Exempt: This listing is a hotel or motel,South Boston,57,1.0,Thatch Quarters™ | Pvt. Room in Southie | 303 DOT,7,f,42,3696.0,1
307.0,1,42.365719,-71.0553517,Entire home/apt,32,314,1.0,none,North End,369,2.0,"Blueground | N. End, w/d on salem st, nr dining",0,f,0,0.0,0
258.0,1,42.365947,-71.063473,Entire home/apt,32,84,5.0,none,Downtown,369,0.0,"Blueground | N Station, gym & w/d, nr td garden",0,f,0,0.0,0
309.0,1,42.365947,-71.063473,Entire home/apt,32,291,4.0,none,Downtown,369,1.0,"Blueground | N Station, gym & w/d, nr td garden",0,f,0,0.0,0
199.0,4,42.34009427549511,-71.07131623063711,Entire home/apt,1,341,4.75,STR-594040,South End,1,1.0,Boston’s Historic South End!,4,t,24,4776.0,1
88.0,24,42.33528074215172,-71.04608726246296,Entire home/apt,2,150,3.83,Exempt: This listing is a hotel or motel,South Boston,57,1.0,Thatch Quarters| Pvt. Bunk Room in Southie | 304,4,f,24,2112.0,1
88.0,33,42.3348,-71.04473,Private room,2,169,4.39,Exempt: This listing is a hotel or motel,South Boston,57,1.0,Thatch Quarters™ | Pvt. Bunk Room in Southie | 305,11,f,66,5808.0,1
158.0,46,42.28925,-71.13711,Entire home/apt,29,124,4.83,STR-461034,Roslindale,7,1.0,Amazing Boston loft,14,t,255,40290.0,1
66.0,106,42.32062,-71.0568,Private room,29,147,4.76,STR-455882,Dorchester,15,1.0,I_Cozy room easy commute to Boston Downtown.,19,f,255,16830.0,1
101.0,205,42.38032,-71.02937,Entire home/apt,1,279,4.74,STR-519465,East Boston,1,1.0,Eagle's Landing - Logan Airport,101,f,255,25755.0,1
278.0,1,42.34518,-71.08706,Entire home/apt,32,313,5.0,none,Fenway,369,1.0,"Blueground | Symphony, doorman & biz center",0,f,0,0.0,0
115.0,5,42.32745,-71.0943,Entire home/apt,91,219,5.0,none,Roxbury,4,2.0,Lovely two bedroom apartment on a 2 floor unit.,1,f,182,20930.0,0
463.0,39,42.343246607901605,-71.076681302475,Entire home/apt,3,18,4.97,STR-472289,South End,1,1.0,Private 1 Queen Bed S.End Sunroom (no smoke/pet),6,f,36,16668.0,1
379.0,1,42.29725,-71.06725,Entire home/apt,29,357,5.0,STR-465016,Dorchester,1,6.0,The Boston Chateau,1,t,58,21982.0,1
300.0,43,42.36079,-71.12893,Entire home/apt,2,300,4.93,STR-493345,Allston,1,2.0,Recently Renovated Allston 2 Bdr Apt Near Harvard,20,t,120,36000.0,1
100.0,10,42.36038,-71.06589,Entire home/apt,29,154,4.8,none,Beacon Hill,114,2.0,Affordable Cozy 2 bed room apt Beacon Hill Boston,4,f,232,23200.0,0
213.0,32,42.30805,-71.07671,Entire home/apt,2,301,5.0,STR-548110,Dorchester,1,3.0,"Charming Urban Oasis- 3-BR Apt, Centrally Located",17,f,102,21726.0,1
349.0,1,42.348633,-71.074088,Entire home/apt,32,126,5.0,none,Back Bay,369,0.0,"Blueground | Back Bay, gym, nr newbury st",0,f,0,0.0,0
303.0,1,42.29598,-71.07656,Entire home/apt,91,365,5.0,none,Dorchester,6,2.0,Newly renovated 2 bedroom 2 bath condo,1,f,182,55146.0,0
206.0,153,42.36495,-71.05249,Entire home/apt,5,325,4.92,STR-472277,North End,22,1.0,Prime Central 1brm in North End Boston,43,t,255,52530.0,1
63.0,17,42.28263473510742,-71.12765502929688,Private room,5,291,4.88,STR-476790,Roslindale,2,1.0,Welcoming large bedroom,6,f,60,3780.0,1
117.0,9,42.35805,-71.06792,Entire home/apt,29,160,4.22,none,Beacon Hill,8,1.0,Lovely 1 bedroom apartment in downtown Boston,0,t,0,0.0,0
440.0,18,42.32543,-71.10734,Entire home/apt,14,320,4.94,STR-589926,Jamaica Plain,1,4.0,Family-friendly House at Prime Location,8,f,224,98560.0,1
145.0,5,42.35823565460668,-71.06924159274057,Entire home/apt,29,146,4.8,none,Beacon Hill,8,2.0,Comfortable 2-bedroom apartment in downtown Boston,2,t,116,16820.0,0
148.0,112,42.35504531860352,-71.06221008300781,Entire home/apt,2,79,4.29,str-557154,Downtown,10,1.0,Studio in the Heart of Boston!,47,f,255,37740.0,1
261.0,6,42.33626,-71.08569,Entire home/apt,30,185,4.67,Exempt: This listing is a unit used for furnished institutional or business stays,Roxbury,39,2.0,"South End,2 bed, in unit lau,cen air, Northeastern",0,f,0,0.0,1
150.0,17,42.32789,-71.08992,Entire home/apt,1,347,4.24,STR-460218,Roxbury,32,4.0,Modern & Spacious 4-Bedroom Apartment in Roxbury,9,f,54,8100.0,1
111.0,84,42.35504531860352,-71.06221008300781,Private room,2,112,4.29,str-557119,Downtown,10,1.0,"Boston Studio, Ready For Long & Short Stays",16,f,96,10656.0,1
131.0,10,42.35624,-71.07335,Entire home/apt,30,123,4.3,Exempt: This listing is a unit used for furnished institutional or business stays,Beacon Hill,6,1.0,City Oasis | Step into Public Garden & Back Bay,3,f,180,23580.0,1
75.0,62,42.34344,-71.15595,Private room,3,226,4.9,STR-439464,Brighton,8,1.0,Paris style bedroom in a quiet Boston area,15,t,90,6750.0,1
170.0,5,42.3613,-71.06494,Entire home/apt,29,161,4.6,none,West End,8,2.0,Cozy 2-bedroom apartment in downtown Boston,0,t,0,0.0,0
120.0,10,42.36153,-71.06487,Entire home/apt,29,174,5.0,none,West End,114,1.0,Lovely studio in downtown boston,4,f,232,27840.0,0
115.0,4,42.36182,-71.0654,Entire home/apt,29,128,5.0,none,West End,114,2.0,Lovely 2 bed 2 bath beacon hill downtown boston,2,f,116,13340.0,0
211.0,25,42.37155,-71.04287,Private room,4,180,4.52,Exempt: This listing is a hotel or motel,East Boston,1,1.0,"Full 1 BDR Apt W/ Harbor Front, Skyline Views",0,f,0,0.0,1
195.0,5,42.34868,-71.13847,Entire home/apt,29,198,5.0,STR-148098,Allston,1,1.0,"1 Bdrm Condo w Parking, near BU BC, St Elizabeth",3,t,174,33930.0,1
41.0,1,42.29677,-71.08227,Private room,91,321,5.0,none,Dorchester,4,1.0,"Nice, private bedroom in Boston, close to T.",1,f,182,7462.0,0
211.0,2,42.35085,-71.08205,Entire home/apt,29,56,4.5,Exempt: This listing is a unit used for furnished institutional or business stays,Back Bay,6,1.0,Lovely Studio | Walk to Prudential & Newbury St,0,f,0,0.0,1
130.0,14,42.29756,-71.11414,Entire home/apt,2,41,5.0,STR-584222,Jamaica Plain,1,0.0,Stylish 1BR apartment near Arboretum + Peloton Row,14,f,84,10920.0,1
296.0,35,42.33391,-71.05338,Entire home/apt,1,327,4.8,STR-468136,South Boston,2,2.0,Lovely Two Bedroom Condo in South Boston,6,t,36,10656.0,1
274.0,1,42.36595,-71.06347,Entire home/apt,32,322,4.0,none,Downtown,369,1.0,"Blueground | Somerville, gym & w/d, nr green line",0,f,0,0.0,0
139.0,89,42.346661,-71.139252,Entire home/apt,2,92,4.94,STR-479831,Brighton,1,1.0,Brookline Brighton Allston private studio  Parking,26,t,156,21684.0,1
50.0,1,42.27189,-71.11775,Private room,29,87,5.0,none,Hyde Park,1,1.0,1 bedroom in owner-occupied condo.,0,f,0,0.0,0
89.0,3,42.32107,-71.05923,Entire home/apt,31,303,5.0,none,Dorchester,9,0.0,Boston studio close to JFK Station,0,f,0,0.0,0
115.0,1,42.31967,-71.05772,Entire home/apt,31,294,5.0,none,Dorchester,9,0.0,Boston New One bedroom close to JFK station,0,f,0,0.0,0
88.0,3,42.32087,-71.05931,Entire home/apt,31,180,4.67,none,Dorchester,7,0.0,Studio in Boston close to T and shopping,0,t,0,0.0,0
125.0,1,42.31968,-71.0574,Entire home/apt,31,361,5.0,none,Dorchester,7,1.0,"Boston new one bedroom, close to T and beach",0,t,0,0.0,0
57.0,79,42.35587,-71.15837,Private room,1,73,4.96,STR-530798,Brighton,2,1.0,Large Sunny room free parking,24,t,144,8208.0,1
539.0,32,42.28162,-71.12219,Entire home/apt,3,53,4.91,STR-464402,Roslindale,3,3.0,"Gorgeous 3-story, 3-bedroom home",8,t,48,25872.0,1
225.0,6,42.35063934326172,-71.08123779296875,Entire home/apt,40,169,5.0,none,Back Bay,1,1.0,Stylish living in the heart of Backbay new in Abnb,2,f,160,36000.0,0
150.0,35,42.274357,-71.088326,Entire home/apt,2,345,4.91,STR-480898,Mattapan,1,0.0,Cozy studio with kitchenette and private bathroom,17,f,102,15300.0,1
290.0,1,42.32992410000001,-71.1043268,Entire home/apt,32,356,4.0,none,Mission Hill,369,2.0,"Blueground | Longwood, nr green & orange lines",0,f,0,0.0,0
40.0,26,42.3525,-71.16243,Private room,1,345,4.31,STR-484106,Brighton,32,1.0,Charming Getaway with Smart TV and Full Kitchen,10,f,60,2400.0,1
402.0,35,42.344532,-71.079376,Entire home/apt,3,76,5.0,STR-566476,South End,6,1.0,"Cozy, adorable 1 bedroom private apartment M365-2",8,t,48,19296.0,1
261.0,4,42.33729,-71.08545,Entire home/apt,30,185,5.0,Exempt: This listing is a unit used for furnished institutional or business stays,Roxbury,11,2.0,"South End,2 bed, in unit lau,cen air, Northeastern",0,f,0,0.0,1
104.0,55,42.28377,-71.12212,Private room,2,9,4.96,STR-464402,Roslindale,3,1.0,Private floor with home office in a house w/ dogs,14,t,84,8736.0,1
325.0,5,42.33559,-71.0837,Entire home/apt,30,342,4.6,Exempt: This listing is a unit used for furnished institutional or business stays,Roxbury,39,2.0,"New renovation ,elevator, in unit laun, South End",0,f,0,0.0,1
130.0,9,42.35849,-71.06928,Entire home/apt,29,153,4.89,none,Beacon Hill,8,1.0,Lovely 1 bedroom apartment in Beacon Hill Boston,3,t,174,22620.0,0
102.0,115,42.27872,-71.07145,Entire home/apt,2,29,4.88,STR-475138,Dorchester,1,1.0,Prime City Location: Private Suite-separate entry.,42,t,252,25704.0,1
186.0,32,42.32441,-71.08664,Entire home/apt,2,31,4.66,STR-547613,Roxbury,3,2.0,Stunning Victorian with Office | Mins to Downtown,11,t,66,12276.0,1
111.0,86,42.3550474,-71.0622106,Private room,2,96,4.22,str-557123,Downtown,10,1.0,Studio for Two In A Perfect location,32,f,192,21312.0,1
208.0,4,42.35884,-71.06953,Entire home/apt,29,169,4.5,none,Beacon Hill,8,2.0,Wonderful 2-bedroom apt in Boston Beacon Hill,0,t,0,0.0,0
120.0,7,42.35864,-71.06899,Entire home/apt,29,169,3.86,none,Beacon Hill,8,1.0,Wonderful 1bedroom apartment Boston,5,t,255,30600.0,0
352.0,17,42.32173,-71.1113,Entire home/apt,2,15,4.94,STR-558231,Jamaica Plain,22,3.0,Beautiful single family home in Jamaica Plain,5,t,30,10560.0,1
81.0,25,42.25022,-71.12842,Private room,30,364,4.8,STR-468015,Hyde Park,2,1.0,Cheerful 1-bedroom in a home,0,t,0,0.0,1
138.0,20,42.30009,-71.07765,Entire home/apt,29,320,4.7,STR-482642,Dorchester,1,3.0,New Modern Apt in Boston (3 Bedroom),3,f,174,24012.0,1
110.0,5,42.360678482410094,-71.06685274276525,Entire home/apt,29,153,4.8,none,Beacon Hill,114,4.0,Lovely 4 Bedroom in Boston Beacon Hill,2,f,116,12760.0,0
275.0,56,42.2938741,-71.1524408,Entire home/apt,7,206,5.0,STR-482028,West Roxbury,1,2.0,2BR DOG-Friendly Apt in 2-Fam Home - Comfy Retreat,24,t,255,70125.0,1
260.0,157,42.34853335191449,-71.10454676740507,Entire home/apt,1,341,4.81,STR-483056,Fenway,70,1.0,Top Floor Fenway 1br w/ Patio | Keyless Entry,49,f,255,66300.0,1
90.0,52,42.25279,-71.11463,Private room,29,353,4.92,STR-522834,Hyde Park,5,1.0,Lovely - 1 bed room  Penthouse Suite free parking,1,f,58,5220.0,1
279.0,12,42.33563,-71.08578,Entire home/apt,30,363,5.0,Exempt: This listing is a unit used for furnished institutional or business stays,Roxbury,39,2.0,2BR/2BA South End Gem | Steps to Northeastern,0,f,0,0.0,1
320.0,75,42.27376,-71.17007,Entire home/apt,4,64,5.0,STR-546115,West Roxbury,1,2.0,Top of the Hill Townhouse,21,t,168,53760.0,1
238.0,33,42.32094,-71.07895,Entire home/apt,29,71,4.76,STR-568447,Roxbury,5,2.0,Upscale Unit 1 at Perrin Place.,0,f,0,0.0,1
207.0,12,42.32917,-71.0533,Entire home/apt,29,286,4.83,STR-485180,South Boston,1,2.0,Newly renovated -2 Bedroom Condo,0,t,0,0.0,1
224.0,1,42.3438654,-71.0880786,Entire home/apt,32,19,5.0,none,Fenway,369,1.0,"Blueground | Symphony, next door to laundry",0,f,0,0.0,0
338.0,1,42.3441154,-71.0995393,Entire home/apt,32,19,5.0,none,Fenway,369,0.0,"Blueground | Fenway, laundry & gym",0,f,0,0.0,0
85.0,23,42.28435,-71.05825,Private room,29,179,5.0,STR-577901,Dorchester,1,1.0,"Room in a bright, mid century modern condo",0,f,0,0.0,1
523.0,202,42.34938,-71.09293,Entire home/apt,1,171,4.82,STR-476581,Fenway,70,2.0,Luxurious Fenway 2BR Penthouse w/ Roof Deck,59,f,255,133365.0,1
234.0,14,42.3364,-71.08554,Entire home/apt,30,65,4.64,Exempt: This listing is a unit used for furnished institutional or business stays,Roxbury,39,2.0,"Northeastern,Boston Medical,in unit laundry,C/A",0,f,0,0.0,1
340.0,11,42.30711180000001,-71.1121067,Entire home/apt,29,320,4.73,STR-479745,Jamaica Plain,1,4.0,Cheerful 4-bedroom home with backyard and patio,0,f,0,0.0,1
349.0,1,42.348129,-71.080849,Entire home/apt,32,315,5.0,none,Back Bay,369,1.0,"Blueground | Back Bay, gym, w/d, fully furnished",0,f,0,0.0,0
128.0,146,42.27901,-71.1153,Entire home/apt,2,317,4.72,STR-544977,Roslindale,1,1.0,"Basement Studio w/ Kitchenette, Privacy, NEW BED!",25,f,150,19200.0,1
259.0,1,42.34041,-71.06949,Entire home/apt,180,291,5.0,none,South End,39,2.0,"Luxury 1Bed Loft, 2 Baths, Central Air, South End",0,f,0,0.0,0
212.0,153,42.36759,-71.03371,Entire home/apt,1,353,4.97,STR-545823,East Boston,1,2.0,Modern Apt Central to Logan Airport & Downtown,42,f,252,53424.0,1
422.0,80,42.2945,-71.13955,Entire home/apt,2,307,4.99,STR-586690,West Roxbury,1,4.0,Beautiful  single family house built on a hill,21,t,126,53172.0,1
165.0,3,42.3504614,-71.0579946,Entire home/apt,59,235,5.0,none,Leather District,7,2.0,"Downtown Loft 2 Bedroom, Location",0,f,0,0.0,0
244.0,31,42.33599,-71.04715,Entire home/apt,2,41,4.74,STR-485648,South Boston,1,1.0,Loft Penthouse Steps Off Broadway!,13,f,78,19032.0,1
88.0,20,42.2751934,-71.094881,Private room,29,365,4.6,STR-518065,Mattapan,2,1.0,Karlie’s Place mini suite,0,f,0,0.0,1
333.0,60,42.35652,-71.13679,Entire home/apt,2,162,4.88,STR-511359,Allston,2,3.0,Sunny 3 bed. Bu BC Harvard Boston landing&Hospit.,27,t,162,53946.0,1
103.0,7,42.3583,-71.0693,Entire home/apt,29,150,4.71,none,Beacon Hill,114,1.0,Nice 1 bed apt with extra bed @living room boston,4,f,232,23896.0,0
310.0,180,42.34782782682846,-71.09417717227724,Entire home/apt,1,53,4.79,STR-438668,Fenway,70,1.0,Lovely Fenway 1br | New to Airbnb!,47,f,255,79050.0,1
165.0,7,42.35979,-71.06557,Entire home/apt,29,154,4.86,none,Beacon Hill,114,3.0,Amazing Beacon Hill three bed two bath apt,1,f,58,9570.0,0
315.0,23,42.34408,-71.07934,Entire home/apt,1,329,4.3,STR-447236,South End,7,0.0,Copley House Premium Studio,9,f,54,17010.0,1
150.0,9,42.35974,-71.06582,Entire home/apt,29,168,5.0,none,Beacon Hill,114,1.0,Most attractive 1 bedroom apt with 2 beds Boston,5,f,255,38250.0,0
252.0,36,42.2736,-71.07226,Entire home/apt,2,349,4.92,STR-478958,Mattapan,3,3.0,Fantastic 3 bedroom Condo.Everything is brand New!,20,t,120,30240.0,1
126.0,50,42.27173,-71.07147,Entire home/apt,2,360,4.58,STR-478958,Mattapan,3,1.0,Newly Renovated oversized Studio unit,18,t,108,13608.0,1
150.0,3,42.36029,-71.06609,Entire home/apt,29,161,5.0,none,Beacon Hill,114,1.0,Lovely beacon hill one bed room apt with two beds,0,f,0,0.0,0
196.0,9,42.36091,-71.06944,Entire home/apt,29,188,5.0,none,Beacon Hill,114,2.0,Amazing two bed room apt in boston beacon hill,4,f,232,45472.0,0
161.0,7,42.36023,-71.0711,Entire home/apt,29,138,5.0,none,Beacon Hill,114,3.0,Great 3bedroom apt in downtown Boston,1,f,58,9338.0,0
204.0,17,42.27282,-71.07049,Entire home/apt,2,317,4.94,STR-525549,Mattapan,1,3.0,Lovely 3 Bedroom In Boston,13,t,78,15912.0,1
148.0,113,42.3550474,-71.0622106,Entire home/apt,2,71,4.42,STR-524468,Downtown,7,1.0,One Bedroom By Boston Common,53,f,255,37740.0,1
336.0,13,42.37017,-71.0614,Entire home/apt,1,127,5.0,STR-420570,Charlestown,8,1.0,Serenity - 36’ Aft Cabin Carver,12,t,72,24192.0,1
324.0,6,42.25127,-71.11544,Entire home/apt,29,223,5.0,STR-571090,Hyde Park,1,4.0,A sunny haven in the city!,6,f,255,82620.0,1
190.0,1,42.37449,-71.06198,Entire home/apt,90,196,5.0,none,Charlestown,1,1.0,The Hideaway in Charlestown,0,t,0,0.0,0
112.0,1,42.35442865544264,-71.0755918174982,Entire home/apt,91,166,5.0,none,Back Bay,1,0.0,Back Bay Gem: Cozy 1 bedroom Condo (main floor),1,f,182,20384.0,0
40.0,24,42.36151,-71.14337,Private room,29,292,4.5,STR-461419,Brighton,32,1.0,"Large Room w/ Bath in Furnished Apt, good Wifi!",6,f,255,10200.0,1
293.0,1,42.365947,-71.063473,Entire home/apt,32,328,5.0,none,Downtown,369,1.0,"Blueground | N. Station, w/d & gym, nr td garden",0,f,0,0.0,0
330.0,27,42.3223593,-71.1127947,Entire home/apt,6,137,5.0,STR-544844,Jamaica Plain,1,2.0,Lovely 2-Bedroom Condo by Jamaica Pond,8,t,96,31680.0,1
332.0,1,42.365947,-71.063473,Entire home/apt,32,343,5.0,none,Downtown,369,1.0,"Blueground | N. Station, w/d & gym, nr td garden",0,f,0,0.0,0
180.0,10,42.35907,-71.06728,Entire home/apt,29,161,4.8,none,Beacon Hill,114,3.0,Top quality 3 bed apt in heart of Boston,2,f,116,20880.0,0
162.0,83,42.34268369999999,-71.05653339999999,Entire home/apt,1,162,4.6,Exempt: This listing is a hotel or motel,South Boston,57,1.0,South Bos. W. Broadway - 1 BR 1 BA #301,36,f,216,34992.0,1
163.0,45,42.34268369999999,-71.05653339999999,Entire home/apt,1,148,4.38,Exempt: This listing is a hotel or motel,South Boston,57,1.0,South Bos. W Broadway - 1 BR 1 BA #401,19,f,114,18582.0,1
166.0,50,42.34268369999999,-71.05653339999999,Entire home/apt,1,177,4.52,Exempt: This listing is a hotel or motel,South Boston,57,1.0,South Bos. W Broadway - 1 BR 1 BA #201,15,f,90,14940.0,1
391.0,39,42.34914,-71.0807,Entire home/apt,1,261,4.31,Exempt: This listing is a hotel or motel,Back Bay,18,1.0,Sonder The Magnolia | Full Suite+,10,f,60,23460.0,1
291.0,17,42.35039,-71.0821,Entire home/apt,1,177,4.12,Exempt: This listing is a hotel or motel,Back Bay,18,1.0,Sonder The Magnolia | Accessible Full Suite+,4,f,24,6984.0,1
472.0,124,42.35057,-71.08177,Entire home/apt,1,298,4.45,Exempt: This listing is a hotel or motel,Back Bay,18,1.0,Sonder The Magnolia | Superior Full Suite+,51,f,255,120360.0,1
50.0,26,42.27871,-71.09947,Private room,4,313,5.0,STR-459557,Mattapan,2,1.0,Love and tranquility,7,t,56,2800.0,1
60.0,5,42.35713,-71.13,Private room,91,283,4.8,none,Allston,9,1.0,"(F) Comfortable bedroom near BU, MIT & Harvard",2,t,255,15300.0,0
392.0,43,42.3793231,-71.031711,Entire home/apt,3,204,4.95,STR-579066,East Boston,1,5.0,Cozy near Airport and Train,2,t,12,4704.0,1
80.0,6,42.31344,-71.053,Private room,29,300,5.0,none,Dorchester,3,1.0,Master bedroom & bath close to Subway and Downtown,2,t,116,9280.0,0
191.0,158,42.35851859637587,-71.05364896225989,Entire home/apt,1,255,4.77,STR-489709,Downtown,54,1.0,New! Lovely 1br | FIDI District| Keyless Entry,52,f,255,48705.0,1
408.0,203,42.35851418690993,-71.0531663803597,Entire home/apt,1,235,4.74,STR-489677,Downtown,54,2.0,Spacious 2br FIDI District | Centrally Located!,77,f,255,104040.0,1
862.0,50,42.34428399999999,-71.0697069,Entire home/apt,3,261,5.0,STR-493489,South End,1,3.0,South End Brownstone Duplex,25,t,150,129300.0,1
164.0,9,42.36031,-71.06319,Entire home/apt,29,96,4.67,none,Beacon Hill,114,3.0,Most Wonderful 3 Bedroom apt in downtown Boston,3,f,174,28536.0,0
213.0,2,42.3595,-71.06517,Entire home/apt,29,151,4.5,none,Beacon Hill,114,3.0,Top three bed apt in heart of Boston Beacon Hill,1,f,58,12354.0,0
180.0,5,42.35916,-71.06713,Entire home/apt,29,95,4.4,none,Beacon Hill,114,4.0,Top Newest 4 bed apt Beacon Hill Boston downtown,0,f,0,0.0,0
328.0,146,42.34216,-71.08169,Entire home/apt,2,289,4.9,STR-491733,South End,1,1.0,Stunning South End 1BR - private roof deck,48,t,255,83640.0,1
275.0,19,42.2882,-71.09446,Entire home/apt,2,277,4.95,STR-483331,Mattapan,1,3.0,Five75 Lux BOS - Boho Chic,0,f,0,0.0,1
541.0,3,42.34968,-71.07891,Entire home/apt,29,365,4.67,STR-466119,Back Bay,95,2.0,Sparkling 2BR / 2BA in Back Bay,0,f,0,0.0,1
575.0,3,42.34821,-71.08002,Entire home/apt,29,365,5.0,STR-466119,Back Bay,95,2.0,Modern Huge 2bed 2bath Apartment Back bay,1,f,58,33350.0,1
150.0,7,42.36038,-71.06824,Entire home/apt,29,139,4.86,none,Beacon Hill,114,1.0,Marvelous 1 bed room with nice living room 2 beds,3,f,174,26100.0,0
190.0,88,42.29687,-71.11235,Entire home/apt,3,294,4.88,STR-481824,Jamaica Plain,2,3.0,Lovely 3bedroom apartment in Boston,30,t,180,34200.0,1
230.0,7,42.36033,-71.06328,Entire home/apt,29,80,5.0,none,Beacon Hill,114,3.0,Sweetest 3bed room apt Boston BeaconHill topdeal,2,f,116,26680.0,0
208.0,5,42.35952,-71.06485,Entire home/apt,29,127,4.8,none,Beacon Hill,114,2.0,TopWonderful 2-bedroom in boston down beacon hill,2,f,116,24128.0,0
208.0,5,42.36006,-71.06725,Entire home/apt,29,164,4.8,none,Beacon Hill,114,1.0,Best 1- bedroom w cozy living room w 2 beds /view,1,f,58,12064.0,0
234.0,10,42.3124907,-71.1023494,Entire home/apt,7,16,5.0,STR-489403,Jamaica Plain,1,3.0,Spacious Family Friendly Single-Family Home in JP,3,f,42,9828.0,1
341.0,138,42.35742713365388,-71.05498999345882,Entire home/apt,1,233,4.7,STR-489707,Downtown,54,2.0,Spacious FIDI 2br/1br | Close to Everything!,42,f,252,85932.0,1
272.0,70,42.33305499999999,-71.0487466,Entire home/apt,1,210,4.81,STR-485772,South Boston,1,1.0,Clean and convenient!  Walk to Boston highlights!,21,t,126,34272.0,1
108.0,62,42.35143,-71.13293,Private room,29,247,4.15,Exempt: This listing is a unit that has contracts with hospitals,Allston,8,1.0,AL/R4 Spacious & Sunny Room in Best Boston area!,13,f,255,27540.0,1
81.0,45,42.31784,-71.05512,Private room,29,365,4.22,Exempt: This listing is a unit that has contracts with hospitals,Dorchester,8,1.0,"D/R1  Large, sunny room near Red Line, IN Boston!",2,f,116,9396.0,1
110.0,3,42.27324,-71.16277,Entire home/apt,91,230,5.0,none,West Roxbury,3,0.0,Divine Studio  suburb of Boston,1,t,182,20020.0,0
273.0,1,42.3496958,-71.081231,Entire home/apt,32,22,5.0,none,Back Bay,369,1.0,"Blueground | Back Bay, w/d, nr copley t",0,f,0,0.0,0
108.0,130,42.35345,-71.13951,Entire home/apt,2,182,4.89,STR-482962,Allston,20,0.0,Small & Cozy studio ★ 1 free parking spot ★ Clean!,39,t,234,25272.0,1
182.0,135,42.34433,-71.08268,Entire home/apt,2,181,4.87,STR-465646,Back Bay,20,0.0,Location! Location! Walk everywhere! Cute studio!,45,t,255,46410.0,1
418.0,160,42.34453,-71.08284,Entire home/apt,2,169,4.84,STR-465647,Back Bay,20,2.0,Super location ★ 2 BR Apartment ★ Walk walk walk ★,59,t,255,106590.0,1
145.0,1,42.36006947820068,-71.06982169770791,Entire home/apt,29,179,5.0,none,Beacon Hill,114,2.0,Lovely 2 bed room apt in heart boston beacon hill,1,f,58,8410.0,0
168.0,129,42.32153,-71.05485,Entire home/apt,2,229,4.88,STR-489740,Dorchester,1,1.0,10 minutes to downtown Boston,58,t,255,42840.0,1
196.0,3,42.35837,-71.06797,Entire home/apt,29,159,5.0,none,Beacon Hill,114,2.0,Most lovely 2 room studio boston heart beacon hill,2,f,116,22736.0,0
168.0,7,42.35822,-71.06583,Entire home/apt,29,169,5.0,none,Beacon Hill,114,1.0,Lovely 1 bed room with 2 beds boston beacon hill,3,f,174,29232.0,0
264.0,98,42.3173486,-71.0929748,Entire home/apt,2,162,4.92,str-551849,Roxbury,1,3.0,Cozy 3-Bedroom Home w/ Queen Beds and More,44,t,255,67320.0,1
145.0,4,42.35979,-71.06535,Entire home/apt,29,152,5.0,none,Beacon Hill,114,2.0,Most Amazing 2 Bedroom apt in Beacon Hill Boston,1,f,58,8410.0,0
126.0,2,42.2964,-71.05882,Entire home/apt,29,168,5.0,STR-489938,Dorchester,1,1.0,Lovely one bedroom Apartment in Boston.,0,f,0,0.0,1
865.0,80,42.35738,-71.07152,Entire home/apt,2,145,4.83,Exempt: This listing is a hotel or motel,Beacon Hill,57,3.0,"Beacon Hill, J. Miller Flats - 3 Bedroom Flat #1",32,f,192,166080.0,1
142.0,72,42.3088302,-71.0602971,Entire home/apt,1,17,4.85,STR-545118,Dorchester,3,2.0,Close 2 City SwankyModrn  Unit w Centrl Air,56,t,255,36210.0,1
99.0,12,42.36017,-71.07099,Entire home/apt,29,202,4.75,none,Beacon Hill,114,2.0,Most affordable 2 room studio Boston beacon hill,5,f,255,25245.0,0
219.0,5,42.27838,-71.15953,Entire home/apt,1,185,4.8,STR-513970,West Roxbury,16,1.0,Private apt on flr 2 sleeps 6 Boston vacation,2,t,12,2628.0,1
213.0,8,42.35888,-71.07127,Entire home/apt,29,162,5.0,none,Beacon Hill,114,3.0,Exquisite 3 bedroom apt in Boston Beacon Hill,3,f,174,37062.0,0
165.0,5,42.38255,-71.07385,Entire home/apt,30,287,5.0,none,Charlestown,1,1.0,"Luxury Condo Near DT | Fast Wi-Fi, Gym, Workspace",1,f,60,9900.0,0
104.0,193,42.38465,-71.00424,Private room,1,75,4.85,STR-400320,East Boston,4,1.0,Third floor large room,59,t,255,26520.0,1
104.0,203,42.38452,-71.00622,Private room,1,47,4.84,STR-398249,East Boston,4,1.0,Free parking room 2,72,t,255,26520.0,1
151.0,172,42.28288,-71.139,Entire home/apt,1,214,4.91,STR-532287,Roslindale,1,1.0,Cozy Renovated Suite w/Free St Parking near Train,62,t,255,38505.0,1
248.0,136,42.36472,-71.05683,Entire home/apt,1,97,4.89,STR-483019,North End,1,1.0,North End/TD Garden Condo w/Rooftop Deck,52,t,255,63240.0,1
371.0,187,42.35675344797994,-71.05471005204328,Entire home/apt,1,254,4.73,STR-489678,Downtown,54,2.0,Cozy 2br in Boston FIDI District,62,f,255,94605.0,1
388.0,147,42.35701237566666,-71.05481246796076,Entire home/apt,1,237,4.78,STR-489679,Downtown,54,2.0,Lavish FIDI 2br/2ba | Close to everything!,53,f,255,98940.0,1
416.0,170,42.356952467586254,-71.05509589038489,Entire home/apt,1,236,4.77,STR-489680,Downtown,54,2.0,2br/2ba FIDI Apt | Keyless Entry | Walk anywhere!,70,f,255,106080.0,1
474.0,223,42.35883208439192,-71.05460809946901,Entire home/apt,1,212,4.79,STR-489681,Downtown,54,2.0,Bright and Bold 2BR | Minutes from the T!,77,f,255,120870.0,1
33.0,31,42.31757,-71.05341,Private room,29,354,4.1,Exempt: This listing is a unit that has contracts with hospitals,Dorchester,8,1.0,"D/R2 Private, small room near Red Line, IN Boston!",1,f,58,1914.0,1
502.0,114,42.34982,-71.06879,Entire home/apt,2,288,4.89,STR-544848,Bay Village,1,2.0,Condo in downtown Boston,36,t,216,108432.0,1
351.0,102,42.34051,-71.14498,Entire home/apt,3,274,4.93,STR-492873,Brighton,1,3.0,BC/BU - Beautifully Renovated Penthouse  3-BR/2-BA,32,t,192,67392.0,1
56.0,33,42.27827,-71.09892,Private room,4,314,4.79,STR-459557,Mattapan,2,1.0,Juan & Wendy's Gateway#1,6,t,48,2688.0,1
473.0,87,42.35863594231532,-71.05500951150687,Entire home/apt,29,0,4.75,STR-489666,Downtown,54,2.0,FIDI Boston Spacious 2BR | Keyless Entry,0,f,0,0.0,1
438.0,190,42.35825,-71.05526,Entire home/apt,1,217,4.67,STR-489674,Downtown,54,2.0,"Bold, Spacious 2br in Boston's Financial District",71,f,255,111690.0,1
553.0,174,42.35878332685929,-71.05506999156788,Entire home/apt,1,223,4.74,STR-489676,Downtown,54,2.0,Airy 2BR | Fidi Boston | Walk anywhere!,75,f,255,141015.0,1
415.0,190,42.356589950524445,-71.05380253226004,Entire home/apt,1,247,4.74,STR-489682,Downtown,54,2.0,Beautiful 2BR In FIDI Boston | Self Check-in,62,f,255,105825.0,1
547.0,178,42.35727981525896,-71.05497914089749,Entire home/apt,1,226,4.8,STR-489683,Downtown,54,2.0,FIDI Boston Lovely 2BR | Close to the T!,65,f,255,139485.0,1
459.0,180,42.35681644219281,-71.05324444850807,Entire home/apt,1,253,4.74,STR-489684,Downtown,54,2.0,Gorgeous Boston 2BR | Financial District,69,f,255,117045.0,1
452.0,192,42.3579815584475,-71.05506052287039,Entire home/apt,1,233,4.72,STR-489685,Downtown,54,2.0,Open Air 2BR | FIDI Boston | Close to Everything!,70,f,255,115260.0,1
405.0,186,42.3580831477226,-71.05316686351354,Entire home/apt,1,260,4.65,STR-489686,Downtown,54,2.0,FIDI 2br | Keyless Entry | Fully Furnished,67,f,255,103275.0,1
384.0,148,42.35661866605673,-71.05438096977204,Entire home/apt,1,249,4.68,STR-489687,Downtown,54,2.0,Wonderful FIDI 2br | Keyless Entry,50,f,255,97920.0,1
282.0,150,42.35724,-71.053,Entire home/apt,1,255,4.85,STR-489689,Downtown,54,1.0,Warm 1BR in Boston FIDI | Close to Everything!,52,f,255,71910.0,1
329.0,154,42.35866684098461,-71.05489370532862,Entire home/apt,1,236,4.81,STR-489693,Downtown,54,1.0,Comfy Financial District 1br | Keyless Entry,57,f,255,83895.0,1
214.0,182,42.358049519419495,-71.05293951860236,Entire home/apt,1,258,4.73,STR-489694,Downtown,54,1.0,Boston Financial District 1BR | Walk to anything!,60,f,255,54570.0,1
269.0,172,42.35884,-71.05493,Entire home/apt,1,267,4.81,STR-489695,Downtown,54,1.0,Spacious 1br In Boston FIDI | Close to T!,59,f,255,68595.0,1
309.0,190,42.35832,-71.05316,Entire home/apt,1,258,4.84,STR-489705,Downtown,54,1.0,Bright FIDI 1br | Centrally Located,68,f,255,78795.0,1
130.0,3,42.35958,-71.06504,Entire home/apt,29,156,5.0,none,Beacon Hill,114,2.0,Most attractive 2 bed 2 bath apt in downtownBoston,1,f,58,7540.0,0
1000.0,10,42.33581,-71.03809,Entire home/apt,29,365,5.0,STR-486358,South Boston,1,3.0,South Boston Best Location!,0,f,0,0.0,1
125.0,85,42.33331,-71.10498,Entire home/apt,2,129,4.68,STR-545178,Mission Hill,18,0.0,Cute Efficiency Unit in Longwood/Fenway,30,f,180,22500.0,1
179.0,68,42.33186,-71.10578,Entire home/apt,2,202,4.59,STR-545178,Mission Hill,18,0.0,Cozy Longwood-Fenway Studio,19,f,114,20406.0,1
302.0,83,42.38509,-71.00395,Entire home/apt,3,148,4.92,STR-570193,East Boston,2,3.0,Chic Condo near T Station & Airport.,17,t,102,30804.0,1
315.0,85,42.38513940000001,-71.00392049999999,Entire home/apt,3,139,4.98,STR-492566,East Boston,2,3.0,T-Stop Getaway: Stylish Condo by the Logan Airport,30,t,180,56700.0,1
224.0,112,42.38831,-70.996,Entire home/apt,2,329,4.89,STR-560474,East Boston,1,2.0,"2bd Apt, 3 min walk to train, 7min to airport",41,t,246,55104.0,1
378.0,30,42.2981,-71.07053,Entire home/apt,2,363,4.73,STR-469079,Dorchester,2,4.0,Spacious 4BR in Boston – Clean & Near Transit,5,f,30,11340.0,1
340.0,207,42.2960199,-71.0808613,Entire home/apt,1,262,4.95,STR-491593,Dorchester,7,3.0,New! Luxurious 3-BR Apt (7B2) Near Downtown Boston,100,t,255,86700.0,1
293.0,62,42.3082134,-71.11154549999999,Entire home/apt,4,269,4.97,STR-545049,Jamaica Plain,1,2.0,All new 2-bedroom garden apartment on great block.,25,t,200,58600.0,1
195.0,6,42.34718,-71.10368,Entire home/apt,29,353,5.0,none,Fenway,4,0.0,Gorgeous Audubon Circle Studios (3),1,t,58,11310.0,0
183.0,1,42.3356856,-71.0428472,Entire home/apt,32,111,4.0,none,South Boston,369,0.0,"Blueground | South Boston, nr restaurants",1,f,64,11712.0,0
200.0,5,42.36181,-71.06578,Entire home/apt,29,159,5.0,none,West End,114,4.0,Lovely 4bed room apt@ beacon hill boston Downtown,3,f,174,34800.0,0
62.0,35,42.27188,-71.08839,Private room,5,343,4.94,STR-489962,Mattapan,1,1.0,Boston room's and studios in boston ma.usa,14,t,140,8680.0,1
44.0,1,42.29525,-71.08216,Private room,91,201,2.0,none,Dorchester,4,1.0,Lovely 1-Bedroom close to public transportation.,0,f,0,0.0,0
151.0,94,42.29734,-71.0831,Entire home/apt,1,362,4.55,STR-515555,Dorchester,64,2.0,Spacious 2bd/1ba in Dorchester 5336,16,f,96,14496.0,1
104.0,137,42.2751989,-71.0761706,Entire home/apt,1,312,4.91,STR-545047,Mattapan,1,1.0,Boston arbor oasis - cute one bedroom suite,62,t,255,26520.0,1
273.0,15,42.34757,-71.10204,Entire home/apt,90,213,4.87,Exempt: This listing is a unit used for furnished institutional or business stays,Fenway,39,2.0,"Luxury 2Bed, 2Bath, Near BU, Hospitals, Fenway",1,f,180,49140.0,1
120.0,3,42.35945,-71.06521,Entire home/apt,29,131,4.67,none,Beacon Hill,114,2.0,Lovely 2 bedroom apt Beacon Hill Boston downtown,2,f,116,13920.0,0
165.0,2,42.36003,-71.06897,Entire home/apt,29,153,5.0,none,Beacon Hill,114,3.0,Amazing 3Bedroom Apartment in Beacon Hill,1,f,58,9570.0,0
195.0,8,42.34742,-71.10491,Entire home/apt,29,310,5.0,none,Fenway,4,0.0,Gorgeous Audubon Circle Studios (4),4,t,232,45240.0,0
223.0,119,42.3487,-71.10437,Entire home/apt,1,249,4.87,STR-493755,Fenway,70,1.0,Cozy Fenway 1Br/1Ba | Close to Fenway Park!,40,f,240,53520.0,1
135.0,6,42.35017,-71.08923,Entire home/apt,29,128,5.0,none,Back Bay,1,1.0,Beautiful Back Bay 1 BR on Commonwealth Ave,4,t,232,31320.0,0
258.0,100,42.37146,-71.03357,Entire home/apt,1,338,4.59,STR-489771,East Boston,22,4.0,4BD/2BA w/ 2 King Beds! Near Airport and Subway.,28,t,168,43344.0,1
323.0,33,42.2932,-71.06254,Entire home/apt,2,289,4.88,STR-483772,Dorchester,1,3.0,BRAND NEW 3bds+2brs Apt. Minutes away from Boston.,11,t,66,21318.0,1
204.0,4,42.3167812,-71.1068123,Entire home/apt,29,95,4.75,none,Jamaica Plain,4,2.0,"Sunshine, Laundry-in-unit, Designated work area",1,t,58,11832.0,0
397.0,1,42.3511858,-71.06401699999999,Entire home/apt,32,206,5.0,none,Downtown,369,2.0,"Blueground | Chinatown/Theater Dist, gym, nr t",0,f,0,0.0,0
134.0,77,42.35581,-71.15674,Entire home/apt,2,227,4.95,STR-494245,Brighton,1,1.0,Boston In-law Suite with Private Entrance,26,f,156,20904.0,1
422.0,1,42.365947,-71.063473,Entire home/apt,32,339,5.0,none,Downtown,369,2.0,"Blueground | N Station, w/d & gym, nr td garden",0,f,0,0.0,0
150.0,118,42.37815119660565,-71.03183518957874,Entire home/apt,2,264,4.82,STR-494373,East Boston,1,1.0,Beautiful  and Cozy Apartment!,46,t,255,38250.0,1
56.0,97,42.3206,-71.05697,Private room,29,196,4.79,STR-484164,Dorchester,15,1.0,B_Large room easy commute to Boston Downtown.,25,f,255,14280.0,1
56.0,98,42.32233,-71.05546,Private room,29,196,4.8,STR-484164,Dorchester,15,1.0,D_Lovely room easy commute to Boston Downtown.,27,f,255,14280.0,1
157.0,120,42.25809,-71.12244,Entire home/apt,2,181,4.9,STR-515097,Hyde Park,1,3.0,Hidden Gem  right in the city of Boston !,52,t,255,40035.0,1
893.0,8,42.34406,-71.07557,Entire home/apt,3,169,5.0,STR-522463,South End,1,2.0,Beautiful South End 2BR apartment,5,f,30,26790.0,1
204.0,136,42.37399,-71.03466,Entire home/apt,2,151,4.89,STR-492396,East Boston,4,2.0,"Chic 2BR Boston Apt Walk to T & Logan, Great Spot",44,t,255,52020.0,1
140.0,256,42.37859,-71.03479,Private room,1,316,4.96,STR-515160,East Boston,1,1.0,Sunny room with private en suite bathroom,86,t,255,35700.0,1
620.0,101,42.34248,-71.08748,Entire home/apt,3,39,4.9,STR-416410,Fenway,1,3.0,"Location, Location, Location! - Luxury 3 Bedrooms",48,t,255,158100.0,1
68.0,15,42.35999,-71.14328,Private room,29,290,4.73,STR-461419,Brighton,32,1.0,Comfortable Living in Furnished Private Room,6,f,255,17340.0,1
74.0,1,42.2611332,-71.1158162,Private room,91,365,5.0,none,Hyde Park,3,3.0,Trendy Escape 3 bedroom Hostel with patios,0,f,0,0.0,0
157.0,110,42.28509,-71.14088,Entire home/apt,2,35,4.89,STR-494903,Roslindale,1,2.0,Transit friendly condo on quiet street,41,t,246,38622.0,1
209.0,84,42.30837,-71.11098,Entire home/apt,3,199,4.95,str-584133,Jamaica Plain,2,1.0,Peaceful Garden Apartment,25,t,150,31350.0,1
214.0,105,42.36536,-71.05187,Entire home/apt,1,302,4.85,STR-511468,North End,22,1.0,Ideal North End 1brm Central To Everything,26,t,156,33384.0,1
689.0,1,42.32821,-71.11177,Entire home/apt,29,365,5.0,Exempt: This listing is a unit used for furnished institutional or business stays,Jamaica Plain,95,2.0,Lovely luxury 2Ba 2Ba Lake view Boston,0,f,0,0.0,1
100.0,76,42.309325410537184,-71.06657593862305,Private room,2,169,4.74,STR-512015,Dorchester,4,1.0,Cozy 2,15,t,90,9000.0,1
101.0,53,42.31008,-71.06769,Private room,2,169,4.79,STR-512015,Dorchester,4,1.0,Cozy 3,13,t,78,7878.0,1
100.0,80,42.31042,-71.06703,Private room,2,169,4.7,STR-512015,Dorchester,4,1.0,Cozy 4,20,t,120,12000.0,1
40.0,11,42.35147,-71.16237,Private room,1,345,4.18,STR-484106,Brighton,32,1.0,"Cozy Room Near Charles River, Shops, and Dining",3,f,18,720.0,1
255.0,41,42.31798,-71.05273,Entire home/apt,3,130,4.56,STR-463273,Dorchester,9,2.0,"Last Minute Deals, Experience Boston, FREE Parking",16,f,96,24480.0,1
574.0,1,42.34921,-71.04141,Entire home/apt,29,365,5.0,STR-856339,South Boston Waterfront,95,2.0,Outstanding apartment in Seaport,0,f,0,0.0,1
804.0,8,42.32862,-71.11265,Entire home/apt,29,365,4.75,Exempt: This listing is a unit used for furnished institutional or business stays,Jamaica Plain,95,2.0,Outstanding luxury 2Br 2Ba apartment,0,f,0,0.0,1
574.0,8,42.32869,-71.11064,Entire home/apt,30,365,5.0,Exempt: This listing is a unit used for furnished institutional or business stays,Jamaica Plain,95,3.0,Spacious 3Br2Br apartment with astonishing view,0,f,0,0.0,1
397.0,89,42.33769997569087,-71.04779206216335,Entire home/apt,3,120,4.93,STR-512389,South Boston,1,3.0,Boston Townhouse - 3bd / 2.5ba - Central Location,55,t,255,101235.0,1
275.0,2,42.3496453,-71.0813703,Entire home/apt,32,231,5.0,none,Back Bay,369,1.0,"Blueground | Back Bay, w/d, nr newbury st",2,f,128,35200.0,0
482.0,17,42.33349,-71.04808,Entire home/apt,1,299,4.88,STR-461452,South Boston,7,2.0,"PH City Views, Spacious 2 Bed/2 Bath w/ 2 Decks",10,f,60,28920.0,1
599.0,14,42.34819,-71.04355,Entire home/apt,29,365,4.79,Exempt: This listing is a unit used for furnished institutional or business stays,South Boston Waterfront,95,2.0,Stylish 2Br2Ba apartment in Seaport,0,f,0,0.0,1
74.0,26,42.3704059242531,-71.03423446151498,Private room,2,150,4.92,STR-513668,East Boston,1,1.0,Private bedroom next to Logan Airport,8,f,48,3552.0,1
444.0,29,42.30159,-71.07647,Entire home/apt,2,267,4.69,STR-550183,Dorchester,1,4.0,New spacious 4BR w/ keyless entry& free st parking,8,f,48,21312.0,1
380.0,135,42.3460970337773,-71.07256090149903,Entire home/apt,1,193,4.98,STR-493899,South End,1,3.0,*NEW* 3 BR South End Duplex with A/C in the city!,50,t,255,96900.0,1
156.0,30,42.324499935324376,-71.0821790504146,Private room,1,169,4.77,STR-515996,Roxbury,1,1.0,Private Room in Quaint Victorian Home,1,f,6,936.0,1
200.0,55,42.3846216,-71.00165059999999,Entire home/apt,4,289,4.91,STR-523410,East Boston,1,2.0,"Minutes to Airport, Train, Downtown & Free Parking",35,t,255,51000.0,1
446.0,50,42.3775,-71.06687,Entire home/apt,3,294,4.96,STR-493935,Charlestown,1,3.0,2 Story Charlestown Gem,19,f,114,50844.0,1
80.0,6,42.31346,-71.1084,Private room,29,362,4.83,STR-512012,Jamaica Plain,1,1.0,Shady Sage Hideaway,2,f,116,9280.0,1
71.0,49,42.279479136551686,-71.15932762726267,Private room,1,252,4.94,STR-513970,West Roxbury,16,1.0,Full bed  flr 2 Boston with air conditioning,21,t,126,8946.0,1
218.0,2,42.359547,-71.0634099,Entire home/apt,32,365,5.0,none,Beacon Hill,369,2.0,"Blueground | Beacon Hill, w/d, nr boston common",0,f,0,0.0,0
350.0,1,42.35066,-71.04369,Entire home/apt,29,48,5.0,STR-590366,South Boston Waterfront,29,2.0,Lux 2 BR/2 Bath w/ Amenities,0,f,0,0.0,1
120.0,110,42.36716,-71.03568,Entire home/apt,1,3,4.91,STR-544991,East Boston,3,1.0,Studio Getaway,34,t,204,24480.0,1
70.0,6,42.29318,-71.06116,Private room,32,197,4.83,none,Dorchester,3,1.0,"Private bedroom, private bath, off-street parking",2,t,128,8960.0,0
243.0,16,42.34450252864977,-71.08865586441802,Entire home/apt,1,133,4.88,STR-568786,Fenway,57,1.0,Symphony Suites #1 | Back Bay & Fenway,16,f,96,23328.0,1
229.0,1,42.3527433,-71.12187410000001,Entire home/apt,32,67,5.0,none,Allston,369,1.0,"Blueground | Allston, nr boston u & green line",0,f,0,0.0,0
177.0,104,42.28212,-71.13348,Entire home/apt,2,255,4.92,STR-584689,Roslindale,2,1.0,Modern 1BR apt in Boston’s Roslindale Village,26,t,156,27612.0,1
539.0,42,42.36573559191125,-71.0635662759697,Entire home/apt,1,299,4.9,STR-759360,Downtown,95,2.0,Luxurious 2BR 2BA Condo Historic West End.a,2,f,12,6468.0,1
1133.0,6,42.3585533,-71.06614259999999,Entire home/apt,29,136,5.0,STR-518990,Beacon Hill,1,4.0,Rare Beacon Hill Gem,1,f,58,65714.0,1
110.0,5,42.35936740577958,-71.06949858833637,Entire home/apt,29,167,5.0,none,Beacon Hill,114,1.0,Amazing 1 bedroom apt in Boston,1,f,58,6380.0,0
193.0,127,42.36667,-71.05215,Entire home/apt,1,330,4.89,STR-515319,North End,22,0.0,Perfect North End Studio,35,t,210,40530.0,1
450.0,9,42.35249943901865,-71.0642236854983,Entire home/apt,29,180,5.0,Exempt: This listing is a unit used for furnished institutional or business stays,Downtown,8,3.0,Chinatown Upscale Penthouse Boston Common Pool Gym,0,t,0,0.0,1
1558.0,18,42.34822,-71.0692,Entire home/apt,2,274,5.0,STR-516061,Bay Village,2,4.0,Luxurious & Spacious Townhome,16,t,96,149568.0,1
145.0,3,42.36017967439299,-71.06712181856926,Entire home/apt,29,138,5.0,none,Beacon Hill,114,1.0,Nicest 1bedroom apt with 2beds in Boston,2,f,116,16820.0,0
220.0,137,42.27013,-71.10741,Entire home/apt,29,212,4.91,STR-513973,Hyde Park,4,3.0,3 Bed Large Boston home for groups with parking,35,f,255,56100.0,1
180.0,4,42.358534336470825,-71.06795589245175,Entire home/apt,29,148,4.25,none,Beacon Hill,114,2.0,Boston 2 Bedroom Apartment,1,f,58,10440.0,0
27.0,6,42.27713,-71.08175,Private room,30,171,4.83,STR-515739,Mattapan,4,1.0,A Sweeter Place (C) managed by Andrea,3,f,180,4860.0,1
247.0,154,42.32428,-71.07315,Entire home/apt,1,275,4.97,STR-545053,Roxbury,1,2.0,Hidden Gem 2 BR/1BA near Zoo 3 mil downtown Fenway,55,t,255,62985.0,1
150.0,9,42.360798857003445,-71.06740890836511,Entire home/apt,29,167,5.0,none,Beacon Hill,114,1.0,Heart of Boston 1 bed 1 sofa bed,4,f,232,34800.0,0
90.0,2,42.31971,-71.05937,Entire home/apt,31,364,3.0,none,Dorchester,9,0.0,"Boston Studio, 7 minute walk to T",1,f,62,5580.0,0
330.0,2,42.35035,-71.0455,Entire home/apt,29,27,5.0,Exempt: This listing is a unit used for furnished institutional or business stays,South Boston Waterfront,29,2.0,Lux 2Bed/2Bath in Seaport,0,f,0,0.0,1
131.0,2,42.33316,-71.10965,Entire home/apt,30,122,3.5,none,Mission Hill,58,2.0,109S3 | The Strathmore 3 w/AC | 2BR 2BA | Bi-Level,2,f,120,15720.0,0
303.0,36,42.28187,-71.11391,Entire home/apt,29,225,4.92,STR-519654,Roslindale,4,5.0,5 Bed Boston Home with free parking,30,f,255,77265.0,1
1350.0,26,42.34925,-71.0841,Entire home/apt,2,238,4.85,STR-520200,Back Bay,1,3.0,Art Penthouse / Roofdeck in the Heart of Boston,6,t,36,48600.0,1
160.0,2,42.37886659999999,-71.03279979999999,Entire home/apt,90,307,5.0,none,East Boston,1,3.0,Beautiful Fully Renovated Monthly Rental Furnished,0,t,0,0.0,0
180.0,8,42.36593455069983,-71.0355713888855,Entire home/apt,29,252,5.0,none,East Boston,2,1.0,One T stop from Downtown,2,t,116,20880.0,0
75.0,26,42.27778149851245,-71.1608659183274,Private room,1,266,4.85,STR-513970,West Roxbury,16,1.0,Single bed on floor 2 with air conditioner,10,t,60,4500.0,1
88.0,38,42.27934864405998,-71.16129037469021,Private room,1,187,5.0,STR-513970,West Roxbury,16,1.0,Double bed & pull out couch with air conditioning,21,t,126,11088.0,1
225.0,45,42.289678488923215,-71.08004640230429,Entire home/apt,2,350,4.93,STR-460728,Dorchester,2,2.0,Boston's Finest 2 Bedroom Home,16,t,96,21600.0,1
140.0,4,42.36024,-71.06741,Entire home/apt,29,107,5.0,none,Beacon Hill,114,1.0,Boston Beacon Hill Studio Double bed,1,f,58,8120.0,0
140.0,3,42.35824311593556,-71.06601636102484,Entire home/apt,29,161,5.0,none,Beacon Hill,114,2.0,Beacon Hill 2 bed apt affordable,3,f,174,24360.0,0
168.0,1,42.26668,-71.12718,Entire home/apt,91,364,5.0,none,Hyde Park,1,3.0,Entire 2BR home near shops & public transportation,0,f,0,0.0,0
300.0,39,42.322700702865255,-71.09304891117581,Entire home/apt,29,269,4.64,STR-539410,Roxbury,1,3.0,Fort Hill/Highland Park Townhome,0,f,0,0.0,1
191.0,118,42.34997,-71.09586,Entire home/apt,2,129,4.95,STR-518214,Fenway,20,1.0,Walk! Location! Steps from the T! 1 BR / 1st floor,48,t,255,48705.0,1
282.0,128,42.31948,-71.10599,Entire home/apt,2,330,4.87,STR-518597,Jamaica Plain,1,2.0,JP Artist Oasis.,49,t,255,71910.0,1
336.0,9,42.37175,-71.05956,Private room,1,142,4.78,STR-545898,Charlestown,8,1.0,Harbor View - Harbor View,8,t,48,16128.0,1
217.0,3,42.346708771466666,-71.15158382803202,Entire home/apt,91,224,5.0,none,Brighton,1,3.0,Renovated 3Br/1.5baths. Parking. Great location.,1,t,182,39494.0,0
175.0,170,42.29714,-71.08037,Entire home/apt,1,330,4.94,STR-491593,Dorchester,7,1.0,Newly Cozy 1-BR Apt (7B1) Near To Downtown Boston,73,t,255,44625.0,1
215.0,4,42.2879258,-71.1399203,Private room,3,364,4.75,STR-546206,Roslindale,3,2.0,Welcome to Your Private Oasis,1,f,6,1290.0,1
225.0,10,42.35882959382679,-71.06726795707483,Entire home/apt,29,162,4.8,none,Beacon Hill,114,2.0,Boston 2-bedroom apt w living room,5,f,255,57375.0,0
355.0,189,42.295936,-71.080832,Entire home/apt,1,266,4.94,STR-491593,Dorchester,7,3.0,New Luxurious 3-BR Apt (9B2) Near Downtown Boston,76,t,255,90525.0,1
269.0,1,42.3527433,-71.12187410000001,Entire home/apt,32,190,2.0,none,Allston,369,2.0,"Blueground | Allston, nr boston u & green line",0,f,0,0.0,0
269.0,4,42.3527433,-71.12187410000001,Entire home/apt,32,291,4.75,none,Allston,369,2.0,"Blueground | Allston, nr boston u & green line",0,f,0,0.0,0
135.0,86,42.390197149246475,-71.00069295197193,Entire home/apt,1,72,4.72,STR-566522,East Boston,2,1.0,Studio in East Boston #2,37,f,222,29970.0,1
110.0,1,42.25012042866413,-71.13245536960848,Entire home/apt,30,155,5.0,none,Hyde Park,11,2.0,2bd in Quiet boston neighborhood near mbta,0,f,0,0.0,0
267.0,1,42.365947,-71.063473,Entire home/apt,32,0,5.0,none,Downtown,369,0.0,"Blueground | N Station, w/d & gym, nr td garden",0,f,0,0.0,0
500.0,10,42.27776,-71.11733,Entire home/apt,29,322,4.5,STR-419049,Roslindale,12,3.0,Very Nice 3Bedroom Close To Boston + Free Parking,0,f,0,0.0,1
222.0,5,42.33319799852546,-71.0478741472269,Private room,29,364,4.0,STR-461452,South Boston,7,1.0,Updated South Boston Unit with Deck,0,f,0,0.0,1
122.0,5,42.3607929,-71.1262631,Entire home/apt,45,134,5.0,STR-383892,Allston,8,0.0,StudioDeluxe near Harvard Business School,2,t,180,21960.0,1
135.0,114,42.389828263890514,-71.00259027290345,Entire home/apt,1,62,4.73,STR-544965,East Boston,2,1.0,Studio in E. Boston #1,51,f,255,34425.0,1
186.0,82,42.31201,-71.06022,Entire home/apt,1,328,4.95,STR-492134,Dorchester,1,1.0,Guest Suite on the Hill,37,t,222,41292.0,1
680.0,61,42.36003795522229,-71.12327506728496,Entire home/apt,1,327,4.87,STR-519533,Allston,2,7.0,Boston Historical Urban Oasis,33,t,198,134640.0,1
369.0,233,42.295945,-71.080569,Entire home/apt,1,242,4.96,STR-491593,Dorchester,7,3.0,New Deluxe 3-BR Apt (7W2) Near Downtown Boston,114,t,255,94095.0,1
428.0,169,42.2958734,-71.08054650000001,Entire home/apt,1,286,4.95,STR-491593,Dorchester,7,3.0,A New Deluxe 3-BR Apt (9W2) Near Downtown Boston,72,t,255,109140.0,1
205.0,115,42.32430523674081,-71.06804419511593,Entire home/apt,1,272,4.86,Str-520115,Roxbury,1,2.0,Chic 2BR in the heart of Boston,33,f,198,40590.0,1
50.0,53,42.301319,-71.165781,Private room,1,28,4.91,STR-520249,West Roxbury,1,1.0,Cozy room for your trip.,0,f,0,0.0,1
459.0,1,42.34264,-71.10107,Entire home/apt,29,365,5.0,Str-353545,Fenway,95,1.0,Modern Luxury apt in Watertown,0,f,0,0.0,1
54.0,15,42.277853675096054,-71.16010426966892,Private room,1,191,4.8,STR-513970,West Roxbury,16,1.0,Twin bed flr 2/3 with air conditioner,9,t,54,2916.0,1
178.0,2,42.27818334565676,-71.16146609349464,Entire home/apt,1,191,5.0,STR-513970,West Roxbury,16,2.0,Private sleeps 4 flr 3 Boston vacation,1,t,6,1068.0,1
160.0,5,42.35902,-71.06542,Entire home/apt,29,168,4.6,none,Beacon Hill,114,3.0,Best central Boston 3 bed Apt,2,f,116,18560.0,0
450.0,53,42.335234,-71.054872,Entire home/apt,3,279,4.96,str-519800,South Boston,1,3.0,"Cozy, comfortable and convenient",22,t,132,59400.0,1
205.0,61,42.297686,-71.113484,Entire home/apt,3,251,4.98,STR-518539,Jamaica Plain,2,3.0,Charming & bright 3bedroom Apt,25,t,150,30750.0,1
206.0,108,42.36517738844505,-71.05263340741818,Entire home/apt,1,320,4.84,STR-520557,North End,22,1.0,Exquisite North End 1brm,34,t,204,42024.0,1
192.0,139,42.36726277067371,-71.05232351801394,Entire home/apt,1,327,4.91,STR-520558,North End,22,0.0,Modern North End Studio,44,t,255,48960.0,1
107.0,10,42.28793,-71.13991,Private room,1,365,5.0,STR-546206,Roslindale,3,1.0,Welcome to the Aqua Room,2,f,12,1284.0,1
108.0,4,42.28793,-71.13992,Private room,1,365,4.75,STR-546206,Roslindale,3,1.0,Welcome to The Lavender Room,1,f,6,648.0,1
27.0,8,42.2778739,-71.0824847,Private room,30,223,5.0,STR-521861,Mattapan,4,1.0,A Sweet Place (B) managed by Andrea,4,f,240,6480.0,1
74.0,2,42.27865667330715,-71.08178761407363,Entire home/apt,30,200,3.5,STR-524303,Mattapan,4,2.0,An Even Sweeter Place managed by Andrea,1,f,60,4440.0,1
303.0,1,42.3522851,-71.05910879999999,Entire home/apt,32,321,5.0,none,Chinatown,369,1.0,"Blueground | Financial District, gym, nr greenway",0,f,0,0.0,0
197.0,94,42.35730177094459,-71.05326282459265,Entire home/apt,1,37,4.63,STR-461939,Downtown,70,1.0,Financial District Charm | Walk anywhere!,36,f,216,42552.0,1
255.0,79,42.3486,-71.08625,Entire home/apt,1,240,4.59,STR-520909,Back Bay,70,1.0,Beautiful Newbury St. 1Br,50,f,255,65025.0,1
272.0,64,42.348301150228934,-71.08446960340625,Entire home/apt,1,228,4.67,STR-520910,Back Bay,70,1.0,Cozy Back Bay | 1Br / 1Bath!,34,f,204,55488.0,1
350.0,85,42.35106434619906,-71.0819839547802,Entire home/apt,11,233,4.69,STR-520911,Back Bay,70,1.0,Monthly Newbury Street Gem,41,f,255,89250.0,1
297.0,77,42.34819947769173,-71.08644007542718,Entire home/apt,1,234,4.75,STR-520912,Back Bay,70,1.0,Centrally Located Back Bay 1Br!,29,f,174,51678.0,1
242.0,58,42.34870643018961,-71.08644605772977,Entire home/apt,1,257,4.62,STR-520914,Back Bay,70,1.0,Wonderful Newbury 1 Bedroom!,24,f,144,34848.0,1
230.0,97,42.34844,-71.08605,Entire home/apt,1,259,4.72,STR-520913,Back Bay,70,1.0,Stunning Back Bay | 1Br / 1Bth,43,f,255,58650.0,1
140.0,125,42.2958734,-71.08054650000001,Entire home/apt,1,352,4.91,STR-491593,Dorchester,7,1.0,Cozy New Built 1-BR Apt (9W1) Near Downtown Boston,62,t,255,35700.0,1
185.0,2,42.359362,-71.0682975,Entire home/apt,2,281,5.0,STR-589859,Beacon Hill,2,1.0,Studio in Heart of Beacon Hill (Downtown Boston),2,f,12,2220.0,1
220.0,2,42.359362,-71.0682975,Entire home/apt,29,365,4.5,none,Beacon Hill,2,1.0,Charming Beacon Hill 1bd in Brownstone,1,f,58,12760.0,0
127.0,9,42.32289973146069,-71.11363270178217,Entire home/apt,29,306,4.89,none,Jamaica Plain,1,2.0,Convenient & cozy 2BD in JP - 1 mile to hospitals,4,t,232,29464.0,0
109.0,78,42.3117713,-71.11527120000001,Entire home/apt,1,49,4.81,STR-561503,Jamaica Plain,1,1.0,Cozy 1B1B in the heart of JP,52,t,255,27795.0,1
285.0,17,42.3560237,-71.1368711,Entire home/apt,2,150,4.12,STR-522067,Allston,4,2.0,24-Renovated 2 bedroom only 8 min from the city,5,f,30,8550.0,1
280.0,6,42.33287,-71.09857,Entire home/apt,1,262,4.83,STR-521770,Mission Hill,70,1.0,Beautiful Mission Hill 1Br/Ba!,2,f,12,3360.0,1
303.0,14,42.331554054259264,-71.09869749195016,Entire home/apt,1,261,4.86,STR-521769,Mission Hill,70,1.0,Wonderful 1BR in Mission Hill!,6,f,36,10908.0,1
254.0,27,42.33238913992304,-71.10074118946933,Entire home/apt,1,268,4.81,STR-521767,Mission Hill,70,1.0,Spacious Mission Hill Studio!,8,f,48,12192.0,1
311.0,94,42.33107906800154,-71.10018509120489,Entire home/apt,1,143,4.89,STR-521766,Mission Hill,70,2.0,New! Gorgeous 2Br | Mission Hill,50,f,255,79305.0,1
195.0,40,42.27294408892755,-71.0991840898128,Entire home/apt,29,361,4.85,STR-586958,Mattapan,1,2.0,Comfortable quiet 2 bedroom 1bath,14,t,255,49725.0,1
294.0,165,42.31355842721171,-71.08467057133451,Entire home/apt,2,204,4.85,STR-523111,Roxbury,1,4.0,Spacious multi-level 4 bed /2bath Apt. in Boston,49,t,255,74970.0,1
177.0,3,42.31059,-71.1056,Entire home/apt,30,313,5.0,none,Jamaica Plain,11,2.0,3bd  apt w/office close to orange line w/parking,0,f,0,0.0,0
93.0,257,42.28842855280418,-71.08932835489816,Entire home/apt,29,121,4.73,STR-597677,Dorchester,1,1.0,Cozy boiler room apartment,90,f,255,23715.0,1
192.0,26,42.34183,-71.0558,Private room,2,171,4.35,Exempt: This listing is a hotel or motel,South Boston,57,1.0,"Quarters on Broadway, South Boston 406 Bunk",8,f,48,9216.0,1
254.0,73,42.3174703,-71.0801929,Entire home/apt,1,318,4.95,STR-522415,Roxbury,1,2.0,Modern 2 Bedroom in Boston,32,f,192,48768.0,1
93.0,4,42.31921,-71.05955,Entire home/apt,31,285,4.75,none,Dorchester,7,0.0,Boston Studio walk to T Station,1,t,62,5766.0,0
105.0,20,42.32405,-71.06407,Private room,29,122,4.8,STR-522926,Dorchester,4,1.0,Charming Boston Private Suite &,2,f,116,12180.0,1
49.0,58,42.27181826278737,-71.15057809070238,Private room,30,67,4.93,STR-545825,West Roxbury,4,1.0,Private Study Room,45,t,255,12495.0,1
225.0,13,42.33033,-71.07118,Entire home/apt,3,62,4.69,STR-522402,Roxbury,1,2.0,A Modern home right in Boston,5,f,30,6750.0,1
326.0,2,42.3475057,-71.1010258,Entire home/apt,32,322,5.0,none,Fenway,369,0.0,"Blueground | Fenway, roof & gym, nr fenway park",1,f,64,20864.0,0
80.0,1,42.31909695304579,-71.05518899346905,Private room,29,230,3.0,Exempt: This listing is a unit that has contracts with hospitals,Dorchester,8,1.0,D/R4 Lovely private-bed near Train,0,f,0,0.0,1
58.0,14,42.32197993468771,-71.1027149189887,Private room,1,36,4.36,Exempt: This listing is a unit used for furnished institutional or business stays,Jamaica Plain,2,1.0,Welcoming 1 bedroom C,3,f,18,1044.0,1
318.0,154,42.3651757086422,-71.03671754053205,Entire home/apt,1,245,4.97,STR-555372,East Boston,2,2.0,"Nxt to ocean, 5 min dntwn by T",54,t,255,81090.0,1
441.0,22,42.27585996935596,-71.07228684526291,Entire home/apt,4,281,4.91,STR-549122,Mattapan,1,5.0,Residential home with free parking,10,t,80,35280.0,1
203.0,77,42.289883,-71.1394402,Entire home/apt,2,119,4.95,STR-523310,Roslindale,1,3.0,"Forever Boston-5 mil Fenway, FreePrkg",33,t,198,40194.0,1
252.0,12,42.35063833281663,-71.09297187157289,Entire home/apt,1,229,4.67,STR-476579,Fenway,70,0.0,Cozy Back Bay Studio | Close to Fenway!,12,f,72,18144.0,1
107.0,69,42.316437223274896,-71.10064383529887,Private room,3,24,4.97,STR-538103,Jamaica Plain,1,1.0,JP Gem: Near Orange Line & Food,42,t,252,26964.0,1
411.0,114,42.35546,-71.06294,Entire home/apt,3,210,4.79,STR-460528,Downtown,70,4.0,Almost there!  4bed 2bath Apartment in Downtown,70,f,255,104805.0,1
490.0,4,42.34263299743971,-71.06311311808622,Entire home/apt,29,365,5.0,STR-180737,South End,2,2.0,Luxury apartment in south end!,0,f,0,0.0,1
393.0,27,42.279007146693225,-71.09426341045074,Entire home/apt,2,269,5.0,STR-522459,Mattapan,1,3.0,Best Place To Rest,13,t,78,30654.0,1
312.0,134,42.35884411390937,-71.05492076260008,Entire home/apt,1,259,4.81,STR-489708,Downtown,54,1.0,Luxurious 1BR in FIDI Boston | Close to Everything,62,f,255,79560.0,1
544.0,39,42.34974,-71.06737,Entire home/apt,29,137,4.79,STR-481123,Bay Village,70,1.0,Charming Theater District 1Br | Walk Anywhere!,0,f,0,0.0,1
244.0,89,42.35918176984304,-71.05380096814993,Entire home/apt,1,65,4.61,STR-424130,Downtown,70,1.0,Pet Friendly - Laundry in Bldg - FIDI,41,f,246,60024.0,1
110.0,2,42.314918197821875,-71.0556744600529,Entire home/apt,29,76,5.0,none,Dorchester,1,1.0,Spacious Savin Hill Apt mins from Redline,1,f,58,6380.0,0
183.0,39,42.28978,-71.13582,Entire home/apt,29,130,4.82,STR-461034,Roslindale,7,2.0,Boston Bunkers,12,t,255,46665.0,1
302.0,40,42.31381,-71.08926,Entire home/apt,1,316,5.0,STR-560204,Roxbury,1,4.0,Spacious & Stylish 4-BR w/ 4-BA Apt near DT,38,t,228,68856.0,1
341.0,4,42.32853,-71.11256,Entire home/apt,29,90,4.5,STR-734567,Jamaica Plain,95,2.0,Lovely corner condo in Boston close to Hospitals,0,f,0,0.0,1
86.0,59,42.28312,-71.09187,Private room,1,269,4.85,STR-524356,Mattapan,1,1.0,Private room in Boston Neighborhood (1st Fl),22,t,132,11352.0,1
45.0,4,42.3140755,-71.05715889999999,Private room,29,341,4.0,none,Dorchester,3,1.0,Djady’s,2,t,116,5220.0,0
340.0,76,42.29362,-71.13868,Entire home/apt,3,317,4.99,STR-518362,West Roxbury,1,2.0,Upscale Boston 2 BR w/ Off Street Parking,34,t,204,69360.0,1
277.0,46,42.36971097877554,-71.04019015026245,Entire home/apt,2,241,4.76,STR-524764,East Boston,1,3.0,Location+Comfort+Convenience!,18,f,108,29916.0,1
350.0,2,42.3263693,-71.0918622,Entire home/apt,29,322,5.0,none,Roxbury,1,3.0,Single Family with comfort plus location.,2,f,116,40600.0,0
700.0,1,42.37930140632935,-71.06538013831026,Entire home/apt,29,88,5.0,STR-525162,Charlestown,1,4.0,Mystic River House,0,t,0,0.0,1
402.0,40,42.283682954683336,-71.07296703274152,Entire home/apt,1,349,4.83,STR-522922,Dorchester,6,3.0,Lovely 3 bedroom 2 bath “6 miles from downtown”,12,f,72,28944.0,1
592.0,81,42.3349257,-71.0449714,Entire home/apt,2,318,4.95,STR-401897,South Boston,1,4.0,Heart of Southie - Hot Tub + Walk to Top Bars,36,t,216,127872.0,1
180.0,45,42.2786954,-71.11786239999999,Entire home/apt,3,271,4.89,STR-522292,Roslindale,1,2.0,"Roslindale Condo,W/D in unit,2 BDR,Free Parking",16,t,96,17280.0,1
158.0,1,42.31914890858806,-71.0543593840498,Entire home/apt,29,364,5.0,STR-524924,Dorchester,1,1.0,Boston Getaway,0,f,0,0.0,1
148.0,213,42.292908,-71.0629855,Private room,1,12,4.98,STR-482961,Dorchester,3,1.0,"Suite Boston, With Private Bath",84,t,255,37740.0,1
100.0,18,42.32426,-71.10649,Private room,1,65,4.89,STR-552508,Jamaica Plain,9,1.0,Private Room in a House (Red Tulip),10,t,60,6000.0,1
132.0,10,42.32406084251169,-71.10620076790872,Private room,2,25,4.9,STR-552508,Jamaica Plain,9,1.0,Private Room (Violet) in a House,2,t,12,1584.0,1
100.0,12,42.34111233139622,-71.07471588434498,Private room,30,198,4.92,none,South End,1,1.0,Stylish Room in South End + Private Patio,6,t,255,25500.0,0
277.0,4,42.34081347370269,-71.1012587845715,Entire home/apt,1,258,5.0,STR-519403,Fenway,70,0.0,Cozy Central Fenway Studio,4,f,24,6648.0,1
109.0,2,42.32136235398295,-71.05950816707173,Entire home/apt,31,333,5.0,none,Dorchester,9,1.0,Boston 1 bedrm/livingrm close T,1,f,62,6758.0,0
281.0,134,42.3672321,-71.0383392,Entire home/apt,1,246,4.96,STR-523013,East Boston,1,2.0,Quiet brownstone close to city,65,t,255,71655.0,1
90.0,9,42.317710297890656,-71.05689192691577,Private room,29,270,4.89,none,Dorchester,3,1.0,Downtown Boston - Maison Moderne,4,t,232,20880.0,0
109.0,2,42.32121927779309,-71.05758894719567,Entire home/apt,30,361,5.0,none,Dorchester,9,1.0,Boston 1 bed/livingrm close to T,0,f,0,0.0,0
550.0,90,42.3509,-71.14514,Entire home/apt,1,168,4.99,STR-522682,Allston,1,3.0,"New 3 bedroom, 2 bath unit, meadow view!",42,t,252,138600.0,1
136.0,4,42.31936111146322,-71.0576935235636,Entire home/apt,31,361,4.75,none,Dorchester,9,0.0,"1 bed/kitchen, 7 minutes to T",0,f,0,0.0,0
117.0,23,42.32559,-71.06459,Private room,29,56,4.35,STR-544842,Dorchester,4,1.0,Boston Private Modern Bedroom in Boston,4,f,232,27144.0,1
242.0,1,42.3311374,-71.0469214,Entire home/apt,32,262,3.0,none,South Boston,369,1.0,"Blueground | South Boston, w/d, nr carson Bbeach",0,f,0,0.0,0
1093.0,22,42.34268619963691,-71.07805605844173,Entire home/apt,3,324,5.0,STR-418362,South End,1,3.0,South End Stunner/walk to all the neighborhoods!,10,t,60,65580.0,1
190.0,53,42.3469948,-71.1452694,Entire home/apt,1,100,4.87,STR-569345,Brighton,38,1.0,Ideal for long stays | Chic downtown glass suite,44,t,255,48450.0,1
162.0,114,42.36017770501304,-71.06564076074733,Private room,2,323,4.71,STR-590834,Beacon Hill,3,1.0,Private Double Bedroom in Beacon Hill (Bedroom #2),46,t,255,41310.0,1
77.0,148,42.36003164153384,-71.06746991939835,Private room,2,249,4.84,STR-519747,Beacon Hill,3,1.0,Private Bedroom in Beacon Hill (Bedroom #1),64,t,255,19635.0,1
69.0,105,42.3581736763962,-71.06559134916827,Shared room,2,347,4.79,STR-590834,Beacon Hill,3,1.0,Ottoman Cot in Beacon Hill,46,t,255,17595.0,1
158.0,73,42.35039487296866,-71.09370635747206,Entire home/apt,2,176,4.79,STR-524856,Fenway,20,0.0,Walk! Location! - First floor! - Steps from the T!,31,t,186,29388.0,1
176.0,6,42.34083,-71.0799,Entire home/apt,1,348,4.33,LB-434068,South End,15,1.0,Authentic Brownstone Boston Studio!,4,f,24,4224.0,1
804.0,11,42.34594,-71.06483,Entire home/apt,29,365,5.0,Exempt: This listing is a unit used for furnished institutional or business stays,South End,95,2.0,Luxury 2Br 2Ba bathrooms South End Boston Balcony,2,f,116,93264.0,1
194.0,86,42.34786,-71.14511,Entire home/apt,1,61,4.85,STR-569353,Brighton,38,1.0,Ideal for long stays | elegant suite Boston views,29,t,174,33756.0,1
440.0,142,42.33467151684205,-71.08334665548122,Entire home/apt,2,264,4.96,STR-525603,Roxbury,5,3.0,Charming South End Farmhouse - Near Northeastern!,64,t,255,112200.0,1
199.0,41,42.333891348395305,-71.1064474663934,Entire home/apt,2,201,4.73,STR-545176,Mission Hill,18,0.0,Cute Studio in Longwood/Fenway,24,f,144,28656.0,1
140.0,83,42.33285,-71.10488,Entire home/apt,2,151,4.83,Str-545178,Mission Hill,18,0.0,Stylish Compact Efficiency Unit - Longwood/Fenway,50,f,255,35700.0,1
69.0,10,42.33734830810711,-71.07831660658121,Private room,29,48,5.0,STR-526853,Roxbury,1,1.0,Private Room Near Boston University Medical Campus,1,t,58,4002.0,1
224.0,41,42.37885436946893,-71.0319274351848,Entire home/apt,2,41,4.88,STR-541684,East Boston,1,1.0,Eastie near the airport Great location,22,t,132,29568.0,1
151.0,37,42.336180098174786,-71.02861688707804,Private room,1,65,5.0,STR-537705,South Boston,2,1.0,Boston by the beach with patio & private bathroom!,24,t,144,21744.0,1
599.0,3,42.348344237681346,-71.04350941620852,Entire home/apt,29,365,5.0,str-007936,South Boston Waterfront,95,2.0,"Seaport Gem:Stylish 2BR/2BA Condo, Luxurious touch",0,f,0,0.0,1
100.0,1,42.3194004182431,-71.05758102174532,Entire home/apt,29,361,5.0,none,Dorchester,7,1.0,"New Boston 1bed/living, close T",0,t,0,0.0,0
250.0,10,42.31445,-71.09751,Entire home/apt,2,353,5.0,STR-528400,Jamaica Plain,1,3.0,Charming New England Artist House,3,f,18,4500.0,1
159.0,69,42.2905563,-71.0523528,Entire home/apt,2,126,4.72,STR-525637,Dorchester,1,2.0,Charming vintage apartment!,35,f,210,33390.0,1
103.0,1,42.3507,-71.06544,Entire home/apt,29,359,5.0,STR-422488,Downtown,32,1.0,"Downtown Studio Apt, Perfect for Medical Workers",0,f,0,0.0,1
114.0,48,42.35666,-71.16563,Private room,1,355,4.96,STR-531923,Brighton,1,1.0,Korean Gem in Brighton,21,t,126,14364.0,1
210.0,3,42.3766504,-71.0346948,Entire home/apt,29,229,4.33,STR-528743,East Boston,1,2.0,Amazing 3BR w/ Private Rooftop,1,f,58,12180.0,1
804.0,3,42.3496,-71.04379,Entire home/apt,29,365,4.33,STR-264768,South Boston Waterfront,95,3.0,Stunning. Unique. And Very Upscale 3BR 2BA W&Dryer,0,f,0,0.0,1
459.0,3,42.36032093963335,-71.14837356544191,Entire home/apt,29,365,5.0,Exempt: This listing is a unit used for furnished institutional or business stays,Brighton,95,2.0,"Modern Luxurious Charles River View, 2BR 2BA Condo",0,f,0,0.0,1
362.0,28,42.366014916445515,-71.0304134908038,Entire home/apt,2,17,5.0,STR-528989,East Boston,1,2.0,Cozy Oasis Minutes From Logan,13,t,78,28236.0,1
177.0,2,42.34677,-71.14316,Entire home/apt,29,39,5.0,none,Brighton,4,2.0,Homey 2BR 2BA Apartment Close to Boston Downtown,0,f,0,0.0,0
328.0,95,42.35758,-71.0556,Entire home/apt,1,234,4.73,STR-489710,Downtown,54,2.0,Luxury Loft | W/D in Unit | Pet Friendly,41,f,246,80688.0,1
398.0,5,42.3772,-71.0234,Entire home/apt,29,365,4.4,STR-546064,East Boston,4,4.0,Spacious apt 5min drive Downtown~,0,f,0,0.0,1
209.0,22,42.39006727537949,-71.00597769672298,Entire home/apt,3,185,5.0,STR-464151,East Boston,1,1.0,1Bedroom • Boston• Airport • Magnificent view,13,t,78,16302.0,1
172.0,12,42.28593803715664,-71.14666342630856,Entire home/apt,29,34,5.0,Exempt: This listing is a unit used for furnished institutional or business stays,Roslindale,2,2.0,"Cheerful, Open Concept, Apt. 2BD/1Bath, 1st Floor",5,t,255,43860.0,1
381.0,3,42.34401868076919,-71.06464307233084,Entire home/apt,29,365,4.67,STR-547396,South End,2,2.0,Luxury apartment 2bd 2bath,0,f,0,0.0,1
189.0,4,42.25103653441923,-71.13272659288779,Entire home/apt,30,221,5.0,none,Hyde Park,11,4.0,Boston 4bd 2 bath Townhouse with parking & office,3,f,180,34020.0,0
411.0,9,42.3522848,-71.0660137,Entire home/apt,29,360,4.78,str-526597,Downtown,1,2.0,Penthouse Overlooking Boston Common,3,f,174,71514.0,1
56.0,43,42.3150924,-71.085883,Private room,2,100,4.72,STR-530667,Roxbury,1,1.0,Victorian room hosted by Treana,27,f,162,9072.0,1
225.0,2,42.35918900000001,-71.0672568,Entire home/apt,91,231,5.0,none,Beacon Hill,1,2.0,Sunny Apt - Historic Beacon Hill,1,t,182,40950.0,0
56.0,8,42.3131565640206,-71.05738075256687,Private room,29,231,4.75,Exempt: This listing is a unit used for furnished institutional or business stays,Dorchester,3,1.0,Alyn,1,t,58,3248.0,1
96.0,3,42.32367209126128,-71.10681704647588,Private room,2,78,4.67,STR-552508,Jamaica Plain,9,1.0,Large Private Room (Orchid Room),0,t,0,0.0,1
202.0,3,42.35916,-71.06762,Entire home/apt,29,164,5.0,none,Beacon Hill,114,1.0,Best 1 bed 1 living r with extra sofa bed Boston,3,f,174,35148.0,0
145.0,77,42.284873568189504,-71.04756586071318,Entire home/apt,2,294,4.77,STR-544857,Dorchester,2,1.0,Cozy Urban Studio in Boston,32,t,192,27840.0,1
1098.0,6,42.3284,-71.11054,Entire home/apt,29,365,4.83,Exempt: This listing is a unit used for furnished institutional or business stays,Jamaica Plain,95,2.0,Stunning Unique And Very Upscale,1,f,58,63684.0,1
346.0,1,42.34992,-71.06943,Entire home/apt,32,3,5.0,none,Bay Village,369,1.0,"Blueground | Back Bay, gym & w/d, nr restaurants",0,f,0,0.0,0
62.0,5,42.29326606011727,-71.05967807778376,Private room,32,96,4.8,STR-468301,Dorchester,3,1.0,"Private bedroom, shared bath, off-street parking L",1,t,64,3968.0,1
279.0,4,42.28164157543658,-71.09436311898457,Entire home/apt,29,365,4.75,STR-074983,Mattapan,1,3.0,Retro Bungalow| Inquire for Discounts & Questions,0,f,0,0.0,1
85.0,13,42.32446512333342,-71.06484591422966,Private room,2,155,4.92,STR-522926,Dorchester,4,1.0,Boston Cozy Suite & Bathroom,13,f,78,6630.0,1
125.0,24,42.27966722977507,-71.16040286824438,Entire home/apt,5,202,4.96,STR-520919,West Roxbury,5,1.0,"Cozy studio near-Train&Bus, safe area in Boston",13,t,130,16250.0,1
574.0,8,42.36033,-71.14863,Entire home/apt,29,365,4.75,Exempt: This listing is a unit used for furnished institutional or business stays,Brighton,95,2.0,Stunning Riverview 2BR/2BA,0,f,0,0.0,1
988.0,102,42.3498155,-71.068324,Entire home/apt,1,268,4.95,STR-593564,Bay Village,3,3.0,"Spacious, Sun~filled Brownstone in Heart of Boston",50,t,255,251940.0,1
1056.0,2,42.349815,-71.068324,Entire home/apt,10,303,5.0,STR-593564,Bay Village,3,3.0,Stunning Luxury Oasis ~Brownstone @Heart of Boston,1,t,20,21120.0,1
326.0,1,42.3465132,-71.1032136,Entire home/apt,32,333,5.0,none,Fenway,369,1.0,"Blueground | Fenway, gym & w/d, nr dining & shops",1,f,64,20864.0,0
262.0,58,42.3556715,-71.1375296,Entire home/apt,2,152,4.84,STR-520260,Allston,2,2.0,"Happy Green House, Boston Landing, BU, BC, Harvard",27,t,162,42444.0,1
515.0,20,42.3172101,-71.0598517,Entire home/apt,30,289,4.9,STR-445060,Dorchester,2,6.0,"Spacious, New Renovation | Near T",16,f,255,131325.0,1
425.0,5,42.34801179740058,-71.1594000068819,Entire home/apt,5,245,4.6,STR-530908,Brighton,1,3.0,Modern House by Rogers Park,2,f,20,8500.0,1
170.0,1,42.34851753562866,-71.14247547809995,Entire home/apt,29,51,5.0,none,Brighton,4,2.0,Cozy 2BR Apartment Close to Boston Downtown,0,f,0,0.0,0
839.0,15,42.34987290099312,-71.0457867640359,Entire home/apt,29,331,4.93,Exempt: This listing is a unit used for furnished institutional or business stays,South Boston Waterfront,20,2.0,"Seaport Gem:Stylish 2BR/2BA Condo,",10,f,255,213945.0,1
202.0,82,42.3308789,-71.0371873,Entire home/apt,2,281,5.0,STR-533051,South Boston,1,1.0,Extraordinary 1-Bedroom Apartment in South Boston!,42,t,252,50904.0,1
225.0,1,42.34321,-71.05624,Entire home/apt,32,320,1.0,none,South Boston,369,0.0,"Blueground | S Boston, w/d, nr broadway t stop",0,f,0,0.0,0
320.0,11,42.34524,-71.10487,Entire home/apt,29,113,4.91,STR-540558,Fenway,70,0.0,Charming & Chic | Studio Apartment,2,f,116,37120.0,1
228.0,80,42.35145241585736,-71.06505139960292,Entire home/apt,1,238,4.6,STR-461738,Downtown,70,2.0,Perfect Traveling Nurse Housing - Theatre District,45,f,255,58140.0,1
186.0,75,42.34673,-71.14722,Entire home/apt,1,131,4.76,STR-569363,Brighton,38,1.0,Ideal for long stays | Modern suite on top floor,48,t,255,47430.0,1
191.0,180,42.36766146996237,-71.03295247100604,Entire home/apt,1,164,4.83,STR-529583,East Boston,2,2.0,Bright 2BR by Boston Waterfront,83,t,255,48705.0,1
245.0,103,42.351110332172645,-71.06699304116705,Entire home/apt,5,205,4.51,STR-461741,Downtown,70,1.0,Modern 1BR steps to BOS Common!,52,f,255,62475.0,1
214.0,26,42.3204372,-71.05602139999999,Entire home/apt,30,316,4.92,STR-513988,Dorchester,1,4.0,Charming Boston Home | Near T,5,f,255,54570.0,1
304.0,101,42.350926725987584,-71.06553080926739,Entire home/apt,1,332,4.46,STR-466811,Downtown,64,1.0,Stunning 1BR with a view on the Commons | 2x beds 9086,42,f,252,76608.0,1
63.0,29,42.32193,-71.08004,Private room,2,354,4.62,STR-415018,Roxbury,7,1.0,Alaska Street R21,16,f,96,6048.0,1
249.0,1,42.35016,-71.04531,Entire home/apt,29,84,5.0,Exempt: This listing is a unit used for furnished institutional or business stays,South Boston Waterfront,29,1.0,Lux 1BR w/ Amenities in Seaport,1,f,58,14442.0,1
71.0,31,42.32125,-71.07801,Private room,2,352,4.61,STR-415018,Roxbury,7,1.0,Alaska Street R22,12,f,72,5112.0,1
181.0,23,42.3472763,-71.1514285,Entire home/apt,2,119,4.74,STR-532631,Brighton,1,1.0,Brighton Apartment Sleeps 3+ Steps to Bus Line,11,t,66,11946.0,1
86.0,31,42.32184601281022,-71.07909028242294,Private room,2,359,4.68,STR-415018,Roxbury,7,1.0,Alaska Street R24,15,f,90,7740.0,1
839.0,1,42.34864,-71.10181,Entire home/apt,4,361,5.0,Exempt: This listing is a unit used for furnished institutional or business stays,Fenway,20,2.0,Amazing spacious city view 2bed 2 bath unit fenway,1,f,8,6712.0,1
839.0,6,42.34715,-71.09846,Entire home/apt,5,262,5.0,Exempt: This listing is a unit used for furnished institutional or business stays,Fenway,20,2.0,Lux charming 2br 2ba condo fenway,6,f,60,50340.0,1
346.0,9,42.34983,-71.09379,Entire home/apt,3,313,4.89,Exempt: This listing is a hotel or motel,Fenway,9,1.0,Charlesgate Suites: Premier Oversized One Bedroom,4,t,24,8304.0,1
226.0,20,42.34983,-71.09379,Entire home/apt,3,340,4.8,Exempt: This listing is a hotel or motel,Fenway,9,0.0,Charlesgate Suites: Perfect Lower Level Suite,11,t,66,14916.0,1
231.0,27,42.34983,-71.09379,Entire home/apt,3,309,4.85,Exempt: This listing is a hotel or motel,Fenway,9,0.0,Charlesgate Suites: Lower Level Suite,18,t,108,24948.0,1
276.0,23,42.34983,-71.09379,Entire home/apt,3,347,4.96,Exempt: This listing is a hotel or motel,Fenway,9,0.0,Charlesgate Suites: Renovated & Ready To Host You!,15,t,90,24840.0,1
287.0,25,42.34983,-71.09379,Entire home/apt,3,333,4.76,Exempt: This listing is a hotel or motel,Fenway,9,0.0,Charlesgate Suites: Enjoy Boston Today!,19,t,114,32718.0,1
315.0,19,42.34983,-71.09379,Entire home/apt,3,319,4.74,Exempt: This listing is a hotel or motel,Fenway,9,0.0,Charlesgate Suites: Restored Elegance,11,t,66,20790.0,1
297.0,19,42.34983,-71.09379,Entire home/apt,3,326,4.79,Exempt: This listing is a hotel or motel,Fenway,9,1.0,Charlesgate Suites: Newly Renovated Studio,8,t,48,14256.0,1
261.0,33,42.34983,-71.09379,Entire home/apt,3,321,4.91,Exempt: This listing is a hotel or motel,Fenway,9,0.0,Charlesgate Suites: Urban Chic Delight - Discover,29,t,174,45414.0,1
270.0,34,42.34983,-71.09379,Entire home/apt,3,327,4.91,Exempt: This listing is a hotel or motel,Fenway,9,0.0,Charlesgate Suites: Contemporary Retreat In Style,20,t,120,32400.0,1
839.0,4,42.32842,-71.11211,Entire home/apt,29,365,4.0,Exempt: This listing is a unit used for furnished institutional or business stays,Jamaica Plain,20,2.0,Do not look past this Lakefront Luxurious & Quiet,4,f,232,194648.0,1
839.0,4,42.3479,-71.04505,Entire home/apt,29,365,5.0,Exempt: This listing is a unit used for furnished institutional or business stays,South Boston Waterfront,20,3.0,Stunning. Unique. And Very Upscale 3BR 2BA,3,f,174,145986.0,1
166.0,3,42.34916723063684,-71.13388875543235,Entire home/apt,91,182,5.0,none,Allston,1,2.0,"Spacious, Walkable 2BR Condo | 30/60/90+ Nights",2,f,255,42330.0,0
225.0,5,42.34751,-71.09374,Entire home/apt,29,161,4.8,STR-531873,Fenway,70,1.0,Cozy & Modern 1 BDR | Fenway within minutes!,0,f,0,0.0,1
147.0,12,42.34327,-71.08405,Entire home/apt,29,256,4.42,Exempt: This listing is a hotel or motel,Back Bay,50,0.0,Petit Garden Level Micro Studio,7,f,255,37485.0,1
56.0,2,42.35706021337518,-71.12911636763924,Private room,91,187,5.0,none,Allston,9,1.0,"(C) Cozy & comfortable room near Harvard, MIT & BU",2,t,255,14280.0,0
299.0,2,42.29902921546571,-71.06776620274428,Entire home/apt,2,247,4.5,Str-104727,Dorchester,1,3.0,Home Away From Home,1,f,6,1794.0,1
161.0,24,42.34167,-71.08246,Entire home/apt,29,221,4.67,Exempt: This listing is a hotel or motel,South End,50,0.0,Back Bay Simple Studio Apartment,7,f,255,41055.0,1
214.0,19,42.34149086490141,-71.08211337458772,Entire home/apt,29,251,4.58,Exempt: This listing is a hotel or motel,South End,50,0.0,Quiet Studio Circa South End,6,f,255,54570.0,1
138.0,32,42.34183238862012,-71.08212672872108,Entire home/apt,29,236,4.88,Exempt: This listing is a hotel or motel,South End,50,0.0,Retro Studio on Quiet Street,16,f,255,35190.0,1
172.0,16,42.342438994258224,-71.0821252927106,Entire home/apt,29,265,4.81,Exempt: This listing is a hotel or motel,Back Bay,50,0.0,Cozy Studio near Prudential Ctr,10,f,255,43860.0,1
258.0,23,42.3415,-71.08347,Entire home/apt,29,265,4.74,Exempt: This listing is a hotel or motel,Roxbury,50,0.0,Comfy Back Bay Alcove Studio Apt,9,f,255,65790.0,1
219.0,10,42.342008804636386,-71.08411850981184,Entire home/apt,29,266,4.5,Exempt: This listing is a hotel or motel,Fenway,50,0.0,Sunkissed Studio near South End,3,f,174,38106.0,1
153.0,15,42.34437403038891,-71.08257439972587,Entire home/apt,29,258,4.33,Exempt: This listing is a hotel or motel,Back Bay,50,0.0,Blissful South End Studio,3,f,174,26622.0,1
215.0,14,42.34382660197117,-71.08222208744212,Entire home/apt,29,258,4.71,Exempt: This listing is a hotel or motel,Back Bay,50,0.0,Tranquil South End Studio,0,f,0,0.0,1
179.0,10,42.3451,-71.08007,Entire home/apt,29,270,5.0,Exempt: This listing is a hotel or motel,Back Bay,50,0.0,Newly Renovated w/ Exposed Brick,4,f,232,41528.0,1
163.0,11,42.34214,-71.08206,Entire home/apt,29,267,4.91,Exempt: This listing is a hotel or motel,South End,50,0.0,South End Serene Studio,6,f,255,41565.0,1
191.0,20,42.34436,-71.0821,Entire home/apt,29,264,4.4,Exempt: This listing is a hotel or motel,Back Bay,50,0.0,Harmonious South End Studio,5,f,255,48705.0,1
207.0,18,42.344438876900405,-71.08347546066226,Entire home/apt,29,269,4.61,Exempt: This listing is a hotel or motel,Back Bay,50,0.0,Cozy South End Loft,4,f,232,48024.0,1
197.0,12,42.34364,-71.08199,Entire home/apt,29,266,4.25,Exempt: This listing is a hotel or motel,Back Bay,50,0.0,Elegant Prudential Area Studio,3,f,174,34278.0,1
149.0,20,42.342409342896794,-71.08281844038515,Entire home/apt,29,269,4.45,Exempt: This listing is a hotel or motel,Back Bay,50,0.0,Urban Chic South End Studio,11,f,255,37995.0,1
222.0,104,42.3313364,-71.0548846,Entire home/apt,1,352,4.93,STR-525163,South Boston,1,2.0,Southie Condo-By Subway-Bring Pets-Pool Table,58,t,255,56610.0,1
105.0,109,42.385239,-71.00543979999999,Private room,1,69,4.89,STR-398249,East Boston,4,1.0,First floor room 1,58,t,255,26775.0,1
78.0,104,42.37091,-71.03928,Private room,1,348,4.93,STR-546789,East Boston,2,1.0,"Cozy FULL Bd, 7mn to Aiport, 3mn walk to Train",68,t,255,19890.0,1
360.0,2,42.30782,-71.11265,Entire home/apt,2,186,5.0,STR-588924,Jamaica Plain,1,4.0,Cozy home with backyard & patio,2,f,12,4320.0,1
160.0,50,42.34153,-71.0828,Entire home/apt,1,303,4.66,Exempt: This listing is a hotel or motel,South End,50,0.0,Quaint studio apartment! Back Bay Area,25,f,150,24000.0,1
200.0,65,42.34348985925966,-71.08423327597426,Entire home/apt,1,358,4.78,Exempt: This listing is a hotel or motel,Back Bay,50,0.0,Modern studio apartment!,48,f,255,51000.0,1
135.0,20,42.34353,-71.08219,Entire home/apt,29,359,4.5,Exempt: This listing is a hotel or motel,Back Bay,50,0.0,Quaint Studio Apt! | Steps from Back Bay,13,f,255,34425.0,1
142.0,49,42.34366672808913,-71.08386691907516,Entire home/apt,1,203,4.61,Exempt: This listing is a hotel or motel,Back Bay,50,0.0,Old Charm Studio Apt near Back Bay,19,f,114,16188.0,1
182.0,14,42.34192427441922,-71.0823934312471,Entire home/apt,29,238,4.57,Exempt: This listing is a hotel or motel,South End,50,0.0,Centrally Located Basic Studio,7,f,255,46410.0,1
220.0,20,42.34378414344051,-71.08290022500243,Entire home/apt,29,259,5.0,Exempt: This listing is a hotel or motel,Back Bay,50,0.0,Spacious Studio! | Back Bay,7,f,255,56100.0,1
143.0,83,42.3203345,-71.10534799999999,Entire home/apt,1,118,4.96,STR-545405,Jamaica Plain,2,1.0,Beaut private close univ+hospital,43,t,255,36465.0,1
175.0,18,42.34215590068706,-71.08435806459522,Entire home/apt,29,269,4.78,Exempt: This listing is a hotel or motel,Fenway,50,0.0,Prudential Area Loft Retreat,8,f,255,44625.0,1
204.0,18,42.34425,-71.08264,Entire home/apt,29,267,4.89,Exempt: This listing is a hotel or motel,Back Bay,50,0.0,Charming Studio Apt! | Back Bay,3,f,174,35496.0,1
188.0,12,42.342049610623654,-71.08451058659904,Entire home/apt,29,337,4.67,Exempt: This listing is a hotel or motel,Fenway,50,0.0,Serene Studio with Cozy Atmosphere!,3,f,174,32712.0,1
124.0,10,42.34431,-71.08278,Entire home/apt,29,187,3.8,Exempt: This listing is a hotel or motel,Back Bay,50,0.0,Brixton Studio | Minutes from Back Bay!,0,f,0,0.0,1
161.0,7,42.34266082692078,-71.08216115823868,Entire home/apt,29,260,4.71,Exempt: This listing is a hotel or motel,Back Bay,50,0.0,Vibrant Studio! | Minutes from Back Bay,4,f,232,37352.0,1
219.0,11,42.34350157600517,-71.08454095429711,Entire home/apt,29,261,4.27,Exempt: This listing is a hotel or motel,Back Bay,50,0.0,Bright & Cozy Studio Apartment,3,f,174,38106.0,1
204.0,26,42.34238,-71.0837,Entire home/apt,29,311,4.65,Exempt: This listing is a hotel or motel,Back Bay,50,0.0,Chic Metro South End Studio,8,f,255,52020.0,1
215.0,16,42.343982363776675,-71.08253819066451,Entire home/apt,29,264,5.0,Exempt: This listing is a hotel or motel,Back Bay,50,0.0,Artisan Brick South End Loft,5,f,255,54825.0,1
259.0,13,42.29612796442264,-71.05413084152573,Entire home/apt,2,365,4.54,STR-520490,Dorchester,2,3.0,"3BR Victorian getaway with loft, near the Bay",6,f,36,9324.0,1
192.0,103,42.3683239,-71.03689260000002,Entire home/apt,2,264,4.72,STR-585753,East Boston,1,2.0,Lolo’s apt !Best location!,56,t,255,48960.0,1
183.0,20,42.34387393685642,-71.08387142511404,Entire home/apt,29,350,4.45,Exempt: This listing is a hotel or motel,Back Bay,50,0.0,South End Blissful Studio,6,f,255,46665.0,1
190.0,23,42.34196079667983,-71.08244915742726,Entire home/apt,29,223,4.65,Exempt: This listing is a hotel or motel,South End,50,0.0,Stylish South End Studio,10,f,255,48450.0,1
169.0,11,42.34378,-71.08451,Entire home/apt,29,253,4.73,Exempt: This listing is a hotel or motel,Back Bay,50,0.0,South End Serene Studio,2,f,116,19604.0,1
211.0,12,42.34221,-71.08316,Entire home/apt,29,269,4.5,Exempt: This listing is a hotel or motel,Back Bay,50,0.0,Peaceful Back Bay Studio,3,f,174,36714.0,1
196.0,13,42.34211704773742,-71.08394470499259,Entire home/apt,1,270,4.46,Exempt: This listing is a hotel or motel,Back Bay,50,0.0,Cozy Central South End Studio,7,f,42,8232.0,1
176.0,7,42.34369,-71.08373,Entire home/apt,29,347,4.29,Exempt: This listing is a hotel or motel,Back Bay,50,0.0,Lovely Studio Apt | South End,3,f,174,30624.0,1
240.0,31,42.34174,-71.08232,Entire home/apt,1,323,4.45,Exempt: This listing is a hotel or motel,South End,50,0.0,Wonderful South End Studio,13,f,78,18720.0,1
210.0,19,42.34188,-71.08378,Entire home/apt,29,234,4.58,Exempt: This listing is a hotel or motel,Fenway,50,0.0,Sleek Back Bay Studio,9,f,255,53550.0,1
176.0,14,42.34283,-71.08414,Entire home/apt,29,339,4.86,Exempt: This listing is a hotel or motel,Back Bay,50,0.0,Airy Studio | South End,6,f,255,44880.0,1
65.0,1,42.30451,-71.06783,Private room,31,267,5.0,none,Dorchester,2,1.0,Private Queen Bedroom in city,0,f,0,0.0,0
222.0,42,42.2622,-71.11584,Entire home/apt,1,345,4.93,STR-541389,Hyde Park,1,3.0,"*Cozy, Convenient Boston. Indulge, you deserve it*",15,t,90,19980.0,1
102.0,1,42.27275820000001,-71.1636271,Entire home/apt,91,205,5.0,none,West Roxbury,3,1.0,Small Studio in quiet area,1,t,182,18564.0,0
255.0,2,42.34957526552142,-71.07428161896075,Entire home/apt,29,313,5.0,none,Back Bay,1,1.0,Raffles Pied-A-Tier Studio,1,t,58,14790.0,0
577.0,62,42.33248448718322,-71.03141129766878,Entire home/apt,3,233,4.95,STR-512153,South Boston,1,5.0,Beautiful Southie Single Family,31,t,186,107322.0,1
484.0,36,42.2842416,-71.167526,Entire home/apt,1,260,4.86,STR-533053,West Roxbury,1,5.0,Single Family Boston House Great Privacy,19,t,114,55176.0,1
755.0,2,42.34891,-71.05898,Entire home/apt,29,306,5.0,Exempt: This listing is a unit used for furnished institutional or business stays,Chinatown,8,4.0,Upscale Penthouse w/Gym & Parking near MGH & TUFTS,2,t,116,87580.0,1
689.0,1,42.34823,-71.08041,Entire home/apt,29,365,5.0,Exempt: This listing is a unit used for furnished institutional or business stays,Back Bay,95,2.0,Spacious 2BR 2BA in Back Bay,0,f,0,0.0,1
250.0,3,42.36748894863978,-71.03160281458007,Entire home/apt,90,170,4.67,STR-529583,East Boston,2,2.0,Bright 2BR By Boston Waterfront,1,t,180,45000.0,1
144.0,54,42.34663276459317,-71.14679109981459,Entire home/apt,1,114,4.81,STR-569360,Brighton,38,0.0,Spacious suite in Boston near BC & Harvard,25,t,150,21600.0,1
319.0,9,42.35012530594145,-71.04326350753023,Entire home/apt,9,88,4.89,STR-575045,South Boston Waterfront,29,1.0,Lux 1BR w/ Amenities in Seaport,1,f,18,5742.0,1
177.0,81,42.34955280297618,-71.09576616985966,Entire home/apt,2,143,4.88,STR-526091,Fenway,20,1.0,Walk! Location - 1 Bedroom/1 Bath - 2 mins from T!,35,t,210,37170.0,1
88.0,13,42.28136,-71.09466,Private room,1,318,5.0,STR-577876,Mattapan,1,1.0,New Private Room in Condo with a Dog,7,f,42,3696.0,1
344.0,3,42.32872592745317,-71.11223613595075,Entire home/apt,29,270,3.67,Exempt: This listing is a unit used for furnished institutional or business stays,Jamaica Plain,95,2.0,Luxury 2 Br 2 Ba apt Boston Jamica pond,0,f,0,0.0,1
116.0,1,42.32155,-71.05724,Entire home/apt,31,246,4.0,none,Dorchester,7,0.0,"Boston studio, 7 minutes to T",1,t,62,7192.0,0
500.0,18,42.35595,-71.06036,Entire home/apt,4,111,4.89,STR-466832,Downtown,46,2.0,Modern chic 2 bedroom apt!,0,f,0,0.0,1
475.0,50,42.38045,-71.07001,Entire home/apt,2,159,4.98,STR-538419,Charlestown,1,3.0,"Designer 3-BR Apt in Historic Charlestown, Boston",29,t,174,82650.0,1
224.0,12,42.3434,-71.08432,Entire home/apt,1,251,4.0,STR-531850,Back Bay,50,0.0,Stellar South End Studio,5,f,30,6720.0,1
335.0,2,42.30929,-71.04711,Entire home/apt,29,267,4.5,Exempt: This listing is a unit used for furnished institutional or business stays,Dorchester,11,2.0,"UMass Boston, Beach, Renovated, CA, In-Unit Lau",1,f,58,19430.0,1
115.0,1,42.33579393307684,-71.15038080751756,Entire home/apt,29,209,5.0,Exempt: This listing is a unit used for furnished institutional or business stays,Brighton,39,1.0,Oversized 1Bed w/ Outdoor Pool & Elevator,0,f,0,0.0,1
152.0,23,42.34399414329803,-71.08190357954153,Entire home/apt,29,257,4.83,Exempt: This listing is a hotel or motel,Back Bay,50,0.0,Compact Back Bay Studio,12,f,255,38760.0,1
58.0,38,42.32189708739804,-71.05528191741077,Private room,29,93,4.68,STR-455882,Dorchester,15,1.0,4. Spacious room easy commute to Boston Downtown,18,f,255,14790.0,1
55.0,40,42.32087406801446,-71.05568976922757,Private room,29,125,4.88,STR-455882,Dorchester,15,1.0,5. Sunny room easy commute to Boston Downtown,17,f,255,14025.0,1
57.0,31,42.32252,-71.05746,Private room,29,133,4.87,STR-455882,Dorchester,15,1.0,6. Large room easy commute to Boston Downtown.,14,f,255,14535.0,1
185.0,41,42.34376175238195,-71.08199789552447,Entire home/apt,1,274,4.71,Exempt: This listing is a hotel or motel,Back Bay,50,0.0,Modern Simple Studio | South End,23,f,138,25530.0,1
176.0,40,42.343215714583415,-71.08403995728031,Entire home/apt,1,257,4.65,Exempt: This listing is a hotel or motel,Back Bay,50,0.0,Peaceful South End Studio!,25,f,150,26400.0,1
169.0,26,42.343985241791366,-71.0824229492576,Entire home/apt,1,359,4.46,STR-531837,Back Bay,50,0.0,Serene South End Studio,7,f,42,7098.0,1
146.0,60,42.34376,-71.08188,Entire home/apt,1,327,4.57,Exempt: This listing is a hotel or motel,Back Bay,50,0.0,Lovely South End Studio,42,f,252,36792.0,1
217.0,14,42.34336,-71.08395,Entire home/apt,1,271,4.57,Exempt: This listing is a hotel or motel,Back Bay,50,0.0,Charming South End Studio Apt,2,f,12,2604.0,1
142.0,22,42.34211322463612,-71.0835579706857,Entire home/apt,29,254,4.77,Exempt: This listing is a unit that has contracts with hospitals,Back Bay,50,0.0,Peaceful Studio | Close to Fenway,10,f,255,36210.0,1
173.0,40,42.34259,-71.08393,Entire home/apt,1,346,4.63,Exempt: This listing is a hotel or motel,Back Bay,50,0.0,Spacious Studio Apt | South End,13,f,78,13494.0,1
171.0,34,42.3418,-71.08347,Entire home/apt,1,262,4.62,Exempt: This listing is a hotel or motel,Back Bay,50,0.0,Quaint Studio Apt | Close to Fenway,13,f,78,13338.0,1
38.0,11,42.29276687560215,-71.12202441282217,Private room,29,130,4.55,none,Roslindale,8,1.0,"Roslindale Room near MBTA, self check-in",5,t,255,9690.0,0
226.0,31,42.286338056398,-71.04252835224409,Entire home/apt,3,245,4.84,STR-559439,Dorchester,1,3.0,Hidden Gem in Port Norfolk,28,t,168,37968.0,1
302.0,6,42.32851223209749,-71.05345238041572,Private room,1,90,5.0,STR-537702,South Boston,1,1.0,The Win on Wendeller - A Stylish Condo in Boston,0,f,0,0.0,1
313.0,73,42.2907089,-71.0461607,Entire home/apt,1,329,4.7,STR-570818,Dorchester,1,4.0,988 - 4BR Boston | Cozy Getaway near Boston Common,35,t,210,65730.0,1
55.0,36,42.27770002445315,-71.16073794979158,Private room,1,191,4.94,STR-513970,West Roxbury,16,1.0,Private room double bed flr 3 air conditioner,14,t,84,4620.0,1
184.0,17,42.34873,-71.06069,Entire home/apt,91,62,4.29,STR-399153,Chinatown,4,2.0,"DowntownBoston,Nearly everything",14,f,255,46920.0,1
132.0,41,42.3483657,-71.0698862,Entire home/apt,3,175,3.95,STR-415225,Bay Village,13,1.0,Private Studio In Boston's Bay Village!,16,f,96,12672.0,1
294.0,93,42.35202976524467,-71.08161956401018,Entire home/apt,1,63,4.78,STR-450901,Back Bay,70,0.0,Bright Back Bay Studio,50,f,255,74970.0,1
145.0,33,42.34524270793829,-71.15029424465831,Entire home/apt,2,119,4.94,STR-544744,Brighton,3,2.0,"2 Bedroom Loft Apartment in Brighton, Free Parking",28,t,168,24360.0,1
211.0,71,42.34226,-71.07925,Entire home/apt,1,236,4.83,str-526502,South End,5,0.0,"(CL9) Back Bay/ South End Boarder, Great Location!",38,f,228,48108.0,1
86.0,3,42.33409049999999,-71.0319214,Private room,29,196,4.67,none,South Boston,4,1.0,Charming South Boston Private Bedroom,3,t,174,14964.0,0
220.0,42,42.36743,-71.03544,Entire home/apt,3,21,4.98,STR-478920,East Boston,1,2.0,Cozy full condo / Walkable to T,17,t,102,22440.0,1
398.0,7,42.25749571383021,-71.11875652965605,Entire home/apt,2,365,3.29,Str-144818,Hyde Park,3,3.0,Peace love humility and safety,5,f,30,11940.0,1
72.0,1,42.3370788943205,-71.03337548072379,Private room,91,165,5.0,none,South Boston,6,1.0,Travelers Lux Room in the Heart of South Boston #1,1,f,182,13104.0,0
180.0,8,42.35201260357918,-71.08230289540408,Entire home/apt,29,318,5.0,Exempt: This listing is a unit used for furnished institutional or business stays,Back Bay,39,0.0,"Back Bay Efficiency Unit, Pvt Bath, Kitchenette",1,f,58,10440.0,1
78.0,10,42.35012,-71.13541,Private room,29,365,4.0,Exempt: This listing is a unit that has contracts with hospitals,Allston,8,1.0,AL/R1 Convenient Sunny Room Boston,7,f,255,19890.0,1
118.0,80,42.34445218198396,-71.08105165816404,Entire home/apt,2,182,4.96,STR-465643,Back Bay,20,1.0,Walk everywhere! 1 bed / 1 bath / Super location!,43,t,255,30090.0,1
77.0,79,42.3710378806628,-71.04006197628438,Private room,1,215,4.92,STR-546789,East Boston,2,1.0,"Cozy Queen Bd, 7mn to Aiport, 3 mn walk to Train",57,t,255,19635.0,1
810.0,16,42.35044641835193,-71.06818657368422,Entire home/apt,29,269,5.0,Exempt: This listing is a unit that has contracts with hospitals,Bay Village,8,2.0,Back-Bay* Boston* Downtown* w/Gym & Parking,0,t,0,0.0,1
231.0,56,42.34909022215199,-71.09523336919413,Entire home/apt,1,271,4.71,STR-438671,Fenway,70,1.0,Chic Fenway 1b Perfect Location!,25,f,150,34650.0,1
50.0,22,42.27766134878588,-71.15948971067154,Shared room,1,365,5.0,STR-513970,West Roxbury,16,0.0,Daybed on floor 3 Boston,8,t,48,2400.0,1
115.0,1,42.3240913,-71.0907016,Entire home/apt,91,197,5.0,Exempt: This listing is a unit used for furnished institutional or business stays,Roxbury,4,2.0,Beautiful Two Bedroom Apartment,0,f,0,0.0,1
178.0,34,42.27659184787903,-71.11711643636227,Entire home/apt,1,88,4.97,STR-561210,Roslindale,1,2.0,My Sweet Apartment,28,t,168,29904.0,1
198.0,70,42.34372357126928,-71.15170223466356,Entire home/apt,2,88,4.89,STR-542383,Brighton,3,2.0,"Newly renovated apartment, 2 bedroom, Free parking",47,t,255,50490.0,1
640.0,10,42.34309827458531,-71.07708044350147,Entire home/apt,3,289,5.0,STR-551850,South End,1,2.0,South End Penthouse w/Roofdeck,8,f,48,30720.0,1
74.0,22,42.2787557,-71.16044099999999,Private room,1,266,4.86,STR-513970,West Roxbury,16,1.0,Spacious & large room w/ 2 single beds 1st flr,17,t,102,7548.0,1
125.0,86,42.341083874649065,-71.09549691842322,Entire home/apt,1,286,4.74,STR-540386,Fenway,87,1.0,"Walk to Fenway Park, Berklee & Newbury St, Ground",57,f,255,31875.0,1
133.0,62,42.3417,-71.0935,Entire home/apt,1,281,4.65,STR-540387,Fenway,87,1.0,"Ideal Spot Near Fenway & Berklee College, Ground L",43,f,255,33915.0,1
116.0,44,42.33951673701451,-71.09350181962292,Entire home/apt,1,284,4.66,STR-540389,Fenway,87,1.0,"Central Location by Fenway & Berklee College, Grou",23,f,138,16008.0,1
128.0,27,42.341240221689695,-71.09401042139574,Entire home/apt,1,334,4.59,STR-540390,Fenway,87,1.0,"Stay Close to Fenway, Berklee & Newbury St, #4",11,f,66,8448.0,1
113.0,28,42.34013,-71.0956,Entire home/apt,1,325,4.64,STR-540391,Fenway,87,1.0,Boston Getaway: Steps to Fenway & Top Sights #101,12,f,72,8136.0,1
215.0,29,42.3405182,-71.0945877,Entire home/apt,1,313,4.83,STR-540401,Fenway,87,1.0,"Walk to Berklee College & Fenway Park, #202",11,f,66,14190.0,1
152.0,27,42.34129106189011,-71.09350961031274,Entire home/apt,1,345,4.59,STR-540404,Fenway,87,1.0,"Fenway Park, Berklee & Newbury at Your Door, #205",11,f,66,10032.0,1
200.0,20,42.34121888379682,-71.09344243524382,Entire home/apt,1,344,4.7,STR-540392,Fenway,87,1.0,"Perfect Location Near Fenway & Berklee College, #1",5,f,30,6000.0,1
146.0,32,42.33969,-71.09415,Entire home/apt,1,298,4.81,STR-540393,Fenway,87,1.0,Boston Getaway: Steps to Fenway & Top Sights #103,16,f,96,14016.0,1
111.0,43,42.34168617543995,-71.09518205208003,Entire home/apt,1,273,4.86,STR-540400,Fenway,87,1.0,Stay in Style: Fenway Park Around the Corner #201,22,f,132,14652.0,1
138.0,35,42.341502139596166,-71.09552725688755,Entire home/apt,1,307,4.71,STR-540402,Fenway,87,1.0,"Stay in the Heart of Fenway & Berklee, #203",16,f,96,13248.0,1
158.0,19,42.34120183250004,-71.09574333809945,Entire home/apt,1,330,4.89,STR-540403,Fenway,87,1.0,"Central to Fenway, Berklee & Newbury St, #204",8,f,48,7584.0,1
139.0,44,42.34675,-71.09135,Entire home/apt,1,336,4.77,STR-540405,Fenway,87,1.0,"Perfect Base Near Fenway & Berklee College, #206",26,f,156,21684.0,1
143.0,42,42.34484487859594,-71.0906269950402,Entire home/apt,1,319,4.69,STR-540409,Fenway,87,1.0,"Walk to Fenway, Berklee College & More, #207",17,f,102,14586.0,1
169.0,47,42.344704861725305,-71.09044872306895,Entire home/apt,1,335,4.68,STR-540407,Fenway,87,1.0,"Stay Close to Fenway Park & Berklee College, #208",21,f,126,21294.0,1
151.0,54,42.33963722877396,-71.09398343821611,Entire home/apt,1,342,4.85,STR-540410,Fenway,87,1.0,"In the Center of Fenway, Berklee & Newbury, #209",29,f,174,26274.0,1
102.0,46,42.34534,-71.09138,Entire home/apt,1,249,4.8,STR-540412,Fenway,87,1.0,"Steps from Fenway Park, Berklee & Newbury, #301",26,f,156,15912.0,1
155.0,57,42.34105205432993,-71.09383555030999,Entire home/apt,1,330,4.91,STR-540413,Fenway,87,1.0,Bright&Modern Studio in Boston’s Fenway Area #302,37,f,222,34410.0,1
119.0,20,42.34138,-71.0954,Entire home/apt,1,333,4.7,STR-540415,Fenway,87,1.0,"Fenway, Berklee College & Shopping Nearby, #303",7,f,42,4998.0,1
124.0,89,42.34159093155845,-71.09413088507534,Entire home/apt,1,295,4.87,STR-540416,Fenway,87,1.0,"Prime Location by Berklee College & Fenway, #304",53,f,255,31620.0,1
138.0,39,42.34141,-71.09514,Entire home/apt,1,322,4.77,STR-540418,Fenway,87,1.0,"Fenway, Berklee College & Newbury St Just Minutes",24,f,144,19872.0,1
150.0,24,42.341708921510254,-71.09485568035703,Entire home/apt,1,328,4.75,STR-540419,Fenway,87,1.0,"Walk to Fenway, Berklee & Iconic Boston Spots, #30",13,f,78,11700.0,1
114.0,68,42.34659,-71.0892,Entire home/apt,1,288,4.84,STR-540426,Fenway,87,1.0,"Steps from Fenway Park, Berklee & Newbury, #401",36,f,216,24624.0,1
119.0,14,42.34127,-71.09568,Entire home/apt,1,347,4.14,STR-540428,Fenway,87,1.0,"Fenway Park & Berklee College Just Steps Away, #40",5,f,30,3570.0,1
116.0,31,42.341197037275165,-71.09558064362376,Entire home/apt,1,262,4.61,STR-540431,Fenway,87,1.0,"Ideal Location by Fenway, Berklee & Shopping, #404",13,f,78,9048.0,1
133.0,28,42.33941039268015,-71.09387939893679,Entire home/apt,1,332,4.68,STR-540432,Fenway,87,1.0,"Live by Fenway Park & Berklee College, #405",11,f,66,8778.0,1
152.0,31,42.339688701361496,-71.09537347149856,Entire home/apt,1,348,4.81,STR-540433,Fenway,87,1.0,"Fenway, Berklee & Newbury St at Your Door, #406",10,f,60,9120.0,1
113.0,441,42.34681494729365,-71.09053291074052,Entire home/apt,1,354,4.82,STR-540422,Fenway,87,1.0,Stay in the Heart of Fenway & Berklee,226,f,255,28815.0,1
129.0,39,42.34167,-71.09485,Entire home/apt,1,272,4.82,STR-540427,Fenway,87,1.0,"Stay Near Berklee College, Fenway & Newbury, #402",10,f,60,7740.0,1
78.0,113,42.37654878429381,-71.03550695040252,Private room,1,41,4.48,STR-445805,East Boston,3,1.0,Simple Room walking to Airport T,52,f,255,19890.0,1
150.0,83,42.32048,-71.07729,Entire home/apt,2,362,4.88,STR-539401,Roxbury,2,2.0,Newly Renovated Roxbury Tower,40,t,240,36000.0,1
89.0,1,42.33450819947381,-71.03307066207185,Private room,29,195,5.0,none,South Boston,4,1.0,Quaint South Boston Prívate Bedroom,1,t,58,5162.0,0
68.0,13,42.35007174728618,-71.1347417826025,Private room,29,339,4.54,Exempt: This listing is a unit used for furnished institutional or business stays,Allston,8,1.0,AL/R3 Boston's New Room Central Spot,3,f,174,11832.0,1
47.0,21,42.27981,-71.15979,Private room,1,268,4.86,STR-513970,West Roxbury,16,1.0,room w/ single bed flr 3 w/ window air conditioner,11,t,66,3102.0,1
123.0,2,42.3771,-71.03226,Entire home/apt,29,365,5.0,STR-419049,East Boston,12,0.0,Cozy Oasis Near Downtown & Airport,0,f,0,0.0,1
263.0,23,42.33612195959301,-71.04810612535806,Entire home/apt,1,112,4.96,STR-539404,South Boston,1,2.0,2BR walking distance to seaport/downtown,12,f,72,18936.0,1
574.0,2,42.32833,-71.11261,Entire home/apt,29,270,4.0,Str-562345,Jamaica Plain,95,2.0,Lovely corner 2 BR 2BA apt Boston  hospitals.,1,f,58,33292.0,1
212.0,73,42.2904444,-71.06052729999999,Entire home/apt,2,322,4.92,Str-539606,Dorchester,3,2.0,Modern Apt in Boston|Near Subway|Free Parking|Safe,40,t,240,50880.0,1
169.0,79,42.37138183463158,-71.0399257294879,Entire home/apt,2,176,4.83,STR-540462,East Boston,1,1.0,1 BR Gem 5min to Train & Airport explore the city,58,t,255,43095.0,1
102.0,20,42.31276,-71.07632,Private room,1,0,4.9,STR-520018,Dorchester,1,1.0,Modern/chic one-bedroom in eco Smart Home -Room #2,14,t,84,8568.0,1
203.0,91,42.32162,-71.07709,Entire home/apt,2,335,4.97,STR-538999,Roxbury,2,2.0,Newly Renovated + Spacious Apt w/ Parking,49,t,255,51765.0,1
58.0,2,42.33526,-71.03126,Private room,30,195,5.0,none,South Boston,4,1.0,Adorable South Boston Prívate Bedroom,1,t,60,3480.0,0
215.0,89,42.34745,-71.14425,Entire home/apt,1,110,4.88,STR-569347,Brighton,38,2.0,Ideal for long stays | Spacious suite in Boston,57,t,255,54825.0,1
365.0,2,42.33322,-71.08187,Entire home/apt,1,249,5.0,Str-460336,Roxbury,6,2.0,Brownstone 5 mins from downtown,1,f,6,2190.0,1
689.0,2,42.32852,-71.11264,Entire home/apt,29,270,5.0,Exempt: This listing is a unit used for furnished institutional or business stays,Jamaica Plain,95,2.0,Stunning Unique And Very Upscale,1,f,58,39962.0,1
336.0,38,42.2957068309299,-71.06245390225585,Entire home/apt,2,296,4.71,STR-516310,Dorchester,1,4.0,Beautiful Victorian house with Views. free parking,19,t,114,38304.0,1
190.0,18,42.3751160129216,-71.03648402799509,Private room,1,268,4.94,STR-539781,East Boston,1,1.0,"Convenient, Brand new,Comfy!",9,f,54,10260.0,1
241.0,62,42.34997392964146,-71.0863109533545,Entire home/apt,1,254,4.73,STR-520913,Back Bay,70,1.0,Centrally located 1bed | Newbury Street,34,f,204,49164.0,1
600.0,3,42.34912288099626,-71.09502145230869,Entire home/apt,29,113,5.0,STR-540559,Fenway,70,1.0,Spacious Fenway 1BR,0,f,0,0.0,1
221.0,75,42.34932333395925,-71.09343258651612,Entire home/apt,1,269,4.76,STR-461741,Fenway,70,1.0,Cozy 1BDR Close to Fenway!,43,f,255,56355.0,1
268.0,94,42.33784754757809,-71.05078172019155,Entire home/apt,2,182,4.77,STR-544945,South Boston,2,2.0,Luxury 2Bed/2 Bath suite in the heart South Boston,57,t,255,68340.0,1
282.0,17,42.37678841792915,-71.03961241652674,Entire home/apt,2,212,4.71,STR-540349,East Boston,2,2.0,Adventure: Therapy - Boston,11,t,66,18612.0,1
291.0,89,42.33587636211053,-71.05071114287647,Entire home/apt,2,170,4.89,STR-544933,South Boston,2,2.0,Penthouse 2 Beds /2 Baths luxury in South Boston,53,t,255,74205.0,1
131.0,197,42.34658,-71.08952,Entire home/apt,1,354,4.82,STR-540439,Fenway,87,1.0,"Walk to Berklee, Fenway & Newbury St",78,f,255,33405.0,1
110.0,38,42.31500761298455,-71.11426414828182,Private room,1,33,4.97,STR-538357,Jamaica Plain,1,1.0,Hidden Oasis in Trendy Boston Neighborhood,18,t,108,11880.0,1
72.0,10,42.27335926355007,-71.09710208829844,Private room,1,269,4.7,STR-540796,Mattapan,2,1.0,Arc House 1,7,f,42,3024.0,1
190.0,53,42.3526215069712,-71.14915567999259,Entire home/apt,2,40,4.79,STR-525950,Brighton,1,2.0,2 BR Apt close to Boston/Cambridge free parking,23,f,138,26220.0,1
502.0,4,42.364953871152416,-71.05490069003484,Entire home/apt,9,259,5.0,STR-476426,North End,20,3.0,"Large 3 Bed, 2 Bath in North End",1,f,18,9036.0,1
193.0,48,42.351682651636246,-71.12784399525064,Entire home/apt,1,358,4.73,STR-539938,Allston,22,2.0,2bd Condo with 2 KING Size Beds,21,t,126,24318.0,1
80.0,6,42.273488270883554,-71.0955280060331,Private room,1,269,4.83,STR-540796,Mattapan,2,1.0,Arc House 2,5,f,30,2400.0,1
271.0,6,42.34496680024024,-71.10503124430844,Entire home/apt,29,113,5.0,STR-540557,Fenway,70,1.0,Stylish Fenway Studio,0,f,0,0.0,1
179.0,67,42.33180235458784,-71.10778483449555,Entire home/apt,3,49,4.9,STR-536148,Mission Hill,4,1.0,Longwood/Fenway Hill Top 2-Levels Loft 1BR Apt,44,t,255,45645.0,1
312.0,11,42.34665116254424,-71.10432562176896,Entire home/apt,29,186,4.73,Exempt: This listing is a unit that has contracts with hospitals,Fenway,70,2.0,Simple 2 Bd/2 bth | Washer/Dryer | Close to Fenway,11,f,255,79560.0,1
129.0,70,42.34623680055352,-71.09133845270514,Entire home/apt,1,345,4.74,STR-540397,Fenway,87,1.0,Prime Location by Fenway & Berklee College,31,f,186,23994.0,1
86.0,1,42.28478,-71.0857,Private room,1,365,3.0,STR-537942,Dorchester,2,1.0,"Cozy Dorchester Apartment, Room 2",0,f,0,0.0,1
81.0,3,42.284916510428,-71.0858133108561,Private room,1,365,4.67,STR-537942,Dorchester,2,1.0,"Cozy Dorchester Apartment, Room 1",0,f,0,0.0,1
68.0,5,42.28173,-71.07449,Private room,29,273,4.8,none,Dorchester,19,1.0,Large Bedroom Suite & Private Bathroom 1B,3,t,174,11832.0,0
971.0,56,42.3426674,-71.0873809,Entire home/apt,1,119,4.98,STR-546475,Fenway,1,4.0,Brownstone Townhouse in Fenway,37,f,222,215562.0,1
107.0,5,42.30916,-71.07097,Private room,2,362,5.0,STR-588864,Dorchester,3,1.0,Cozy Boston: Private Bed & Bath in Dorchester,5,f,30,3210.0,1
356.0,1,42.3527606,-71.04651439999999,Entire home/apt,30,303,5.0,Exempt: This listing is a unit used for furnished institutional or business stays,South Boston Waterfront,29,2.0,Luxury Apt with Balcony In Seaport,0,f,0,0.0,1
399.0,63,42.34845,-71.06546,Entire home/apt,2,69,4.75,STR-398230,Chinatown,1,3.0,Spacious 3 Bed 2.5 Bath Home Top Loc. w/Parking,37,f,222,88578.0,1
63.0,4,42.31141,-71.08038,Private room,3,341,3.75,STR-540867,Dorchester,3,1.0,sunny and oversized in quiet area,3,f,18,1134.0,1
84.0,10,42.36092,-71.13096,Private room,1,358,4.8,STR-544976,Allston,16,1.0,Near Harvard Business 1-2,10,f,60,5040.0,1
75.0,107,42.36105925775997,-71.13071205801292,Private room,1,365,4.56,Str-544976,Allston,16,1.0,Near Harvard Business 2-2,62,f,255,19125.0,1
74.0,117,42.35951917443434,-71.13233011186199,Private room,1,359,4.73,Str-544976,Allston,16,1.0,Near Harvard Business 2-3,70,f,255,18870.0,1
250.0,1,42.3653116,-71.0620185,Entire home/apt,29,47,5.0,Exempt: This listing is a unit used for furnished institutional or business stays,Downtown,29,1.0,Lux 1BR w/ Amenities 1809,0,f,0,0.0,1
79.0,36,42.2936,-71.07718,Private room,1,177,4.31,STR-540904,Dorchester,4,1.0,Individual bedroom 4,16,f,96,7584.0,1
107.0,30,42.282933721379685,-71.13908365959594,Private room,1,269,4.7,STR-541682,Roslindale,1,1.0,Nice bedroom in a good location,24,f,144,15408.0,1
90.0,2,42.28131620551634,-71.0724701415106,Private room,29,300,5.0,none,Dorchester,19,1.0,Spacious Bedroom + Private Bath 1A,1,t,58,5220.0,0
65.0,4,42.28125937628452,-71.07259021511832,Private room,29,264,4.0,none,Dorchester,19,1.0,Comfy Bedroom Suite + Private Attached Bath 1D,2,t,116,7540.0,0
54.0,4,42.28229899028369,-71.0733387619257,Private room,29,292,5.0,none,Dorchester,19,1.0,Cozy Bedroom + Private Bath 1C,3,t,174,9396.0,0
81.0,8,42.345783324412,-71.157591362899,Private room,29,266,4.63,STR-543932,Brighton,5,1.0,[Fabulous Room close to St Elizabeth & Green Line],7,f,255,20655.0,1
77.0,12,42.34626391576199,-71.15584196448887,Private room,2,269,4.08,STR-543932,Brighton,5,1.0,[Fabulous Room close to St Elizabeth & Green Line],9,f,54,4158.0,1
81.0,30,42.34789,-71.15807,Private room,29,130,4.37,STR-543932,Brighton,5,1.0,[Fabulous Extra Large Room close t Boston College],23,f,255,20655.0,1
197.0,35,42.34361,-71.0819,Entire home/apt,29,173,4.89,Exempt: This listing is a unit that has contracts with hospitals,Back Bay,50,0.0,Modern Studio | South End,13,f,255,50235.0,1
89.0,38,42.27814752448772,-71.14810650144058,Private room,1,258,4.95,STR-542608,West Roxbury,4,1.0,Charming & Cozy Bedroom for Single or Couple,25,t,150,13350.0,1
125.0,3,42.35864,-71.07086,Entire home/apt,29,138,4.33,none,Beacon Hill,114,2.0,Best location Beacon Hill 2b apt,3,f,174,21750.0,0
77.0,50,42.27349,-71.11965,Private room,1,14,5.0,STR-541176,Roslindale,1,1.0,Private Room: Free & Easy Street Parking,37,t,222,17094.0,1
108.0,38,42.31908,-71.05463,Private room,29,329,4.87,STR-595441,Dorchester,12,1.0,G3_Room Near Downtown Boston & BCEC (3 miles) JFK,9,f,255,27540.0,1
108.0,19,42.3179414473076,-71.05426592509909,Private room,29,354,4.72,STR-541679,Dorchester,12,4.0,G4_Room Near Downtown Boston & BCEC (3 miles) JFK,6,f,255,27540.0,1
264.0,31,42.24883,-71.12157,Entire home/apt,29,331,4.77,STR-522953,Hyde Park,3,3.0,Boston Duplex w/ Foosball Table: 11 Mi to Downtown,15,f,255,67320.0,1
54.0,4,42.2822991,-71.0733387,Private room,29,138,4.75,none,Dorchester,19,1.0,Cozy Bedroom with En-Suite Bath 2C,3,t,174,9396.0,0
84.0,4,42.28229899028369,-71.0733387619257,Private room,29,284,5.0,none,Dorchester,19,1.0,Spacious Bedroom + Private Bath 2A,2,t,116,9744.0,0
76.0,4,42.28229899028369,-71.0733387619257,Private room,29,320,3.75,none,Dorchester,19,1.0,Comfy Bedroom + Private Attached Bath 2D,2,t,116,8816.0,0
65.0,2,42.28229899028369,-71.0733387619257,Private room,29,292,5.0,none,Dorchester,19,1.0,Large Bedroom + En-suite Bath 2B,2,t,116,7540.0,0
60.0,5,42.28229899028369,-71.0733387619257,Private room,30,104,4.8,none,Dorchester,19,1.0,Cozy Bedroom with Private Bath 3C,3,t,180,10800.0,0
225.0,5,42.3661862,-71.05216779999999,Entire home/apt,9,57,5.0,STR-550228,North End,29,1.0,1BR Renovated North End Brownstone,4,f,72,16200.0,1
256.0,106,42.36533,-71.03132,Entire home/apt,1,43,4.95,STR-539400,East Boston,1,2.0,Luxury Penthouse w/ Private Roof Deck By The Ocean,73,t,255,65280.0,1
203.0,34,42.30945,-71.10263,Entire home/apt,30,262,4.82,STR-570317,Jamaica Plain,4,3.0,Cozy Boston Condo | Near T,22,f,255,51765.0,1
108.0,46,42.31743531669537,-71.05464128535206,Private room,29,339,4.89,STR-541679,Dorchester,12,1.0,G1_Room Near Downtown  Boston With Private Bath,14,f,255,27540.0,1
108.0,29,42.3181,-71.054,Private room,29,340,4.86,STR-595441,Dorchester,12,1.0,G2_Room Near Downtown Boston & BCEC (3 miles) JFK,4,f,232,25056.0,1
638.0,2,42.32976,-71.11272,Entire home/apt,1,365,5.0,Exempt: This listing is a unit used for furnished institutional or business stays,Mission Hill,20,2.0,Luxury 2 Br 2 Ba apt Boston Jamica pond,2,f,12,7656.0,1
150.0,1,42.29889,-71.06402,Private room,1,263,5.0,STR-582651,Dorchester,1,1.0,Beautiful rooms near red line!,1,f,6,900.0,1
199.0,82,42.36629,-71.05851,Entire home/apt,2,226,4.56,Exempt: This listing is a unit used for furnished institutional or business stays,Downtown,7,2.0,"TD Garden,Celtics/Bruins, Lil Italy,North End",45,f,255,50745.0,1
146.0,89,42.32802,-71.0947,Entire home/apt,2,21,4.81,STR-544087,Roxbury,1,2.0,Beautiful Rental Unit in Fort Hill (Boston),47,t,255,37230.0,1
339.0,127,42.33951,-71.04908,Entire home/apt,1,197,4.93,STR-541462,South Boston,1,2.0,2 BDR/2b- walk to Seaport & BCEC,81,t,255,86445.0,1
71.0,2,42.297296271741395,-71.07495618643411,Private room,31,60,5.0,STR-540680,Dorchester,4,1.0,Smart Queen Bedr w/ Ensuite Bathr,1,t,62,4402.0,1
56.0,4,42.29847,-71.07686,Private room,31,51,5.0,STR-540680,Dorchester,4,1.0,Calm Queen Bedr Shared Bathroom,3,t,186,10416.0,1
321.0,3,42.32866,-71.11061,Entire home/apt,29,365,4.0,Exempt: This listing is a unit used for furnished institutional or business stays,Jamaica Plain,20,2.0,Outstanding luxury 2Br 2Ba apartment,3,f,174,55854.0,1
562.0,35,42.3504464,-71.06818659999999,Entire home/apt,29,90,4.77,Exempt: This listing is a unit used for furnished institutional or business stays,Bay Village,8,2.0,Back-Bay Penthouse Downtown & Parking & GYM,22,t,255,143310.0,1
771.0,97,42.35514,-71.06029,Entire home/apt,1,67,4.71,STR-466837,Downtown,46,4.0,Roomy 4bed loft | Family Friendly,63,f,255,196605.0,1
152.0,63,42.27187897503607,-71.10258345199047,Entire home/apt,2,209,4.83,STR-532120,Mattapan,1,1.0,Modern 1 BR Apt w| Full Kitchen & Private Driveway,30,f,180,27360.0,1
89.0,39,42.27806935267941,-71.14832114425923,Private room,1,212,4.95,STR-542608,West Roxbury,4,1.0,Cozy Room with 2 Beds and Den: Sofa & TV@3rd Floor,29,t,174,15486.0,1
89.0,32,42.27645686721316,-71.14642770989873,Private room,1,269,5.0,STR-542608,West Roxbury,4,1.0,Charming & Cozy Large Room with 2 Single Beds & TV,23,t,138,12282.0,1
234.0,47,42.30401249644647,-71.11837146395702,Entire home/apt,2,23,4.91,STR-541342,Jamaica Plain,1,2.0,Modern Apartment in Boston's Best Neighborhood,33,f,198,46332.0,1
75.0,130,42.359346922456304,-71.13100193016858,Private room,1,353,4.65,str-544976,Allston,16,1.0,Near Harvard Business 2-1,85,f,255,19125.0,1
162.0,19,42.2907942,-71.1232016,Entire home/apt,3,225,4.16,STR-544729,Roslindale,2,2.0,Whole Apartment 2beds/2living room,13,f,78,12636.0,1
185.0,85,42.36572,-71.05739,Entire home/apt,2,237,4.78,Exempt: This listing is a unit used for furnished institutional or business stays,North End,7,1.0,"TDGarden,Celtics/Bruins, Lil Italy,North End",47,f,255,47175.0,1
804.0,17,42.32854,-71.11036,Entire home/apt,2,267,4.71,STR-543576,Jamaica Plain,95,2.0,Stunning Unique And Very Upscale Boston,13,f,78,62712.0,1
470.0,1,42.32981704417486,-71.11246502615985,Entire home/apt,3,255,2.0,STR-547654,Mission Hill,95,3.0,Luxury 3Br2Br Jamica pond Boston,1,f,6,2820.0,1
521.0,15,42.32878,-71.11218,Entire home/apt,3,167,4.93,str-007933,Jamaica Plain,95,2.0,Amazing 2br 2ba unit by the lake,13,f,78,40638.0,1
400.0,13,42.32841,-71.111,Entire home/apt,3,17,4.69,str-896639,Jamaica Plain,95,2.0,Fabulous 2br 2ba unit lake view,7,f,42,16800.0,1
184.0,114,42.32776745773926,-71.08654071441475,Entire home/apt,1,88,4.82,STR-571341,Roxbury,7,1.0,A King Bed | Apartment | Middle of Boston,114,t,255,46920.0,1
485.0,10,42.34313,-71.04501,Entire home/apt,3,131,4.6,str-792204,South Boston Waterfront,95,2.0,Modern 2BR/2BA Near Seaport & Convention Center,6,f,36,17460.0,1
553.0,3,42.35078,-71.06499,Entire home/apt,4,313,5.0,str-678299,Downtown,95,2.0,Spacious 2BR 2BA Condo |Boston Downtown,3,f,24,13272.0,1
633.0,9,42.3492,-71.08039,Entire home/apt,7,350,5.0,str-679194,Back Bay,95,2.0,Luxurious 2BR 2BA Back bay heart with amazing view,6,f,84,53172.0,1
506.0,45,42.345801787626435,-71.06469002087739,Entire home/apt,1,244,4.78,STR-463524,South End,95,2.0,Luxury 2BR 2BA South end Boston Balcony MGH,30,f,180,91080.0,1
187.0,9,42.34089,-71.08008,Entire home/apt,1,343,4.67,STR-457097,South End,15,1.0,Cozy and Cute Value Studio!,6,f,36,6732.0,1
308.0,61,42.36717,-71.05893,Entire home/apt,3,283,4.66,STR-461702,Downtown,20,3.0,3 Bed w/ Free Parking at the Heart of North End,47,f,255,78540.0,1
155.0,48,42.37809941816045,-71.03205981485941,Entire home/apt,3,255,4.75,STR-419049,East Boston,12,0.0,Nice Oasis Nr.Downtown & Airport,37,f,222,34410.0,1
660.0,5,42.32835,-71.11052,Entire home/apt,29,270,5.0,Str-735468,Jamaica Plain,95,2.0,Luxury water view 2 Br 2Ba Boston,2,f,116,76560.0,1
192.0,35,42.279661424027694,-71.11763174393255,Entire home/apt,3,170,4.57,STR-419049,Roslindale,12,3.0,Great 3 Bedroom Close To Boston,24,f,144,27648.0,1
189.0,28,42.34182,-71.0817,Entire home/apt,29,270,4.86,Exempt: This listing is a unit that has contracts with hospitals,South End,46,0.0,Newly Renovated w/ Exposed Brick,16,f,255,48195.0,1
108.0,39,42.32433,-71.06019,Private room,1,340,4.64,STR-545055,Dorchester,12,1.0,H1_Room 4 miles To Downtown Boston/BCEC,15,f,90,9720.0,1
287.0,17,42.32828,-71.11215,Entire home/apt,2,130,4.94,str-456734,Jamaica Plain,95,2.0,Luxury 2Br 2Ba Boston Hospitals.,17,f,102,29274.0,1
125.0,1,42.37994142842821,-71.067157278714,Entire home/apt,29,94,5.0,none,Charlestown,1,1.0,Apartment in Historic Charlestown/view of the city,1,t,58,7250.0,0
108.0,49,42.32428,-71.05868,Private room,1,343,4.78,STR-545055,Dorchester,12,1.0,H2_Room 4 miles To Downtown Boston/BCEC,18,f,108,11664.0,1
704.0,8,42.32825,-71.11078,Entire home/apt,3,270,5.0,str-456345,Jamaica Plain,95,2.0,Fancy 2Br 2Ba Boston Jamica pond,7,f,42,29568.0,1
108.0,33,42.32320737453472,-71.060633815868,Private room,1,334,4.79,STR-545055,Dorchester,12,1.0,H3_Room 4 miles To Downtown Boston/BCEC,6,f,36,3888.0,1
108.0,28,42.324286914774305,-71.06022887408173,Private room,1,337,4.75,STR-545055,Dorchester,12,1.0,H4_Room 4 miles To Downtown Boston/BCEC,10,f,60,6480.0,1
80.0,45,42.29204,-71.0744,Private room,1,361,4.71,STR-544890,Dorchester,4,1.0,Individual bedroom 2,32,f,192,15360.0,1
75.0,25,42.29325,-71.07544,Private room,1,180,4.44,STR-544890,Dorchester,4,1.0,Individual bedroom 3,21,f,126,9450.0,1
108.0,10,42.303297338260215,-71.0658498145345,Private room,1,302,4.8,STR-545039,Dorchester,11,1.0,C_Small DoubleNear Downtown Boston (5 miles),1,t,6,648.0,1
108.0,24,42.30317004114278,-71.06408066401355,Private room,1,289,4.92,STR-525122,Dorchester,11,1.0,A_Small Double Near Downtown Boston (5 miles),10,t,60,6480.0,1
108.0,3,42.30326017552693,-71.06580831446388,Private room,1,327,5.0,STR-525122,Dorchester,11,1.0,B_Triple Bed  Near Downtown Boston (5 miles),1,t,6,648.0,1
223.0,6,42.35508849124668,-71.06087801474412,Entire home/apt,29,77,5.0,Exempt: This listing is a unit that has contracts with hospitals,Downtown,46,1.0,Charming 1 Bedroom Apt | Laundry in Unit,6,f,255,56865.0,1
232.0,4,42.35562,-71.06243,Entire home/apt,29,77,4.5,Exempt: This listing is a unit that has contracts with hospitals,Downtown,46,2.0,Chic Modern 2 bed Apartment W/ Exposed Brick,4,f,232,53824.0,1
183.0,9,42.357088184076375,-71.06235799582862,Entire home/apt,29,75,4.89,Exempt: This listing is a unit that has contracts with hospitals,Downtown,46,0.0,Charming & Chic | Studio Apt,9,f,255,46665.0,1
689.0,1,42.34862,-71.10182,Entire home/apt,6,270,5.0,Str-082689,Fenway,95,2.0,Sophisticated 2BR/2BA APT Fenway Modern furniture,1,f,12,8268.0,1
164.0,54,42.35012,-71.08983,Entire home/apt,29,113,4.7,Exempt: This listing is a unit that has contracts with hospitals,Back Bay,54,1.0,Cozy Fenway 1BR Walk to MIT,27,f,255,41820.0,1
216.0,57,42.34875257267978,-71.09304196081419,Entire home/apt,29,190,4.67,Exempt: This listing is a unit that has contracts with hospitals,Fenway,54,1.0,Stunning 1BR | Steps to Fenway!,33,f,255,55080.0,1
283.0,36,42.34977689999999,-71.089541,Entire home/apt,5,262,4.86,STR-544863,Back Bay,18,1.0,Renovated One Bedroom in Back Bay,25,t,250,70750.0,1
220.0,64,42.34753,-71.09471,Entire home/apt,29,161,4.45,Exempt: This listing is a unit that has contracts with hospitals,Fenway,54,1.0,Cozy & Modern 1 Br | Kenmore Sq!,35,f,255,56100.0,1
144.0,2,42.355500000246174,-71.06071855526443,Entire home/apt,29,59,5.0,Exempt: This listing is a unit that has contracts with hospitals,Downtown,46,1.0,Classic & Chic Apartment | 1 Bedroom,2,f,116,16704.0,1
200.0,32,42.34353957274735,-71.08375864700918,Entire home/apt,29,359,4.63,Exempt: This listing is a unit that has contracts with hospitals,Back Bay,46,0.0,Serene South End Studio,19,f,255,51000.0,1
179.0,47,42.34197,-71.10255,Entire home/apt,29,113,4.77,Exempt: This listing is a unit that has contracts with hospitals,Longwood Medical Area,46,0.0,Studio Close to Longwood Medical,32,f,255,45645.0,1
141.0,68,42.34388487415769,-71.10380212162876,Entire home/apt,29,0,4.63,Exempt: This listing is a unit that has contracts with hospitals,Fenway,46,0.0,Bright & Spacious Fenway Studio,36,f,255,35955.0,1
108.0,17,42.30309,-71.0657,Private room,1,249,4.82,STR-545039,Dorchester,11,1.0,D_Triple Bed  Near Downtown Boston (5 miles),9,t,54,5832.0,1
108.0,19,42.30362,-71.066,Private room,1,239,4.68,STR-545056,Dorchester,11,1.0,H_Triple Bed  Near Downtown Boston (5 miles),4,t,24,2592.0,1
108.0,17,42.30131,-71.0647,Private room,1,152,4.94,STR-545056,Dorchester,11,1.0,G_Small Double Near Downtown Boston (5 miles),5,t,30,3240.0,1
108.0,10,42.30322,-71.06434,Private room,1,252,4.9,STR-545056,Dorchester,11,1.0,F_Triple Bed  Near Downtown Boston (5 miles),3,t,18,1944.0,1
108.0,26,42.30150250313112,-71.06572356187951,Private room,1,236,4.77,STR-545039,Dorchester,11,1.0,E_Small DoubleNear Downtown Boston (5 miles),8,t,48,5184.0,1
274.0,77,42.35122514726618,-71.06298213008692,Entire home/apt,29,322,4.83,Exempt: This listing is a unit used for furnished institutional or business stays,Downtown,12,1.0,Theatre District. Bost. Common. DnTown. LongTm.54,39,t,255,69870.0,1
214.0,56,42.34709,-71.10403,Entire home/apt,29,0,4.59,Exempt: This listing is a unit that has contracts with hospitals,Fenway,46,0.0,Studio Apt Steps to Hospitals,23,f,255,54570.0,1
282.0,91,42.35691,-71.06234,Entire home/apt,29,111,4.78,Exempt: This listing is a unit that has contracts with hospitals,Downtown,46,2.0,"Modern, Chic 2 BR Apartment",52,f,255,71910.0,1
214.0,32,42.34362403385152,-71.08365587501633,Entire home/apt,29,271,4.81,Exempt: This listing is a unit that has contracts with hospitals,Back Bay,54,0.0,Charming South End Studio Apt,16,f,255,54570.0,1
279.0,3,42.34943,-71.08779,Entire home/apt,29,89,4.67,Exempt: This listing is a unit that has contracts with hospitals,Back Bay,54,1.0,Large Victorian Back Bay 1BR,0,f,0,0.0,1
237.0,15,42.343809818232536,-71.08242783624482,Entire home/apt,29,323,4.4,Exempt: This listing is a unit that has contracts with hospitals,Back Bay,54,0.0,Wonderful South End Studio,1,f,58,13746.0,1
234.0,60,42.35524926271063,-71.05802316807171,Entire home/apt,1,320,4.63,STR-466828,Downtown,54,1.0,"Airy, Pet-friendly, FiDi studio",36,f,216,50544.0,1
190.0,38,42.343830675670546,-71.08398188222802,Entire home/apt,29,256,4.26,Exempt: This listing is a unit that has contracts with hospitals,Back Bay,54,0.0,Petit Garden Level Micro Studio,23,f,255,48450.0,1
186.0,43,42.343189542397226,-71.08424337525861,Entire home/apt,29,266,4.72,Exempt: This listing is a unit that has contracts with hospitals,Back Bay,54,0.0,Sunkissed Studio near South End,19,f,255,47430.0,1
233.0,12,42.344,-71.08199,Entire home/apt,29,267,4.67,Exempt: This listing is a unit that has contracts with hospitals,Back Bay,54,0.0,South End Serene Studio,5,f,255,59415.0,1
200.0,29,42.34399,-71.08202,Entire home/apt,29,269,4.72,Exempt: This listing is a unit that has contracts with hospitals,Back Bay,54,0.0,Cozy South End Loft,11,f,255,51000.0,1
190.0,65,42.34209609390428,-71.08235489107591,Entire home/apt,29,253,4.77,Exempt: This listing is a unit that has contracts with hospitals,South End,54,0.0,South End Serene Studio,37,f,255,48450.0,1
315.0,87,42.35806851437237,-71.05307280691564,Entire home/apt,29,0,4.55,Exempt: This listing is a unit that has contracts with hospitals,Downtown,54,2.0,Spacious 2BR | Keyless Entry,51,f,255,80325.0,1
274.0,88,42.3533868940093,-71.0635582269302,Entire home/apt,29,364,4.85,Exempt: This listing is a unit used for furnished institutional or business stays,Downtown,12,1.0,Theatre District. Bost. Common. DnTown. LongTm.63,45,t,255,69870.0,1
289.0,93,42.343913454583515,-71.10071764286766,Entire home/apt,29,363,4.85,Exempt: This listing is a unit used for furnished institutional or business stays,Fenway,12,1.0,Red Sox - Fenway. Longwood Medical. NEU. LongTrm09,49,t,255,73695.0,1
153.0,61,42.34807,-71.14465,Entire home/apt,1,132,4.9,STR-569354,Brighton,38,1.0,Ideal for long stays | Boston studio on top floor,40,t,240,36720.0,1
380.0,5,42.341049635543165,-71.14248593833825,Entire home/apt,29,224,5.0,Exempt: This listing is a unit used for furnished institutional or business stays,Brighton,15,2.0,Top-Floor 2BR: Renovated Bliss!,2,f,116,44080.0,1
252.0,5,42.28964365927628,-71.12413762465063,Entire home/apt,3,199,4.8,STR-544729,Roslindale,2,2.0,2nd floor Modern Apt,4,f,24,6048.0,1
108.0,17,42.30347,-71.06532,Private room,1,250,4.65,STR-545057,Dorchester,11,1.0,I_Triple Bed Near Downtown Boston (5 miles),4,t,24,2592.0,1
108.0,18,42.30145,-71.06463,Private room,1,213,5.0,STR-545057,Dorchester,11,1.0,J_Triple Bed Near Downtown Boston (5 miles),6,t,36,3888.0,1
454.0,71,42.365513031238535,-71.05496857134477,Entire home/apt,3,312,4.85,STR-476426,North End,20,3.0,"Large 3 Bed, 2 Bath in North End; Near Waterfront",59,f,255,115770.0,1
400.0,29,42.3463610428679,-71.10041862629883,Entire home/apt,4,144,4.72,STR-843567,Fenway,95,2.0,Fancy 2BR 2BA Apt Fenway Boston,24,f,192,76800.0,1
585.0,57,42.34966717309451,-71.04544281076248,Entire home/apt,3,307,4.75,Str-164996,South Boston Waterfront,95,3.0,High-end 3BR 2BA unit in Seaport,43,f,255,149175.0,1
450.0,26,42.34794366065614,-71.0443237645168,Entire home/apt,3,336,4.85,Str-079256,South Boston Waterfront,95,2.0,High-end 2BR 2BA unit in Seaport,18,f,108,48600.0,1
72.0,6,42.348,-71.07093,Private room,2,187,4.17,STR-415222,Bay Village,22,1.0,Pefect Studio With Flexible Cancellations!,3,f,18,1296.0,1
67.0,6,42.348263,-71.069641,Private room,3,192,3.33,STR-415222,Bay Village,13,0.0,Gem Studio With Flexible Cancellations!,5,f,30,2010.0,1
130.0,6,42.34837,-71.06989,Entire home/apt,3,186,4.17,STR-415222,Bay Village,13,0.0,Private Studio in Boston's Bay Village!,4,f,24,3120.0,1
126.0,10,42.3485831,-71.0696013,Entire home/apt,3,177,3.1,STR-415225,Bay Village,13,1.0,"Bay VIllage Suite, Ready To Host!",4,f,24,3024.0,1
126.0,6,42.3485831,-71.0696013,Entire home/apt,2,175,3.67,STR-415225,Bay Village,13,1.0,Bay Village Suites: Looking Forward To Hosting You,5,f,30,3780.0,1
247.0,1,42.36638,-71.04007,Entire home/apt,1,313,5.0,Exempt: This listing is a hotel or motel,East Boston,7,1.0,"Kitchen, Pool & Full Gym | Spacious 1BR",0,f,0,0.0,1
213.0,12,42.36638,-71.04007,Entire home/apt,1,362,4.17,Exempt: This listing is a hotel or motel,East Boston,7,0.0,Stylish Studio Apt | Kitchen | Pool | Gym | Boston,7,f,42,8946.0,1
689.0,18,42.34698,-71.10188,Entire home/apt,5,127,4.72,STR-473524,Fenway,95,2.0,Luxury 2BR 2BA Condo Fenway Boston Washer&Dryer in,8,f,80,55120.0,1
600.0,39,42.34721776388823,-71.10205728098497,Entire home/apt,4,228,4.74,STR-574624,Fenway,95,2.0,Radiant 2 BR 2 BA Fenway Boston,28,f,224,134400.0,1
155.0,10,42.33908853765334,-71.14614327803156,Entire home/apt,30,317,4.8,Exempt: This listing is a unit used for furnished institutional or business stays,Brighton,39,1.0,"Spacious 1Bed, Boston Coll, Elevator, Roof Deck",6,f,255,39525.0,1
309.0,24,42.33726,-71.08532,Entire home/apt,29,47,4.75,Exempt: This listing is a unit used for furnished institutional or business stays,Roxbury,15,2.0,Chic 2BR with Modern Comforts,11,f,255,78795.0,1
365.0,17,42.335904295225376,-71.08357772202781,Entire home/apt,29,229,4.88,Exempt: This listing is a unit used for furnished institutional or business stays,Roxbury,15,2.0,"New Construction, near NEU/BMC, Elevator, 2B, 2BA",5,f,255,93075.0,1
285.0,57,42.36142206052489,-71.06718317321649,Entire home/apt,1,274,4.81,STR-445052,West End,22,2.0,Central Beacon Hill 2brm,31,t,186,53010.0,1
128.0,80,42.331826631963025,-71.09736513873773,Entire home/apt,1,207,4.66,STR-468749,Mission Hill,1,1.0,Boston Studio w Off Street Parking,50,f,255,32640.0,1
145.0,72,42.328316886559094,-71.09606372223317,Entire home/apt,1,312,4.74,STR-461707,Roxbury,2,1.0,Historic Modern Brownstone,46,f,255,36975.0,1
137.0,69,42.3307289,-71.0967367,Entire home/apt,1,89,4.91,STR-445899,Mission Hill,2,1.0,Cozy 1 bedroom,67,t,255,34935.0,1
306.0,28,42.2781483,-71.1284481,Entire home/apt,2,23,4.93,STR-549429,Roslindale,1,3.0,Cozy 3-Bd Apartment in Boston!,17,f,102,31212.0,1
75.0,15,42.34756,-71.07024,Private room,2,176,4.2,STR-415223,South End,22,1.0,Welcoming Private Studio for One!,13,f,78,5850.0,1
112.0,4,42.34733504895169,-71.07050985892064,Private room,2,184,4.5,STR-415226,South End,22,0.0,Modern Efficiency Studio Awaits Your Stay!,3,f,18,2016.0,1
189.0,75,42.330154258731774,-71.09601792971851,Entire home/apt,1,152,4.91,STR-445907,Roxbury,2,3.0,3 Bedroom ideal location,69,t,255,48195.0,1
184.0,48,42.36194,-71.06897,Entire home/apt,1,325,4.71,STR-445054,West End,22,1.0,Duplex Beacon Hill 1brm,35,t,210,38640.0,1
74.0,8,42.2784006874308,-71.17125314973755,Private room,7,201,5.0,STR-548111,West Roxbury,1,1.0,Private room & bathroom at West Roxbury near MBTA,6,t,84,6216.0,1
347.0,2,42.37770359665365,-71.06133808177343,Entire home/apt,1,269,5.0,STR-554674,Charlestown,1,1.0,Private 1st flr Charlestown Apt,1,f,6,2082.0,1
459.0,1,42.34108,-71.10539,Entire home/apt,29,270,5.0,STR-466119,Longwood Medical Area,95,2.0,Luxurious 2BR 2BA unit in Fenway,0,f,0,0.0,1
75.0,42,42.29247,-71.07625,Private room,1,180,4.69,STR-544890,Dorchester,4,1.0,Individual Bedroom 1,32,f,192,14400.0,1
112.0,18,42.30733500140108,-71.06698018804586,Entire home/apt,3,285,4.78,STR-547011,Dorchester,5,1.0,III New apartment Luxury Boston,14,t,84,9408.0,1
114.0,25,42.30685358840152,-71.06593783681168,Entire home/apt,3,326,4.68,STR-547010,Dorchester,5,2.0,II New apartment Luxury inBoston,17,t,102,11628.0,1
400.0,6,42.350558867087905,-71.04369046697286,Entire home/apt,9,225,5.0,STR-575045,South Boston Waterfront,29,1.0,Lux 1BR w/ Amenities in Seaport,5,f,90,36000.0,1
108.0,31,42.30581260716941,-71.06562784951751,Entire home/apt,3,136,4.87,STR-547003,Dorchester,5,1.0,I New apartment Luxury in Boston,22,t,132,14256.0,1
305.0,38,42.35862,-71.0707,Entire home/apt,5,242,5.0,STR-544867,Beacon Hill,18,1.0,Brand New 1 BR | 1 BA on Charles St,32,t,255,77775.0,1
784.0,43,42.360274242955406,-71.0700590179641,Entire home/apt,5,180,4.98,STR-544865,Beacon Hill,18,2.0,Renovated 2BR | 1.5BA on Charles St,27,t,255,199920.0,1
40035.0,1,42.35104,-71.06971,Hotel room,1,0,5.0,Exempt: This listing is a hotel or motel,Downtown,3,1.0,"Couple Room, Pets Are Allowed | Historic Stay",0,f,0,0.0,1
171.0,2,42.3449329085284,-71.07987972069864,Private room,5,353,5.0,STR-398748,Back Bay,2,1.0,Marathon 5 minutes Away!  Large Garden Level Room,0,f,0,0.0,1
135.0,47,42.33406,-71.10538,Entire home/apt,2,86,4.77,STR-545178,Mission Hill,18,0.0,Compact Studio - Longwood/Fenway,37,f,222,29970.0,1
139.0,37,42.33418,-71.10523,Entire home/apt,2,207,4.68,STR-545178,Mission Hill,18,0.0,Cozy Efficiency Unit - Longwood,25,f,150,20850.0,1
168.0,43,42.33255467503312,-71.10698955510713,Entire home/apt,2,226,4.6,STR-545178,Mission Hill,18,0.0,Cozy Basement Studio - Longwood/Fenway,29,f,174,29232.0,1
107.0,85,42.31148060660728,-71.06386004943863,Private room,1,362,4.85,STR-541489,Dorchester,7,1.0,Boston Queen Room 1.1,75,t,255,27285.0,1
77.0,30,42.28523,-71.08062,Private room,5,261,4.97,STR-546512,Dorchester,2,1.0,Beautiful Room Newly Renovated,17,f,170,13090.0,1
329.0,4,42.34866623399031,-71.07508631534422,Entire home/apt,29,309,5.0,none,Back Bay,1,1.0,Back Bay Ultra Luxury Condo at Raffles Boston,3,t,174,57246.0,0
574.0,10,42.34438053849047,-71.06328673875693,Entire home/apt,29,270,4.6,STR-635467,South End,95,2.0,Luxury 2 Br 2Ba Boston southend,1,f,58,33292.0,1
689.0,67,42.28938,-71.04194,Entire home/apt,2,327,4.97,STR-545955,Dorchester,1,5.0,New Build XL Modern Home/UMass/Walk2TeneanBeach,47,t,255,175695.0,1
107.0,35,42.31171,-71.06432,Private room,1,351,4.86,STR-541489,Dorchester,7,1.0,Boston Queen Suite 1.3,35,t,210,22470.0,1
107.0,51,42.31155,-71.06296,Private room,1,336,4.76,STR-541489,Dorchester,7,1.0,Boston King Room 1.2 - New Renovation,48,t,255,27285.0,1
329.0,25,42.28155,-71.05255,Entire home/apt,2,265,4.8,STR-546034,Dorchester,2,3.0,Newly Renovated 4BR1BA Apartment,16,t,96,31584.0,1
174.0,8,42.35043,-71.06569,Entire home/apt,1,209,4.5,STR-545048,Downtown,1,1.0,Cozy Modern Boston 1BR Famous Nightlife Smart HDTV,7,f,42,7308.0,1
459.0,34,42.36672,-71.0556,Entire home/apt,5,237,4.88,STR-544878,North End,18,2.0,Large 2 BR | 1BA in the North End,25,t,250,114750.0,1
72.0,10,42.27131552346868,-71.12159058839843,Private room,1,267,4.9,STR-546859,Roslindale,1,0.0,Boston Urban-glamping style easy commute,10,f,60,4320.0,1
68.0,9,42.3485831,-71.0696013,Private room,2,183,3.78,STR-415225,Bay Village,22,0.0,Darling Efficiency Studio Awaits!,6,f,36,2448.0,1
216.0,2,42.31033642001322,-71.09890848831392,Entire home/apt,2,7,4.5,STR-589210,Jamaica Plain,1,1.0,Puddingstone Palace on the Hill,2,f,12,2592.0,1
51.0,3,42.2826331,-71.1276535,Private room,3,92,5.0,STR-476790,Roslindale,2,1.0,Quiet Room in Roslindale,3,f,18,918.0,1
253.0,30,42.317229248091635,-71.09690343279392,Entire home/apt,2,26,4.93,STR-528277,Roxbury,3,3.0,Spacious Dog Friendly 3bd Apt,20,t,120,30360.0,1
160.0,77,42.359827,-71.069176,Entire home/apt,1,224,4.95,STR-546510,Beacon Hill,1,1.0,Charming and Historic Apartment,58,t,255,40800.0,1
231.0,1,42.35992,-71.14956,Entire home/apt,32,171,5.0,none,Brighton,369,1.0,"Blueground | Burlington, gym, nr dining & shops",1,f,64,14784.0,0
237.0,1,42.34475459999999,-71.09589319999999,Entire home/apt,32,339,5.0,none,Fenway,369,0.0,"Blueground | Fenway, gym, nr t stop & dining",1,f,64,15168.0,0
250.0,1,42.34475459999999,-71.09589319999999,Entire home/apt,32,263,4.0,none,Fenway,369,0.0,"Blueground | Fenway, gym, nr restaurants & shops",1,f,64,16000.0,0
202.0,42,42.34180353609702,-71.08251799319119,Entire home/apt,29,249,4.52,Exempt: This listing is a unit that has contracts with hospitals,South End,46,0.0,Sophisticated South End Studio,23,f,255,51510.0,1
167.0,40,42.34185805426164,-71.08197597992016,Entire home/apt,29,253,4.83,Exempt: This listing is a unit that has contracts with hospitals,South End,46,0.0,Studio Nestled in Back Bay!,17,f,255,42585.0,1
224.0,36,42.34184208679384,-71.08213584864022,Entire home/apt,29,211,4.83,Exempt: This listing is a unit that has contracts with hospitals,South End,70,0.0,Spacious Studio | Prudential Area,23,f,255,57120.0,1
210.0,44,42.34358,-71.084,Entire home/apt,29,216,4.7,Exempt: This listing is a unit that has contracts with hospitals,Back Bay,70,0.0,Bright Modern Studio | South End,31,f,255,53550.0,1
187.0,51,42.34402357502558,-71.08239904009957,Entire home/apt,29,235,4.69,Exempt: This listing is a unit that has contracts with hospitals,Back Bay,70,0.0,Bold & Spacious Studio | Back Bay,23,f,255,47685.0,1
221.0,47,42.34378148040627,-71.08333199198101,Entire home/apt,29,228,4.85,Exempt: This listing is a unit that has contracts with hospitals,Back Bay,70,0.0,Spacious and Bright Studio,28,f,255,56355.0,1
181.0,70,42.34354201042069,-71.08374689213927,Entire home/apt,29,226,4.86,Exempt: This listing is a unit that has contracts with hospitals,Back Bay,70,0.0,Modern Bright Back Bay Studio,35,f,255,46155.0,1
386.0,28,42.35393,-71.1671,Entire home/apt,1,343,4.64,STR-549396,Brighton,1,4.0,House on the Hill,26,f,156,60216.0,1
161.0,70,42.36596,-71.053,Entire home/apt,1,312,4.8,STR-546555,North End,22,0.0,Primo North End Studio,56,t,255,41055.0,1
110.0,88,42.344775060259394,-71.0897079080066,Entire home/apt,1,243,4.74,STR-540399,Fenway,87,1.0,"Just Steps to Fenway Park & Berklee College, #107",48,f,255,28050.0,1
188.0,53,42.3677763751764,-71.05398494483002,Entire home/apt,1,315,4.75,STR-546550,North End,22,1.0,Perfetto North End 1brm,38,t,228,42864.0,1
246.0,64,42.36474704062829,-71.05588948386952,Entire home/apt,1,266,4.86,STR-546562,North End,22,2.0,Prima Boston North End 2brm,52,t,255,62730.0,1
185.0,59,42.3428614,-71.0829174,Entire home/apt,29,231,4.73,Exempt: This listing is a unit that has contracts with hospitals,Back Bay,70,0.0,Loft Bed Studio | Prudential Area,30,f,255,47175.0,1
280.0,42,42.35398,-71.06293,Entire home/apt,29,360,4.83,Exempt: This listing is a unit that has contracts with hospitals,Downtown,70,3.0,Simple & Spacious Apartment!,42,f,255,71400.0,1
196.0,46,42.34196,-71.08244,Entire home/apt,29,256,4.65,Exempt: This listing is a unit that has contracts with hospitals,South End,46,0.0,Unique South End Studio,21,f,255,49980.0,1
85.0,58,42.3438,-71.08393,Entire home/apt,29,223,4.67,Exempt: This listing is a hotel or motel,Back Bay,46,0.0,Cozy Garden Level Studio,26,f,255,21675.0,1
75.0,68,42.30218,-71.0624,Private room,1,323,4.82,STR-556094,Dorchester,2,1.0,Boston Charm: Private Room Near Downtown,65,t,255,19125.0,1
384.0,2,42.2584698,-71.1198095,Entire home/apt,2,365,5.0,StR-104774,Hyde Park,3,3.0,Beautiful peaceful and safe,2,f,12,4608.0,1
637.0,28,42.34858755849173,-71.08947860978112,Entire home/apt,6,242,4.89,STR-544868,Back Bay,18,2.0,Large 2 BR|2 BA + Patio in Back Bay,19,t,228,145236.0,1
354.0,13,42.33412,-71.04619,Entire home/apt,5,266,4.85,STR-544883,South Boston,18,2.0,Brand New 2 BR | 1 BA in So. BOS #2,8,t,80,28320.0,1
95.0,3,42.28395,-71.05387,Private room,29,269,5.0,STR-123456,Dorchester,1,1.0,"Private Room, Modern/Clean Condo",3,f,174,16530.0,1
247.0,1,42.36638,-71.04007,Entire home/apt,1,313,5.0,Exempt: This listing is a hotel or motel,East Boston,30,1.0,Boston Harbor Full Kitchen! 1BR nr Airport,0,f,0,0.0,1
319.0,25,42.34927,-71.0937,Entire home/apt,3,341,4.48,STR-521905,Fenway,20,2.0,Free Parking 2 Bed 1 Bath Steps from BU/Kenmore,10,f,60,19140.0,1
77.0,17,42.279750221552625,-71.1604904383421,Private room,5,281,5.0,STR-520919,West Roxbury,5,1.0,Boston Private Bedroom near train/bus,12,t,120,9240.0,1
465.0,4,42.32129194279933,-71.05745866589561,Entire home/apt,1,127,5.0,STR-455882,Dorchester,15,5.0,2. Spacious Apt easy commute to Downtown Boston.,3,f,18,8370.0,1
500.0,46,42.35925570000001,-71.12491399999999,Entire home/apt,3,199,4.89,STR-594723,Allston,7,5.0,"Boston Hospitality Homes, Harvard",39,t,234,117000.0,1
112.0,7,42.28089,-71.15935,Private room,6,168,5.0,STR-520919,West Roxbury,5,1.0,Master Bedroom/private bath/step to Train&Bus,1,t,12,1344.0,1
277.0,37,42.36507,-71.05154,Entire home/apt,5,236,4.95,STR-544881,North End,18,1.0,Spacious North End 1 BR | 1BA,29,t,255,70635.0,1
330.0,20,42.335650488641726,-71.04625129340066,Entire home/apt,5,264,5.0,STR-544883,South Boston,18,2.0,Brand New 2 BR | 1 BA in So. BOS #3,12,t,120,39600.0,1
58.0,1,42.30239,-71.06824,Private room,91,269,5.0,none,Dorchester,2,1.0,Private Queen Bedroom in Boston,1,f,182,10556.0,0
714.0,11,42.32044,-71.07531,Entire home/apt,2,270,4.73,STR-414833,Roxbury,4,8.0,NEW! Boston Full Home Near MBTA ! 3 Mi To Fenway!,8,f,48,34272.0,1
372.0,36,42.2968,-71.08925,Entire home/apt,2,123,4.86,STR-548616,Dorchester,1,4.0,4 Rooms in Boston. Private Baths,26,t,156,58032.0,1
151.0,4,42.32428,-71.07963,Entire home/apt,29,119,5.0,STR-560804,Roxbury,1,2.0,Cozy 2BR in victorian brownstone,3,t,174,26274.0,1
85.0,16,42.35028935587033,-71.17393338414931,Private room,3,122,4.63,STR-593447,Brighton,4,1.0,Private Beautiful Large Sunny Large Room #1,10,f,60,5100.0,1
349.0,41,42.31794,-71.0785,Entire home/apt,1,186,4.85,STR-519523,Roxbury,2,4.0,4-bed / 2-bath Modern Condo Minutes from Downtown,29,t,174,60726.0,1
102.0,181,42.375558476816586,-71.03573253428006,Private room,1,163,4.71,STR-548656,East Boston,1,1.0,Cozy Room 15 Minutes to BOS Airport,132,f,255,26010.0,1
85.0,28,42.35025,-71.17402,Private room,3,122,4.5,STR-593447,Brighton,4,1.0,Private Charming Room by Oak Square #3,13,f,78,6630.0,1
475.0,22,42.34020616071716,-71.1066155102937,Entire home/apt,4,232,4.77,STR-466119,Longwood Medical Area,95,2.0,"Fenway Cultural, 2 bed 2 bath",16,f,128,60800.0,1
327.0,71,42.35252,-71.07614,Entire home/apt,1,233,4.8,STR-571577,Back Bay,2,0.0,"(J2) Private Entrance! Fully Renovated, Back Bay!",52,f,255,83385.0,1
143.0,99,42.358874,-71.07106379999999,Private room,1,213,4.89,str-548979,Beacon Hill,2,1.0,Historic Mayor’s Mansion #1,78,t,255,36465.0,1
473.0,4,42.34173,-71.10686,Entire home/apt,4,142,5.0,STR-473524,Longwood Medical Area,95,2.0,Luxury 2BR 2BA apt Fenway .Boston.,3,f,24,11352.0,1
470.0,3,42.36635,-71.05896,Entire home/apt,3,280,4.67,STR-461702,Downtown,20,4.0,"Central 4 Bed, 2 Bath",3,f,18,8460.0,1
294.0,29,42.2854383313153,-71.0930408048361,Entire home/apt,2,106,4.62,STR-587416,Mattapan,1,4.0,"Clean, Modern & Great Location",17,f,102,29988.0,1
474.0,25,42.31119413032659,-71.05374671024839,Entire home/apt,2,226,4.8,STR-541629,Dorchester,2,3.0,3BR2BA Apt - Near train station,15,t,90,42660.0,1
152.0,51,42.33037,-71.10773,Entire home/apt,3,45,4.78,STR-489343,Mission Hill,4,1.0,Longwood/Fenway Hill Top 1BR Garden Apt,42,t,252,38304.0,1
121.0,121,42.3376382,-71.03912129999999,Entire home/apt,1,238,4.86,STR-399339,South Boston,3,1.0,Cozy suite in the city!,91,t,255,30855.0,1
130.0,2,42.31680674305933,-71.06661867964523,Private room,1,312,5.0,STR-549609,Dorchester,6,1.0,Boston Dream Space,2,f,12,1560.0,1
124.0,3,42.31721,-71.06667,Private room,1,293,3.0,STR-549609,Dorchester,6,1.0,Boston Charm Room,2,f,12,1488.0,1
130.0,5,42.31691,-71.06734,Private room,1,313,4.8,STR-549609,Dorchester,6,1.0,Boston City Lights,3,f,18,2340.0,1
160.0,9,42.31836,-71.06859,Private room,1,275,4.89,STR-549609,Dorchester,6,1.0,Boston Private Room #5 With 1Full Bed,9,f,54,8640.0,1
282.0,96,42.28207,-71.07796,Entire home/apt,1,243,4.94,STR-545339,Dorchester,1,4.0,New Spacious Home in Boston,67,t,255,71910.0,1
76.0,85,42.35953,-71.13205,Private room,1,360,4.67,STR-544976,Allston,16,1.0,Near Harvard Business 1-1,66,f,255,19380.0,1
354.0,64,42.35710781906268,-71.06094766093314,Entire home/apt,29,34,4.7,Exempt: This listing is a unit that has contracts with hospitals,Downtown,46,4.0,Downtown Designer Home| Keyless,44,f,255,90270.0,1
58.0,7,42.30974336956421,-71.0805977546177,Private room,3,344,4.29,STR-540867,Dorchester,3,1.0,cozy room in quiet area,6,f,36,2088.0,1
42.0,3,42.331910736652155,-71.05332541426975,Private room,29,354,4.0,STR-522998,South Boston,32,1.0,"Cozy Private Room, Walk to Red Line & Beaches",0,f,0,0.0,1
330.0,1,42.36553079999999,-71.06490629999999,Entire home/apt,32,306,4.0,none,West End,369,1.0,"Blueground | North Station, gym, nr restaurants",1,f,64,21120.0,0
231.0,1,42.359921,-71.149558,Entire home/apt,32,185,5.0,none,Brighton,369,1.0,"Blueground | Brighton, gym & w/d, on the river",0,f,0,0.0,0
190.0,2,42.31697,-71.06885,Private room,29,314,5.0,STR-233334,Dorchester,6,1.0,Boston Delight,0,f,0,0.0,1
133.0,4,42.3185,-71.06844,Private room,1,261,4.25,STR-549609,Dorchester,6,1.0,Boston Breeze Room,2,f,12,1596.0,1
70.0,37,42.31481801633639,-71.08333136154386,Private room,1,323,4.92,STR-553550,Roxbury,1,1.0,"Cozy & Private Bedrm, Bathrm & Patio near Downtown",25,t,150,10500.0,1
338.0,45,42.352323,-71.0468488,Private room,1,105,4.73,Exempt: This listing is a hotel or motel,South Boston Waterfront,2,1.0,Super-functional classic YOTEL minimalist design,39,f,234,79092.0,1
60.0,6,42.31115,-71.07886,Private room,3,359,4.83,STR-540867,Dorchester,3,1.0,sunny and spacious in quiet area,6,f,36,2160.0,1
710.0,8,42.3172247,-71.0598285,Entire home/apt,30,313,5.0,STR-425117,Dorchester,2,6.0,Classic Boston Home | near T,3,f,180,127800.0,1
67.0,11,42.34949864623206,-71.17344584316015,Private room,3,261,4.91,STR-593447,Brighton,4,1.0,Private Room/ Boston Collage #7 (newly listed),9,f,54,3618.0,1
180.0,59,42.276477274546494,-71.13149719995816,Entire home/apt,2,78,4.85,STR-482653,Roslindale,1,3.0,"Marble Home! Sleek, Clean, & Modern!",40,t,240,43200.0,1
155.0,15,42.37804,-71.03541,Entire home/apt,1,243,4.73,STR-526923,East Boston,2,1.0,Getaway Serenity Suite next to Logan Intl Airport,13,t,78,12090.0,1
211.0,68,42.35839333234944,-71.05300800023029,Entire home/apt,29,53,4.75,Exempt: This listing is a unit that has contracts with hospitals,Downtown,54,2.0,Lux 2br in the Heart of FIDI!,57,f,255,53805.0,1
195.0,5,42.342038621985914,-71.07862838084993,Entire home/apt,1,356,4.6,STR-457097,South End,15,1.0,Bright Studio in Gorgeous Brownstone,0,f,0,0.0,1
57.0,42,42.322268635106035,-71.05544679281388,Private room,29,116,4.83,STR-455882,Dorchester,15,1.0,3. Small room easy commute to Boston Downtown.,24,f,255,14535.0,1
500.0,16,42.34342,-71.08265,Entire home/apt,4,102,4.56,Str-073916,Back Bay,95,3.0,Heart of Back Bay Condo 3BR 2BAA,7,f,56,28000.0,1
332.0,1,42.365947,-71.063473,Entire home/apt,32,342,4.0,none,Downtown,369,1.0,"Blueground | North Station, gym, nr dining & T",1,f,64,21248.0,0
336.0,44,42.363277751801824,-71.05108931394656,Entire home/apt,1,112,4.86,STR-589942,North End,2,2.0,Capricornus: Oceanside Vacation,38,f,228,76608.0,1
448.0,23,42.36303,-71.05102,Entire home/apt,2,100,4.96,STR-589942,North End,2,3.0,Patriot: Three Story Vessel,16,f,96,43008.0,1
180.0,2,42.36045,-71.0696,Entire home/apt,29,161,5.0,none,Beacon Hill,8,3.0,Wonderful 3 Bedroom Apt in Boston,0,t,0,0.0,0
180.0,2,42.359985869810735,-71.06730585445456,Entire home/apt,29,161,4.0,none,Beacon Hill,114,3.0,Exquisite 3Bedroom Apt with in Beacon Hill,2,f,116,20880.0,0
226.0,28,42.28825230222739,-71.0638442666993,Entire home/apt,2,356,4.64,STR-551942,Dorchester,1,3.0,Newly Renovated 3BR Apartment,24,f,144,32544.0,1
188.0,5,42.346155,-71.070907,Private room,1,98,4.4,Exempt: This listing is a hotel or motel,South End,14,1.0,3’s not a crowd here (1-person hall baths),4,f,24,4512.0,1
118.0,54,42.33679415089076,-71.0487385064877,Private room,1,87,4.94,STR-552010,South Boston,1,1.0,Private Room in the Heart of South Boston!,38,t,228,26904.0,1
464.0,22,42.34761958051074,-71.10176605034547,Entire home/apt,4,135,4.86,str-009751,Fenway,95,2.0,Chic 2BR/2BA Retreat in the Heart of Fenway Park,20,f,160,74240.0,1
713.0,8,42.342011404656674,-71.06680624186993,Entire home/apt,29,279,4.88,STR-006593,South End,12,2.0,Lux 2bed2bath Apt Boston,6,f,255,181815.0,1
72.0,17,42.282495750173254,-71.12207324709658,Private room,29,107,4.82,STR-570381,Roslindale,4,1.0,"#1 ""Top of the Hub"" Bansky Room",6,t,255,18360.0,1
234.0,4,42.33842,-71.07143,Entire home/apt,29,192,5.0,Exempt: This listing is a unit used for furnished institutional or business stays,South End,39,1.0,"Boston Medical & Landmarks, public transportation",0,f,0,0.0,1
143.0,139,42.35846,-71.07213,Private room,1,233,4.76,str-548979,Beacon Hill,2,1.0,Historic Mayor's Mansion #2,102,t,255,36465.0,1
296.0,18,42.30787626880737,-71.09994233862305,Entire home/apt,2,0,4.94,STR-552835,Roxbury,3,3.0,Park-Side Home in Jamaica Plain,18,t,108,31968.0,1
69.0,57,42.26808,-71.11704,Private room,1,240,4.93,STR-550744,Hyde Park,3,1.0,Lavender Dream Room near Forest Hills,48,t,255,17595.0,1
389.0,19,42.32184,-71.10216,Entire home/apt,1,113,4.84,STR-560871,Jamaica Plain,1,4.0,"Your Home Away from Home : Jamaica Plain, Boston",19,t,114,44346.0,1
78.0,115,42.36024,-71.1299,Private room,1,353,4.69,STR-544976,Allston,16,1.0,Near Harvard Business 2/4,96,f,255,19890.0,1
186.0,3,42.25150597088558,-71.13251906307836,Entire home/apt,30,64,4.67,none,Hyde Park,11,3.0,2bd 1.5 bath with launfry and parking in boston,2,f,120,22320.0,0
214.0,22,42.24684,-71.11612,Entire home/apt,3,21,4.95,STR-552439,Hyde Park,2,3.0,"Modern 3BR Suburban Retreat, Minutes from Downtown",17,t,102,21828.0,1
182.0,71,42.3328365,-71.050833,Entire home/apt,1,62,4.94,STR-548968,South Boston,1,1.0,Cozy Condo in South Boston,55,t,255,46410.0,1
288.0,84,42.348062216049414,-71.14616869948904,Entire home/apt,1,111,4.95,STR-569349,Brighton,38,2.0,Peaceful suite in Boston with city views,61,t,255,73440.0,1
436.0,44,42.35365571628887,-71.07162181939857,Private room,1,183,4.86,Exempt: This listing is a hotel or motel,Back Bay,10,1.0,Luxuriant Stay | Freedom Trail. Library,42,t,252,109872.0,1
486.0,31,42.35202,-71.07212,Private room,1,173,4.94,Exempt: This listing is a hotel or motel,Back Bay,10,1.0,Timeless Journey | Public Garden. Fitness Center,30,t,180,87480.0,1
472.0,12,42.35299,-71.072,Private room,1,188,4.83,Exempt: This listing is a hotel or motel,Back Bay,10,0.0,Iconic Experience | Aquarium. Library,12,t,72,33984.0,1
375.0,5,42.342530408431,-71.10108052546113,Entire home/apt,1,270,4.0,Exempt: This listing is a hotel or motel,Fenway,18,1.0,Sonder at Pierce Boston | Superior 1BR Apartment,5,f,30,11250.0,1
968.0,8,42.34469148848406,-71.10134438367714,Entire home/apt,1,95,4.25,Exempt: This listing is a hotel or motel,Fenway,18,2.0,Sonder at Pierce Boston | Superior 2BR Apartment,7,f,42,40656.0,1
649.0,52,42.32959592254333,-71.05641146044235,Entire home/apt,29,361,4.98,Exempt: This listing is a unit used for furnished institutional or business stays,South Boston,17,5.0,5BR 3BATH LUX | Walk to Subway,35,t,255,165495.0,1
456.0,4,42.349248,-71.041437,Private room,1,114,5.0,Exempt: This listing is a hotel or motel,South Boston Waterfront,1,1.0,Private oasis on Boston's historic waterfront,3,t,18,8208.0,1
90.0,1,42.32123082518254,-71.05774389947783,Entire home/apt,29,309,5.0,none,Dorchester,9,0.0,Studio close to medical center/T,0,f,0,0.0,0
243.0,61,42.24472838852835,-71.12051106444976,Entire home/apt,1,200,4.85,STR-451343,Hyde Park,1,3.0,Boston-Fairmont Hills Apartment,45,t,255,61965.0,1
357.0,6,42.349112239066656,-71.15517021207827,Entire home/apt,3,3,5.0,STR-553226,Brighton,2,5.0,Historic Summer House,6,t,36,12852.0,1
203.0,75,42.37675,-71.05916,Entire home/apt,1,95,4.97,STR-552323,Charlestown,1,1.0,Boston Apartment with parking available!,59,t,255,51765.0,1
192.0,135,42.36301892628818,-71.13533558484896,Private room,1,357,4.71,Exempt: This listing is a hotel or motel,Allston,9,1.0,"Breakfast included, Room near Harvard",123,t,255,48960.0,1
244.0,2,42.36324518033751,-71.13690385398085,Private room,1,347,4.0,Exempt: This listing is a hotel or motel,Brighton,9,0.0,Studio near Harvard - Free Parking Back,2,t,12,2928.0,1
288.0,1,42.3635660446528,-71.13550746412382,Private room,1,337,5.0,Exempt: This listing is a hotel or motel,Brighton,9,1.0,Interstellar Suite near Harvard - Free parking,0,t,0,0.0,1
213.0,180,42.36505759445309,-71.1361690352161,Private room,1,361,4.81,Exempt: This listing is a hotel or motel,Brighton,9,1.0,Family Oasis across Charles River- w/ Breakfast,157,t,255,54315.0,1
148.0,61,42.348,-71.14659,Entire home/apt,1,121,4.92,STR-569351,Brighton,38,1.0,Lavish Boston studio with separate bedroom,52,t,255,37740.0,1
152.0,74,42.346668000163774,-71.14443911251824,Entire home/apt,1,120,4.89,STR-569352,Brighton,38,1.0,Lovely Boston studio with bedroom and city views!,59,t,255,38760.0,1
126.0,5,42.34958906812464,-71.10019070402295,Entire home/apt,29,235,5.0,none,Fenway,3,1.0,Downtown Boston Apt with BayView,4,t,232,29232.0,0
226.0,44,42.36469,-71.05528,Entire home/apt,3,335,4.8,STR-476426,North End,20,2.0,Central 2 Bed in North End; Near Waterfront & MGH,40,f,240,54240.0,1
144.0,13,42.34939,-71.09591,Entire home/apt,3,346,4.23,STR-521905,Fenway,20,1.0,"Free Parking at 1 Bed Basement Apt, Near BU & MIT",6,f,36,5184.0,1
111.0,4,42.348419,-71.069839,Private room,2,188,4.0,STR-415222,Bay Village,22,1.0,Studio in Boston with Flexible Cancellations!,3,f,18,1998.0,1
689.0,1,42.3411,-71.10624,Entire home/apt,5,269,5.0,STR-466119,Longwood Medical Area,95,2.0,Modern Apartment Fenway,1,f,10,6890.0,1
243.0,46,42.33687904341484,-71.04150395402579,Entire home/apt,2,36,4.61,str-558238,South Boston,1,2.0,2 Bedroom Southie Brownstone,33,f,198,48114.0,1
367.0,16,42.337246872820245,-71.08557851758722,Entire home/apt,30,342,4.88,Exempt: This listing is a unit used for furnished institutional or business stays,Roxbury,15,2.0,2 Bedroom Unit w/ Elevator & In-Unit Laundry,11,f,255,93585.0,1
49.0,13,42.27004,-71.15062,Private room,31,31,4.92,STR-518382,West Roxbury,4,1.0,Private room B,13,t,255,12495.0,1
185.0,4,42.36033286357713,-71.07095370041846,Entire home/apt,29,152,4.75,none,Beacon Hill,114,2.0,Best Boston Beacon Hill 2Bedroom Studio,4,f,232,42920.0,0
717.0,5,42.35176,-71.07185,Private room,1,188,5.0,STR-521759,Back Bay,10,1.0,Luxury Hideaway | Museums. Boston Common,5,t,30,21510.0,1
960.0,9,42.35181146590478,-71.07229411417858,Private room,1,187,5.0,STR-547444,Back Bay,10,1.0,Classic Charm | Public Garden. Fitness Center,8,t,48,46080.0,1
1156.0,1,42.35196,-71.07221,Private room,1,185,5.0,STR-994875,Back Bay,10,1.0,Elite Escapes | Boston Common. Fitness Center,1,t,6,6936.0,1
138.0,39,42.34605,-71.14576,Entire home/apt,1,105,4.79,STR-569344,Brighton,38,0.0,Comfy studio in Boston,33,t,198,27324.0,1
353.0,3,42.3476984058586,-71.08334861978648,Entire home/apt,29,32,5.0,none,Back Bay,20,2.0,Location -Location - Location! Washer and dryer,3,t,174,61422.0,0
630.0,20,42.3563603,-71.0617784,Entire home/apt,29,101,4.8,Exempt: This listing is a unit that has contracts with hospitals,Downtown,5,3.0,Luxury 3 bedroom 3 bathroom downtown loft,14,t,255,160650.0,1
103.0,161,42.32751,-71.08527,Private room,1,200,4.89,STR-571341,Roxbury,7,1.0,A King Bed | Private Bath,127,t,255,26265.0,1
68.0,144,42.326168884510594,-71.08676646723976,Private room,1,14,4.78,STR-571341,Roxbury,7,1.0,King Bed | 3rd Floor | Sunny,123,t,255,17340.0,1
61.0,84,42.32621200108758,-71.08694337901906,Private room,1,50,4.86,STR-571341,Roxbury,7,1.0,Petite Bedroom | 3rd Floor | Fort Hill,62,t,255,15555.0,1
1043.0,35,42.3563603,-71.0617784,Entire home/apt,29,98,4.97,Exempt: This listing is a unit that has contracts with hospitals,Downtown,5,3.0,Penthouse luxury suite.  Huge great room. 3 beds.,28,t,255,265965.0,1
786.0,30,42.35718015235457,-71.06255274199684,Entire home/apt,29,72,5.0,Exempt: This listing is a unit that has contracts with hospitals,Downtown,5,3.0,Family friendly 3 bed 3 bath,23,t,255,200430.0,1
722.0,12,42.35602,-71.06094,Entire home/apt,29,98,4.83,Exempt: This listing is a unit that has contracts with hospitals,Downtown,5,3.0,Downtown Loft perfect for group 3 bed 3 bath,7,t,255,184110.0,1
1065.0,9,42.35534,-71.0629,Entire home/apt,29,123,4.89,Exempt: This listing is a unit that has contracts with hospitals,Downtown,5,3.0,Huge great room for entertaining. 3 bed 3 bath lux,7,t,255,271575.0,1
309.0,1,42.36442,-71.13756,Private room,1,334,5.0,STR-852142,Brighton,9,1.0,Nature Suite near Harvard - Free Parking & Wi-Fi!,1,t,6,1854.0,1
192.0,5,42.36477194975593,-71.13558649630608,Private room,1,341,4.6,STR-321475,Brighton,9,1.0,"ADA Single Room – Breakfast included, Near Harvard",4,t,24,4608.0,1
244.0,298,42.35254,-71.07033,Private room,1,190,4.96,Exempt: This listing is a hotel or motel,Beacon Hill,6,1.0,Rock Me Gently | Steps from Blues. Dive to Pool,282,t,255,62220.0,1
244.0,65,42.35183,-71.07013,Private room,1,186,4.98,Exempt: This listing is a hotel or motel,Downtown,6,1.0,Poolside Sessions | Music Moments. MGM Melodies,63,t,255,62220.0,1
260.0,8,42.351372109445094,-71.06891735507868,Private room,1,178,5.0,Exempt: This listing is a hotel or motel,Downtown,6,1.0,Fenway Stay | Catch Game Heated Pool & Vinyl Spins,8,t,48,12480.0,1
260.0,129,42.35208587393087,-71.06811779001453,Private room,1,182,4.88,Exempt: This listing is a hotel or motel,Downtown,6,1.0,Live at Fenway | Walk to Park  and Heated Pool,127,t,255,66300.0,1
252.0,29,42.27246293303935,-71.09133045658012,Entire home/apt,2,292,4.93,STR-560290,Mattapan,1,2.0,Home in Boston/Mattapan/Milton,27,f,162,40824.0,1
241.0,79,42.346061141726416,-71.14480196358258,Entire home/apt,1,109,4.78,STR-569350,Brighton,38,2.0,Beautiful private suite with balcony|fully stocked,67,t,255,61455.0,1
79.0,33,42.33999006851798,-71.15539689959775,Private room,1,48,4.73,STR-559441,Brighton,2,1.0,(A) Big Sunny Room - Parking Included,30,t,180,14220.0,1
71.0,5,42.35900148957093,-71.12519092068672,Private room,29,172,5.0,none,Allston,4,1.0,"Private Room close to HBS, Harvard, BU, MIT",5,t,255,18105.0,0
74.0,155,42.32775904493979,-71.08533088683889,Private room,1,157,4.87,STR-571341,Roxbury,7,1.0,Centrally Located | King Bedroom,134,t,255,18870.0,1
85.0,4,42.35933215079435,-71.12307710831466,Private room,29,219,5.0,none,Allston,4,1.0,独立房间加独立书房 ｜哈佛工程学院/商学院步行距离,4,t,232,19720.0,0
839.0,2,42.34797971098249,-71.10197428211546,Entire home/apt,5,254,5.0,Exempt: This listing is a unit used for furnished institutional or business stays,Fenway,20,2.0,Stunning apartment in Fenway,2,f,20,16780.0,1
104.0,14,42.30504,-71.0665,Entire home/apt,3,129,4.79,STR-547013,Dorchester,5,2.0,IV NewApart LuxuryAmenitieBoston,12,t,72,7488.0,1
86.0,5,42.36096,-71.12318,Private room,28,182,5.0,Exempt: This listing is a unit used for furnished institutional or business stays,Allston,4,1.0,"Large Room w/Private Bath, Near Harvard, BU, MIT",5,t,255,21930.0,1
85.0,4,42.36124351312512,-71.12450899874564,Private room,29,75,5.0,none,Allston,4,1.0,"Private Room, Walk to HBS/Harvard/MIT",4,t,232,19720.0,0
136.0,7,42.3228114,-71.10686199999999,Entire home/apt,2,229,4.86,STR-570189,Jamaica Plain,2,1.0,Boston City Living in Comfort!,7,f,42,5712.0,1
135.0,9,42.3593,-71.06664,Private room,29,46,5.0,Exempt: This listing is a unit used for furnished institutional or business stays,Beacon Hill,2,1.0,Beacon Hill Pied ~a~Terre,5,t,255,34425.0,1
185.0,70,42.348663118230334,-71.14663905472659,Entire home/apt,1,111,4.84,STR-569364,Brighton,38,2.0,Elegant Boston suite,63,t,255,47175.0,1
50000.0,2,42.35042,-71.06731,Hotel room,1,342,5.0,Exempt: This listing is a hotel or motel,Bay Village,46,1.0,Sophisticated Stay w/ Rooftop Bar! Pet-friendly,2,f,12,600000.0,1
50000.0,2,42.35042,-71.06731,Hotel room,1,346,5.0,Exempt: This listing is a hotel or motel,Bay Village,46,1.0,"Deluxe 2Q Bay View, Revere Hotel, Pet-friendly",2,f,12,600000.0,1
50096.0,2,42.35042,-71.06731,Hotel room,1,346,4.0,Exempt: This listing is a hotel or motel,Bay Village,46,2.0,"2 Back Bay View 2Q, Revere, Chic Living Space",2,f,12,601152.0,1
50000.0,1,42.35042,-71.06731,Hotel room,1,346,5.0,Exempt: This listing is a hotel or motel,Bay Village,46,3.0,3 Edgy Rooms Steps from Boston Public Garden,1,f,6,300000.0,1
50000.0,2,42.35042,-71.06731,Hotel room,1,339,5.0,Exempt: This listing is a hotel or motel,Bay Village,46,1.0,"Deluxe 2Q City View, Revere Hotel, Great Location",2,f,12,600000.0,1
50000.0,1,42.35042,-71.06731,Hotel room,1,338,5.0,Exempt: This listing is a hotel or motel,Bay Village,46,3.0,"3 Deluxe 2Q City View, Revere Hotel, Rooftop Bar",1,f,6,300000.0,1
50000.0,3,42.35042,-71.06731,Hotel room,1,303,4.67,Exempt: This listing is a hotel or motel,Bay Village,46,1.0,"Superior 2 Queens, Revere Hotel, Bar, Near Shops",3,f,18,900000.0,1
50000.0,1,42.35042,-71.06731,Hotel room,1,299,5.0,Exempt: This listing is a hotel or motel,Bay Village,46,2.0,2 Modern Suites w/ Authentic New England Dining,1,f,6,300000.0,1
40000.0,1,42.35042,-71.06731,Hotel room,1,299,4.0,Exempt: This listing is a hotel or motel,Bay Village,46,3.0,3 Sleek Condos Near Freedom Trail – 5 Min Walk,1,f,6,240000.0,1
50000.0,2,42.35042,-71.06731,Hotel room,1,295,5.0,Exempt: This listing is a hotel or motel,Bay Village,46,4.0,4 Vibrant Stays Close to Newbury Street – 2 Min,2,f,12,600000.0,1
293.0,1,42.3439382,-71.0638329,Entire home/apt,32,197,5.0,none,South End,369,1.0,"Blueground | South End, gym, w/d, nr groceries",1,f,64,18752.0,0
180.0,2,42.35204159360203,-71.08135148659932,Entire home/apt,29,318,3.5,Exempt: This listing is a unit used for furnished institutional or business stays,Back Bay,15,0.0,"Back Bay Efficiency Unit, Pvt Bath, Kitchenette",1,f,58,10440.0,1
689.0,3,42.34703,-71.10018,Entire home/apt,5,261,4.33,STR-078269,Fenway,95,2.0,"Fenway Park high-end building, King bed",2,f,20,13780.0,1
122.0,4,42.35491733054882,-71.16162449489862,Private room,2,254,5.0,STR-561441,Brighton,2,1.0,Sunny Charming Room,3,f,18,2196.0,1
133.0,8,42.32644622132284,-71.1000112674849,Private room,1,89,4.5,Exempt: This listing is a unit used for furnished institutional or business stays,Mission Hill,2,1.0,Welcoming Bedroom 2,5,f,30,3990.0,1
140.0,65,42.2959361,-71.0808318,Entire home/apt,1,344,4.88,STR-491593,Dorchester,7,1.0,A Cozy New 1-BR  Apt (9B1) Near Downtown Boston,54,t,255,35700.0,1
804.0,2,42.32837,-71.11039,Entire home/apt,3,270,5.0,STR-548256,Jamaica Plain,95,2.0,Nice 2 BR 2BA Boston hospitals,1,f,6,4824.0,1
331.0,1,42.35145301197261,-71.08240416314436,Entire home/apt,30,64,5.0,Exempt: This listing is a hotel or motel,Back Bay,15,1.0,Brownstone Oversized Furnished Studio in Back Bay,0,f,0,0.0,1
122.0,12,42.35243340572185,-71.16174877844398,Private room,2,75,4.83,STR-561441,Brighton,2,1.0,Sunny Spacious Room,11,f,66,8052.0,1
138.0,46,42.34628135597334,-71.14536593744064,Entire home/apt,1,126,4.85,STR-569365,Brighton,38,0.0,Gallery like studio with room divider near city,40,t,240,33120.0,1
200.0,57,42.34826,-71.14595,Entire home/apt,1,130,4.84,STR-569355,Brighton,38,1.0,Artful Boston escape with balcony and city views,51,t,255,51000.0,1
251.0,39,42.341922374632915,-71.07907155774586,Entire home/apt,1,218,4.85,str-526502,South End,5,0.0,"(CL8) Studio, South End/ Back Bay , Roof Deck!",36,f,216,54216.0,1
54.0,1,42.315307310963455,-71.06243050526253,Private room,91,97,5.0,none,Dorchester,4,1.0,Cozy Private Room Boston near T- JFK/UMass,1,t,182,9828.0,0
224.0,8,42.38606,-71.00721,Entire home/apt,29,301,5.0,STR-492396,East Boston,4,4.0,Coastal Haven in Boston close to Airport&T,8,t,255,57120.0,1
439.0,1,42.35404,-71.06295,Entire home/apt,29,238,5.0,none,Downtown,1,2.0,Downtown Lux Apt. Stunning View | 2 Beds+2 Baths,1,f,58,25462.0,0
270.0,19,42.35707968357052,-71.1375612816063,Entire home/apt,2,216,4.89,STR-565137,Allston,1,3.0,Fully Renovated 3 Bed Apartment. BU | BC | Harvard,19,t,114,30780.0,1
290.0,38,42.34365,-71.0773,Entire home/apt,1,243,4.66,str-526502,South End,5,1.0,"(CL1) 1St floor, South End, Roof deck, W/D",38,f,228,66120.0,1
293.0,65,42.32423627823077,-71.09105080649816,Entire home/apt,2,293,4.94,STR-563909,Roxbury,1,3.0,Bright Brownstone w Terrace+View,62,t,255,74715.0,1
38.0,2,42.32767,-71.08916,Private room,29,348,3.5,STR-460218,Roxbury,32,0.0,Stylish Private Room in Roxbury Co-Living APT,2,f,116,4408.0,1
197.0,47,42.31695371700309,-71.05492891181542,Entire home/apt,2,282,4.66,STR-564145,Dorchester,1,2.0,Convenient 2 br near Bus/Train,47,f,255,50235.0,1
73.0,39,42.34087511029724,-71.15254387335844,Private room,1,148,4.74,STR-564658,Brighton,4,1.0,"1A Private room near BC, in front of T station",38,t,228,16644.0,1
187.0,44,42.32642574448628,-71.09581055317298,Entire home/apt,1,79,4.43,STR-564431,Roxbury,2,2.0,Modern 2-bed apt+ mins to fenway +5 min to train,44,f,255,47685.0,1
70.0,18,42.34677,-71.15688,Private room,2,355,4.22,STR-543932,Brighton,5,1.0,[Fabulous Room with kitchen 5 min to Boston Coll ],17,f,102,7140.0,1
173.0,45,42.360458438448234,-71.06439709495504,Entire home/apt,1,330,4.49,STR-415619,Beacon Hill,87,0.0,Convenient Beacon Hill Rental by MGH & TD Garden#5,44,f,255,44115.0,1
80.0,27,42.33958,-71.14958,Private room,1,74,4.74,STR-564658,Brighton,4,1.0,"2A Private room near BC, in front of T station",26,t,156,12480.0,1
76.0,34,42.34141,-71.15167,Private room,1,149,4.82,STR-564658,Brighton,4,1.0,"3A Private room near BC, in front of T station",34,t,204,15504.0,1
78.0,66,42.33948175794631,-71.15098994822533,Private room,1,127,4.76,STR-564658,Brighton,4,1.0,"4A Private room near BC, in front of T station",63,t,255,19890.0,1
214.0,29,42.38005642476696,-71.02840215066864,Entire home/apt,3,292,4.76,STR-483349,East Boston,1,2.0,2 bedroom Modern Condo w/Private Roof Top!,28,f,168,35952.0,1
112.0,3,42.36032,-71.1432,Private room,1,263,5.0,STR-461419,Brighton,32,2.0,Cozy 2 Bundle Rooms near Charles River,3,f,18,2016.0,1
411.0,61,42.3010749,-71.08379359999999,Entire home/apt,1,269,4.98,STR-491593,Dorchester,3,4.0,Brand New 4BR 2.5Bath House 20Min  Downtown Boston,59,t,255,104805.0,1
154.0,9,42.29508188401479,-71.07113307301636,Entire home/apt,1,335,4.78,STR-551076,Dorchester,1,3.0,"Comfortable, Centrally Located 3 Bed in Boston",9,f,54,8316.0,1
164.0,21,42.3406,-71.08001,Entire home/apt,1,345,4.81,STR-457097,South End,15,1.0,Awesome studio in South End with wifi and parking,20,f,120,19680.0,1
409.0,19,42.34456677438934,-71.06148426677198,Entire home/apt,1,171,4.53,Str-861993,South End,95,2.0,Charming 2-Bedroom Apartment southend,18,f,108,44172.0,1
428.0,13,42.32386352651769,-71.05600823801738,Entire home/apt,2,324,4.85,STR-563143,Dorchester,2,4.0,Boston - Great Location-Apt 2nd floor - 8 people,13,t,78,33384.0,1
527.0,1,42.365708726489295,-71.05891442586106,Entire home/apt,3,281,5.0,STR-461702,Downtown,20,4.0,"4 Bed, 2 Bath w/ Parking Near MGH & Freedom Trail",1,f,6,3162.0,1
86.0,20,42.3115020854777,-71.08870089961098,Private room,3,50,4.9,STR-548471,Roxbury,4,1.0,"Spacious Home- Master Suite, Private Bath & Office",20,t,120,10320.0,1
299.0,19,42.31590552722961,-71.09311744775373,Entire home/apt,2,170,5.0,STR-563157,Roxbury,1,3.0,Modern Single Family Home minutes from Fort hill,19,t,114,34086.0,1
401.0,1,42.31672295270173,-71.11642094726638,Entire home/apt,2,16,5.0,STR-565749,Jamaica Plain,2,5.0,Stunning Family Oasis in JP Center,1,f,6,2406.0,1
290.0,27,42.351128445515585,-71.0642076371811,Entire home/apt,1,331,4.52,str-526597,Downtown,64,2.0,2BR in Downtown Boston 9272,27,f,162,46980.0,1
211.0,1,42.34965606123547,-71.0736636412829,Entire home/apt,2,33,5.0,Exempt: This listing is a hotel or motel,Back Bay,39,1.0,Urban Chic Retreat in Back Bay,1,f,6,1266.0,1
211.0,2,42.34793,-71.07158,Entire home/apt,2,33,4.5,Exempt: This listing is a hotel or motel,Bay Village,11,1.0,Pet-Friendly Loft in Back Bay – Sleeps 4,2,f,12,2532.0,1
243.0,22,42.34527,-71.1607,Entire home/apt,2,159,4.95,STR-565739,Brighton,1,2.0,Lovely & Quiet 2BR in Brighton,22,t,132,32076.0,1
161.0,53,42.346146199310795,-71.14416052533325,Entire home/apt,1,129,4.77,STR-566366,Brighton,38,1.0,Cozy Boston studio,52,t,255,41055.0,1
990.0,1,42.37675615633171,-71.05792112010776,Entire home/apt,2,254,5.0,STR-571182,Charlestown,1,5.0,City home! Brand New!,1,f,6,5940.0,1
121.0,35,42.348337107273906,-71.14493626763553,Entire home/apt,1,125,4.86,STR-569357,Brighton,38,0.0,Stylish studio with room divider near downtown,34,t,204,24684.0,1
169.0,60,42.34861,-71.14525,Entire home/apt,1,111,4.93,STR-569359,Brighton,38,0.0,Luxury suite with room divider near downtown,60,t,255,43095.0,1
278.0,25,42.35100059907109,-71.09354588542584,Entire home/apt,3,341,4.84,STR-521905,Fenway,20,2.0,Free Parking 2 Bed 1 Bath Steps from BU/Kenmore,24,f,144,40032.0,1
212.0,50,42.3647,-71.06356,Entire home/apt,1,248,4.7,STR-571739,Downtown,5,1.0,"(42L2) Celtics, Bruins! Lets GO!",50,f,255,54060.0,1
150.0,43,42.31656978707012,-71.05215551992968,Entire home/apt,2,36,4.93,STR-552247,Dorchester,1,0.0,Private Studio Guest House w/ Free Parking,43,t,255,38250.0,1
338.0,1,42.34965039392619,-71.07343942627821,Entire home/apt,2,131,5.0,Exempt: This listing is a hotel or motel,Back Bay,39,2.0,Open concept 2 bed loft in Back Bay,1,f,6,2028.0,1
338.0,4,42.349422115176,-71.0739027050214,Entire home/apt,30,131,5.0,Exempt: This listing is a hotel or motel,Back Bay,11,2.0,Open concept 2 bed loft in Back Bay,4,f,240,81120.0,1
65.0,2,42.28319,-71.07236,Private room,29,332,5.0,none,Dorchester,19,1.0,Spacious Bedroom & Private Bath 3A,2,t,116,7540.0,0
53.0,1,42.3075087,-71.0855026,Private room,29,164,5.0,none,Roxbury,19,1.0,2 Room Suite with Private Bath W2A,1,t,58,3074.0,0
63.0,2,42.28154,-71.0724,Private room,29,107,5.0,none,Dorchester,19,1.0,Large Bedroom & Private Bathroom 3B,2,t,116,7308.0,0
713.0,12,42.344932290191075,-71.06415152549744,Entire home/apt,1,279,4.58,Str-098345,South End,12,2.0,"The Dazzling Two-Bedroom, Two-Bath Suite in South",12,f,72,51336.0,1
50.0,3,42.3075087,-71.0855026,Private room,29,166,5.0,none,Roxbury,19,1.0,Skylight Suite w/ Sofa & Desk W2C,3,t,174,8700.0,0
50.0,4,42.30824,-71.08452,Private room,29,185,5.0,none,Roxbury,19,1.0,Spacious Bedroom with Desk & Lounge W2B,4,t,232,11600.0,0
89.0,23,42.278168833698516,-71.14712801052458,Private room,1,350,4.91,STR-542608,West Roxbury,4,1.0,Beautiful Vintage Oval Room with Greenery Views,23,t,138,12282.0,1
679.0,78,42.32396,-71.09028,Entire home/apt,1,202,4.97,STR-558730,Roxbury,1,5.0,"Boston Home: 5BR, 6 Beds, Sleeps 12, Free Parking!",78,t,255,173145.0,1
65.0,10,42.2821,-71.12259,Private room,29,228,4.6,STR-570381,Roslindale,4,1.0,"#4 ""Top of the Hub"" Secret Agent Room",10,t,255,16575.0,1
235.0,17,42.339042,-71.0803574,Entire home/apt,2,120,4.71,STR-565044,Roxbury,9,0.0,The Chester: Urban Chic Retreat In South End,17,f,102,23970.0,1
266.0,11,42.339042,-71.0803574,Entire home/apt,2,117,5.0,STR-565043,Roxbury,9,0.0,"The Chester: Hip, Renovated, South End",11,f,66,17556.0,1
263.0,14,42.339042,-71.0803574,Entire home/apt,2,122,4.93,STR-565048,Roxbury,9,1.0,"The Chester: Modern Luxury, Historic Charm",14,f,84,22092.0,1
240.0,17,42.339042,-71.0803574,Entire home/apt,2,128,4.94,STR-565049,Roxbury,9,1.0,"The Chester:  Urban Luxury, Modern Design",17,f,102,24480.0,1
241.0,5,42.339042,-71.0803574,Entire home/apt,2,288,5.0,STR-565053,Roxbury,9,1.0,"The Chester: Modern, Cool, Heart Of South End",5,f,30,7230.0,1
96.0,52,42.28401000476389,-71.12231785322327,Private room,1,243,4.76,STR-570381,Roslindale,4,1.0,"#3 ""Top of the Hub"" Marilyn Monroe Room",52,t,255,24480.0,1
244.0,37,42.34814,-71.08651,Entire home/apt,29,112,4.59,Exempt: This listing is a unit that has contracts with hospitals,Back Bay,70,1.0,Bright Newbury Street 1 Bedroom,37,f,255,62220.0,1
112.0,8,42.27756063517099,-71.16141550961004,Private room,1,184,5.0,STR-513970,West Roxbury,16,1.0,Full bed flr 1 Boston vacation,8,t,48,5376.0,1
430.0,11,42.34321,-71.14698,Entire home/apt,2,347,4.64,STR-460830,Brighton,1,4.0,"Large 4 Bedroom apartments, 2ND FL/Brighton",11,t,66,28380.0,1
199.0,7,42.36573366146302,-71.05616306007353,Entire home/apt,3,48,4.29,STR-582252,North End,7,1.0,5 TDGarden Celtics/Bruins/Lil Italy/Historic,7,f,42,8358.0,1
260.0,4,42.35326178636199,-71.12610208358956,Entire home/apt,29,145,5.0,none,Allston,1,1.0,Large 1 bedroom home / free parking spot /Location,4,t,232,60320.0,0
75.0,20,42.26980269227048,-71.11877419392917,Private room,1,116,4.95,STR-550744,Hyde Park,3,1.0,Private suite Bed & bath near Forest Hills Station,20,t,120,9000.0,1
186.0,42,42.34735,-71.15401,Entire home/apt,2,110,4.95,STR-558376,Brighton,1,1.0,Brighton Center  1br,42,t,252,46872.0,1
40.0,1,42.3152811,-71.0732458,Private room,91,177,5.0,none,Roxbury,2,1.0,Comfort and Convenience of Home in Boston!,1,f,182,7280.0,0
450.0,2,42.33424485793947,-71.0487063601613,Entire home/apt,29,262,5.0,STR-461452,South Boston,7,2.0,Spacious South Boston 2Bed wDeck,2,f,116,52200.0,1
180.0,1,42.334237670743775,-71.04871273040771,Private room,29,179,5.0,STR-461452,South Boston,7,1.0,Private Floor w/Bed/Bath/LivingR,1,f,58,10440.0,1
172.0,18,42.242,-71.13201,Entire home/apt,3,243,4.89,STR-568829,Hyde Park,1,2.0,"Modern 2BR Apt, 30 min to Downtown w/Parking Spot!",18,t,108,18576.0,1
161.0,42,42.34438,-71.08304,Entire home/apt,2,168,4.9,STR-465645,Back Bay,20,1.0,Super location! Walk everywhere! 1 bed / 1 bath!,42,t,252,40572.0,1
655.0,6,42.34569,-71.06358,Entire home/apt,1,348,5.0,Str-528364,South End,95,2.0,High end Apt South End Boston,6,f,36,23580.0,1
166.0,20,42.322900058883235,-71.06823785685711,Entire home/apt,1,282,4.7,STR-572992,Roxbury,1,2.0,Stylish Condo with Parking/Wi-Fi,20,t,120,19920.0,1
990.0,13,42.33387,-71.05094,Entire home/apt,2,251,5.0,STR-563283,South Boston,1,4.0,Private Parking! 4BR Family Home in South Boston,13,t,78,77220.0,1
155.0,28,42.29337258791596,-71.13204089179278,Entire home/apt,2,273,4.71,STR-569827,Roslindale,1,2.0,2 bed in Boston,28,f,168,26040.0,1
113.0,1,42.28534546722483,-71.08200596013923,Private room,29,307,5.0,Exempt: This listing is a unit used for furnished institutional or business stays,Dorchester,2,1.0,Spacious 3 bed 2 bath w/Parking,1,f,58,6554.0,1
237.0,46,42.38999,-71.00823,Entire home/apt,1,213,4.74,STR-569649,East Boston,1,2.0,"Cozy/Spacious & Sunny Apt/ Downtown,Airport Nearby",46,t,255,60435.0,1
129.0,2,42.34085299632107,-71.09900111273785,Entire home/apt,60,196,5.0,Exempt: This listing is a unit used for furnished institutional or business stays,Fenway,3,1.0,T New Stylish Fenway (Longterm.03),2,t,240,30960.0,1
238.0,4,42.34342413844101,-71.07064347714186,Entire home/apt,14,258,4.0,STR-575307,South End,2,2.0,South End Luxury Condo-(2 Queen),4,f,112,26656.0,1
192.0,4,42.34288111977049,-71.07874188009886,Entire home/apt,1,328,4.75,STR-457097,South End,15,1.0,Modern Studio with Great Wifi and Amenities!,4,f,24,4608.0,1
336.0,4,42.33575269942437,-71.14947595621254,Entire home/apt,2,321,5.0,Exempt: This listing is a hotel or motel,Brighton,39,2.0,2BR Retreat Near Boston College & Longwood,4,f,24,8064.0,1
100.0,4,42.330442566105354,-71.07126503725361,Entire home/apt,1,349,3.0,STR-443550,Roxbury,32,2.0,Modern Renovated 2-Bedroom in South Boston,4,f,24,2400.0,1
363.0,1,42.33529,-71.0286,Private room,2,74,5.0,str-537705,South Boston,2,2.0,Two bedrooms by the beach with private bathroom!,1,t,6,2178.0,1
96.0,58,42.28342,-71.12383,Private room,1,336,4.93,STR-570381,Roslindale,4,1.0,"#2 ""Top of the Hub"" Bob Marley Room",58,t,255,24480.0,1
475.0,9,42.3676,-71.05826,Entire home/apt,3,214,4.44,Exempt: This listing is a unit used for furnished institutional or business stays,North End,7,4.0,"TD Garden, Celtics/Bruins, Lil Italy,North End",9,f,54,25650.0,1
106.0,2,42.355056736770834,-71.06221200170934,Private room,2,118,4.5,str-557132,Downtown,7,0.0,Temple Place Suites: Book Today!,2,f,12,1272.0,1
126.0,4,42.3550474,-71.0622106,Entire home/apt,3,140,3.5,str-557156,Downtown,7,1.0,Come Visit Boston and Stay In Our Homey Studio,4,f,24,3024.0,1
76.0,21,42.348278,-71.0705054,Entire home/apt,2,192,3.9,STR-415226,Bay Village,22,1.0,Simple & Affordable Efficient Studio Awaits!,21,f,126,9576.0,1
494.0,28,42.28562646410546,-71.06928880152215,Entire home/apt,2,330,4.96,STR-574095,Dorchester,1,5.0,Modern 5BR | Near Subway & Downtown | Free Parking,28,t,168,82992.0,1
285.0,18,42.36720742612293,-71.05453960515766,Entire home/apt,5,242,5.0,STR-570821,North End,4,1.0,North End 1 BR with Common Roof Deck,18,t,180,51300.0,1
285.0,21,42.36756331455032,-71.05261702063339,Entire home/apt,5,257,4.95,STR-570822,North End,4,1.0,North End 1 BR in Little Italy,21,t,210,59850.0,1
167.0,42,42.31512,-71.10048,Entire home/apt,2,94,4.98,STR-566477,Jamaica Plain,1,1.0,JP Studio - Featured on Home&Texture,42,t,252,42084.0,1
413.0,4,42.35623,-71.13677,Entire home/apt,1,151,4.5,STR-444227,Allston,4,3.0,"Renovated 2.5 BR near the City, Harvard, BU, BC",4,f,24,9912.0,1
285.0,22,42.3680729678385,-71.05307854413574,Entire home/apt,5,237,5.0,STR-570823,North End,4,1.0,North End 1 BR - Steps to Hanover Street,22,t,220,62700.0,1
285.0,24,42.36617,-71.0529,Entire home/apt,5,47,5.0,STR-570824,North End,4,1.0,North End 1 BR + Patio in Little Italy,24,t,240,68400.0,1
210.0,33,42.38110067368753,-71.02533223337656,Entire home/apt,1,362,4.42,STR-546284,East Boston,4,1.0,Place next Airport/Downtown,33,f,198,41580.0,1
301.0,4,42.34524,-71.06895,Entire home/apt,4,57,5.0,STR-571580,South End,1,1.0,Stylish Boston retreat in a luxury neighborhood,4,f,32,9632.0,1
245.0,40,42.37548,-71.03424,Entire home/apt,2,173,4.88,STR-492396,East Boston,4,3.0,Stylish 3BR Near Logan & Subway – Prime Location,40,t,240,58800.0,1
528.0,30,42.36612,-71.05487,Entire home/apt,3,259,4.8,STR-476426,North End,20,3.0,"Large 3 Bed, 2 Bath in North End; Near Waterfront",30,f,180,95040.0,1
262.0,2,42.34973,-71.07172,Entire home/apt,30,189,3.0,Exempt: This listing is a hotel or motel,Back Bay,39,2.0,"Sunny 2BR w/ Office, Near Copley & Shopping",2,f,120,31440.0,1
329.0,72,42.383254998480496,-71.01917370667395,Entire home/apt,1,349,4.54,STR-546284,East Boston,4,4.0,4 bdrm apartment next to Airport/Downtown,72,f,255,83895.0,1
499.0,6,42.3284,-71.11191,Entire home/apt,2,365,4.67,STR-624536,Jamaica Plain,95,2.0,Luxury 2Br 2Ba condo Boston pond,6,f,36,17964.0,1
699.0,1,42.343823597331145,-71.06484744673229,Entire home/apt,1,356,5.0,STR-654326,South End,95,2.0,Luxury 2BR2 BA Southend Downtown,1,f,6,4194.0,1
799.0,16,42.3437343917834,-71.06389147316355,Entire home/apt,2,358,4.94,STR-532145,South End,95,2.0,Luxury 2 BR 2 BA Apt Downtown Boston Prudential,16,f,96,76704.0,1
211.0,21,42.36726564894177,-71.05752231805586,Entire home/apt,2,236,4.48,Exempt: This listing is a unit used for furnished institutional or business stays,North End,7,3.0,"TD Garden,Celtics/Bruins, Lil Italy,North End",21,f,126,26586.0,1
300.0,2,42.348349839364715,-71.07376425733058,Entire home/apt,30,144,5.0,Exempt: This listing is a hotel or motel,Back Bay,11,2.0,Elegant 2BR w/ Office in Back Bay – 2-Level,2,f,120,36000.0,1
191.0,21,42.349882181523114,-71.09379694564079,Entire home/apt,2,127,4.86,STR-521905,Fenway,20,1.0,Walk to Subway!  Super location - 1 bedroom/1 bath,21,t,126,24066.0,1
135.0,21,42.32608,-71.0818,Entire home/apt,1,196,4.29,STR-554113,Roxbury,1,1.0,Perfect City Break,21,f,126,17010.0,1
269.0,22,42.33654010990479,-71.05269715189934,Entire home/apt,1,244,4.91,STR-573536,South Boston,5,2.0,Three level townhouse near South Boston's Best!,22,t,132,35508.0,1
261.0,8,42.31925,-71.11408,Entire home/apt,3,215,4.0,STr-459545,Jamaica Plain,1,3.0,"JP, Central Location, 3, Bedrooms, Stay NOW!",8,f,48,12528.0,1
444.0,24,42.34281,-71.07475,Entire home/apt,2,351,4.92,STR-548974,South End,9,2.0,"Enjoy Boston, Private Patio On Montgomery Park",24,f,144,63936.0,1
166.0,9,42.34278,-71.08045,Entire home/apt,1,339,4.89,STR-457097,South End,15,1.0,Great Value South End Studio!,9,f,54,8964.0,1
155.0,2,42.32595,-71.0803,Entire home/apt,29,196,5.0,none,Roxbury,1,2.0,"Modern, Sunny 2-Bedroom Loft near Downtown Boston",2,f,116,17980.0,0
450.0,6,42.32209,-71.05621,Entire home/apt,2,337,4.83,STR-563143,Dorchester,2,0.0,Boston Apart with outdoor patio-8 people,6,t,36,16200.0,1
69.0,2,42.36167702866017,-71.12573101778983,Private room,30,277,4.5,none,Allston,8,1.0,Harvard Room near the Biz School,2,t,120,8280.0,0
122.0,26,42.38542,-71.00441,Entire home/apt,29,328,4.92,STR-572213,East Boston,1,1.0,Guest Suite in East Boston,26,t,255,31110.0,1
231.0,33,42.34676,-71.14521,Entire home/apt,1,124,4.85,STR-587329,Brighton,38,1.0,The Curie-Perfect for Monthly Stays,33,t,198,45738.0,1
191.0,4,42.3374263,-71.0750942,Entire home/apt,29,213,5.0,none,South End,1,1.0,1Bed/1BA+Office in the South End,4,t,232,44312.0,0
383.0,11,42.344492334958915,-71.08887580555724,Entire home/apt,1,133,4.82,STR-568786,Fenway,57,1.0,Symphony Suites #2 | Back Bay & Fenway,11,f,66,25278.0,1
310.0,10,42.344538212604576,-71.08875778836058,Entire home/apt,1,132,4.3,STR-568786,Fenway,57,1.0,Symphony Suites #3 | Back Bay & Fenway,10,f,60,18600.0,1
327.0,18,42.344471621496574,-71.08878461045073,Entire home/apt,1,132,4.94,STR-568786,Fenway,57,1.0,Symphony Suites #4 | Back Bay & Fenway,18,f,108,35316.0,1
320.0,10,42.34453028283857,-71.08880070370482,Entire home/apt,1,121,4.8,STR-568786,Fenway,57,1.0,Symphony Suites #5 | Back Bay & Fenway,10,f,60,19200.0,1
60.0,1,42.33136,-71.111,Private room,30,321,5.0,STR-534970,Mission Hill,11,1.0,X22DN Near HMS/Longwood Hospitals,1,f,60,3600.0,1
522.0,8,42.35274,-71.06396,Entire home/apt,29,172,4.38,STR-511551,Downtown,8,3.0,Chinatown Central Penthouse Boston w/Pool +Parking,8,t,255,133110.0,1
48.0,1,42.33127853225833,-71.1088037027337,Private room,30,353,5.0,STR-534970,Mission Hill,11,1.0,"X31, Near Harvard Medical/Longwood Hospitals",1,f,60,2880.0,1
229.0,17,42.2791829,-71.14073929999999,Entire home/apt,29,358,5.0,STR-584485,Roslindale,2,2.0,New cozy 2bd condo: free parking/near train,17,t,255,58395.0,1
228.0,63,42.342945,-71.056883,Private room,1,99,4.71,Exempt: This listing is a hotel or motel,South Boston,1,1.0,In the heart of revitalized South Boston,63,f,255,58140.0,1
129.0,29,42.34791320516399,-71.14721208462687,Entire home/apt,1,128,4.86,STR-587330,Brighton,38,1.0,The Lacks- Perfect for Monthly Stays,29,t,174,22446.0,1
114.0,26,42.32900919828094,-71.10832292019836,Private room,1,181,5.0,STR-573177,Mission Hill,1,1.0,H&H Boston,26,t,156,17784.0,1
309.0,15,42.31920669719918,-71.08947326384582,Entire home/apt,2,50,4.73,STR-590462,Roxbury,1,2.0,Bright cozy apartment in Boston,15,f,90,27810.0,1
264.0,7,42.34761064732886,-71.07249204039908,Entire home/apt,30,106,4.29,Exempt: This listing is a hotel or motel,South End,39,1.0,The Tea Party Suite,7,f,255,67320.0,1
205.0,21,42.34697472787038,-71.14595262207264,Entire home/apt,1,127,4.76,STR-587331,Brighton,38,1.0,The Nightingale-Perfect for Monthly Stays,21,t,126,25830.0,1
78.0,18,42.34016941471115,-71.15684443252363,Private room,1,56,4.78,STR-559441,Brighton,2,1.0,(B) Big Sunny Room - Parking Included,18,t,108,8424.0,1
79.0,78,42.32614,-71.08678,Private room,1,10,4.91,STR-571341,Roxbury,7,1.0,King Bed | 3rd Floor | Spacious,78,t,255,20145.0,1
59.0,2,42.33222742897316,-71.10904741343097,Private room,30,365,5.0,STR-534970,Mission Hill,11,1.0,"X33D, Near Harvard Medical/Longwood Hospitals",2,f,120,7080.0,1
108.0,9,42.33903,-71.1459,Private room,2,310,5.0,STR-575517,Brighton,1,1.0,Quiet sunny room in modern apart,9,f,54,5832.0,1
600.0,6,42.3428146,-71.0709449,Entire home/apt,5,48,5.0,STR-568349,South End,1,2.0,2Bed/2Bath in Brownstone in Historic South End,6,f,60,36000.0,1
126.0,13,42.33097060767341,-71.04129226934899,Private room,1,355,5.0,STR-594043,South Boston,4,1.0,Private Bedroom in Modern Southie Home,13,t,78,9828.0,1
123.0,19,42.28674926398643,-71.06844449366969,Entire home/apt,2,13,5.0,STR-577223,Dorchester,1,1.0,Ocean Street Retreat,19,t,114,14022.0,1
289.0,29,42.34326317128834,-71.14953319667529,Entire home/apt,2,173,5.0,STR-598229,Brighton,20,4.0,2 Free Parking spots / 4 Beds / Washer and Dryer!,29,t,174,50286.0,1
109.0,23,42.32268910801122,-71.05858087970618,Private room,1,340,4.78,STR-545055,Dorchester,12,1.0,H5_Room 4 miles To Downtown Boston/BCEC,23,f,138,15042.0,1
125.0,23,42.34287892242128,-71.15064968043978,Private room,2,47,4.91,STR-598227,Brighton,20,1.0,Beautiful room / 1 free parking spot/ Washer-Dryer,23,t,138,17250.0,1
749.0,24,42.35622096408918,-71.1329370141896,Entire home/apt,29,340,4.96,STR-597942,Allston,12,2.0,Luxury6 - Harvard Avenue in Allston,24,t,255,190995.0,1
140.0,1,42.35698,-71.07214,Private room,29,229,5.0,none,Beacon Hill,6,1.0,Queen Room in Back Bay & Beacon Hill. Walk to MGH,1,f,58,8120.0,0
749.0,29,42.35431,-71.13313,Entire home/apt,29,309,4.97,STR-597942,Allston,12,2.0,Luxury8 - Harvard Avenue in Allston,29,t,255,190995.0,1
252.0,6,42.2740567,-71.1502902,Entire home/apt,2,356,5.0,STR-574116,West Roxbury,1,3.0,This Apartment is an great aerie in Boston,6,f,36,9072.0,1
172.0,30,42.3253904,-71.0905324,Entire home/apt,1,94,4.57,STR-589211,Roxbury,2,2.0,Cozy 2Bd Near Fenway Walk to Train & free Parking,30,f,180,30960.0,1
247.0,14,42.28024449746761,-71.14150409806292,Entire home/apt,2,321,5.0,STR-591006,Roslindale,2,3.0,New modern cozy 3BR condo: free parking&near train,14,t,84,20748.0,1
150.0,1,42.25876,-71.11842,Entire home/apt,30,321,5.0,none,Hyde Park,1,4.0,Renovated 2nd Floor Apartment,1,t,60,9000.0,0
83.0,45,42.30218,-71.0624,Private room,1,344,4.73,STR-556094,Dorchester,2,1.0,2- Cozy Apartment in Boston,45,t,255,21165.0,1
367.0,28,42.3774429,-71.03858319999999,Entire home/apt,1,354,4.79,STR-570369,East Boston,2,2.0,Travel: Therapy,28,t,168,61656.0,1
272.0,1,42.34953239617085,-71.07388203712246,Entire home/apt,30,163,5.0,Exempt: This listing is a unit used for furnished institutional or business stays,Back Bay,39,1.0,Destiny Lofts' Copley Suite,1,f,60,16320.0,1
129.0,1,42.28689,-71.13246,Entire home/apt,2,360,5.0,STR-589548,Roslindale,1,0.0,Studio Sixteen,1,f,6,774.0,1
175.0,7,42.36541813212881,-71.05177217682787,Entire home/apt,29,313,5.0,STR-572010,North End,22,0.0,Spacious North End Studio,7,t,255,44625.0,1
382.0,13,42.35411048721918,-71.0630936948884,Entire home/apt,29,208,4.62,STR-531821,Downtown,70,3.0,Stylish Exposed Brick 3BR!,13,f,255,97410.0,1
101.0,40,42.38642,-71.00639,Private room,1,48,4.98,STR-574543,East Boston,4,1.0,Free parking room 3,40,t,240,24240.0,1
79.0,1,42.33058424827619,-71.10956327060156,Private room,30,365,5.0,STR-534970,Mission Hill,11,1.0,Near Harvard Medical/Longwood Hospitals,1,f,60,4740.0,1
215.0,28,42.38026,-71.0342,Entire home/apt,1,136,4.93,STR-577254,East Boston,1,2.0,Modern Sunny Boston Skyline Apartment near Airport,28,t,168,36120.0,1
56.0,1,42.33074439410338,-71.10950966961504,Private room,30,341,5.0,STR-534970,Mission Hill,11,1.0,X23 Near HMS/Longwood Hospitals,1,f,60,3360.0,1
293.0,12,42.32791185726729,-71.09100272231069,Entire home/apt,2,61,5.0,STR-576017,Roxbury,2,3.0,Boston/City Views/Prime Location,12,f,72,21096.0,1
266.0,11,42.38065,-71.03814,Entire home/apt,2,328,5.0,STR-578058,East Boston,3,2.0,Modern East Boston 2 Bed 2 Bath,11,t,66,17556.0,1
144.0,17,42.34939570407056,-71.09571994275538,Entire home/apt,3,346,4.94,STR-521905,Fenway,20,1.0,"Free Parking at 1 Bed Basement Apt, Near BU & MIT",17,f,102,14688.0,1
442.0,8,42.341127512167205,-71.07742611984403,Entire home/apt,2,94,4.88,STR-532458,South End,1,2.0,South End Victorian Brownstone,8,t,48,21216.0,1
317.0,13,42.37670268648397,-71.0351585203212,Entire home/apt,2,349,5.0,STR-573675,East Boston,1,3.0,The Princeton Boston - Luxurious Apartment (New!),13,t,78,24726.0,1
91.0,19,42.33631271024674,-71.04591405138864,Entire home/apt,1,154,4.21,Exempt: This listing is a hotel or motel,South Boston,57,1.0,Thatch Quarters | Pvt. Room in Southie | 301 DOT,19,f,114,10374.0,1
150.0,16,42.33421214680135,-71.10553634445374,Entire home/apt,2,217,4.94,STR-545178,Mission Hill,18,0.0,Sunlit Efficiency Unit-Longwood/Fenway,16,f,96,14400.0,1
147.0,25,42.33369,-71.1071,Entire home/apt,2,163,4.72,STR-545178,Mission Hill,18,0.0,Adorable Apartment-Longwood/Fenway,25,f,150,22050.0,1
605.0,4,42.32087,-71.0572,Entire home/apt,1,127,4.75,STR-484164,Dorchester,15,4.0,1. Spacious Apt easy commute to Downtown Boston.,4,f,24,14520.0,1
131.0,3,42.311984493268305,-71.08908670556116,Private room,2,365,4.67,STR-536142,Roxbury,6,1.0,#2 Cozy 1-Bed Private Room Downtown,3,f,18,2358.0,1
109.0,2,42.30354975166852,-71.06459543162167,Private room,1,333,3.0,STR-545057,Dorchester,11,1.0,K_Room Near Downtown Boston,2,t,12,1308.0,1
256.0,19,42.34512593370852,-71.0809787026459,Entire home/apt,1,251,4.84,STR-575779,Back Bay,5,1.0,(G) Rattan Living 1 Bedroom! Location A+,19,f,114,29184.0,1
196.0,42,42.34828158675335,-71.14711118275164,Entire home/apt,1,128,4.93,STR-587345,Brighton,38,2.0,The Pasteur-elegant 2BR near downtown,42,t,252,49392.0,1
279.0,15,42.30967,-71.04689,Entire home/apt,2,116,5.0,STR-580544,Dorchester,1,2.0,Indulge & Unwind: 2BR Ocean views Massage & Beach!,15,f,90,25110.0,1
68.0,10,42.31278,-71.08685,Private room,2,46,4.9,STR-548471,Roxbury,4,1.0,Spacious Home w/ Modern Comforts,10,t,60,4080.0,1
143.0,13,42.34794,-71.14484,Entire home/apt,29,126,5.0,STR-587355,Brighton,38,1.0,The Attia,13,t,255,36465.0,1
243.0,14,42.33828,-71.07609,Entire home/apt,2,329,4.57,STR-573028,South End,3,2.0,2BR Patio Boston Medical Center,14,f,84,20412.0,1
119.0,6,42.3550474,-71.0622106,Entire home/apt,1,126,3.83,str-557137,Downtown,2,1.0,"Awaiting Your Next Stay, Book Now!",6,f,36,4284.0,1
129.0,2,42.355056736770834,-71.06221200170934,Entire home/apt,3,125,3.0,str-557159,Downtown,2,1.0,Best Location Studio In Downtown Boston,2,f,12,1548.0,1
124.0,2,42.3483657,-71.0698862,Entire home/apt,3,187,4.0,STR-415223,Bay Village,22,1.0,Affordable & Simple Chic Studio,2,f,12,1488.0,1
98.0,6,42.3483308,-71.0698714,Entire home/apt,3,180,4.67,STR-415223,Bay Village,22,1.0,"Lower Level Studio, Stay Tonight!",6,f,36,3528.0,1
105.0,3,42.348419,-71.069916,Private room,2,187,5.0,STR-415223,Bay Village,22,1.0,"Monthly Discounts, Short/Long Stays, Book Now!",3,f,18,1890.0,1
68.0,1,42.3484037,-71.0697483,Private room,1,169,5.0,STR-415226,Bay Village,22,0.0,Modern Single Studio at the Heart of Boston!,1,f,6,408.0,1
68.0,17,42.31126,-71.08744,Private room,2,54,4.94,STR-548471,Roxbury,4,1.0,Modern Home - w/ Comfort Amenities,17,t,102,6936.0,1
180.0,30,42.28127928521936,-71.12624786306807,Entire home/apt,1,116,4.9,STR-581311,Roslindale,1,3.0,"Kailyn Apartment Boston, Massachusetts",30,t,180,32400.0,1
56.0,1,42.33263,-71.11022,Private room,30,365,5.0,STR-534970,Mission Hill,11,1.0,X25N Near HMS/Longwood Hospitals,1,f,60,3360.0,1
251.0,10,42.36165957376605,-71.13326007995497,Entire home/apt,1,218,4.5,STR-561537,Allston,6,4.0,Spacious 4BR/2BA Home Near Harvard,10,f,60,15060.0,1
257.0,1,42.31001,-71.04775,Entire home/apt,29,221,4.0,Exempt: This listing is a hotel or motel,Dorchester,15,2.0,"UMass Boston, Beach, Renovated, CA, In-Unit Lau",1,f,58,14906.0,1
188.0,7,42.3436620175592,-71.08224215169605,Entire home/apt,29,338,4.43,Exempt: This listing is a unit that has contracts with hospitals,Back Bay,50,0.0,Cozy Studio | South End,7,f,255,47940.0,1
599.0,3,42.34681124201301,-71.10237851718634,Entire home/apt,5,349,4.67,STR-638456,Fenway,95,2.0,Amazing 2 bed 2 bath boston,3,f,30,17970.0,1
414.0,1,42.35289724925304,-71.08083884125622,Entire home/apt,29,302,5.0,Exempt: This listing is a hotel or motel,Back Bay,39,2.0,"Newly Renovated 2-Bed, Back Bay near MGH, BU, MIT",1,f,58,24012.0,1
172.0,1,42.293378,-71.0587616,Entire home/apt,29,18,5.0,none,Dorchester,1,2.0,"Full Condo on Top Floor!  3 Queen bed, near MBTA",1,f,58,9976.0,0
415.0,6,42.35199,-71.08114,Entire home/apt,29,309,5.0,Exempt: This listing is a hotel or motel,Back Bay,15,2.0,"Newly Renovated 2-Bed, Back Bay near MGH, BU, MIT",6,f,255,105825.0,1
297.0,5,42.35980615637002,-71.0559518146288,Entire home/apt,30,339,4.6,Exempt: This listing is a hotel or motel,Downtown,15,2.0,Elegant 2BR 0.09mi Faneuil Hall/Quincy Market,5,f,255,75735.0,1
89.0,2,42.33278,-71.1107,Private room,30,335,4.5,STR-534970,Mission Hill,11,1.0,X21N Near HMS/Longwood Hospitals,2,f,120,10680.0,1
419.0,2,42.33795,-71.07647,Entire home/apt,2,335,5.0,STR-573028,South End,3,3.0,Boston 3 BR Patio Full Kitchen,2,f,12,5028.0,1
246.0,4,42.360204162530955,-71.05732259044957,Entire home/apt,30,346,4.25,Exempt: This listing is a hotel or motel,Downtown,15,0.0,Stylish Studio in Faneuil Hall District,4,f,240,59040.0,1
527.0,32,42.3665639,-71.03093659999999,Entire home/apt,1,165,4.97,STR-572599,East Boston,1,3.0,Luxury Duplex w/ Private Parking,32,t,192,101184.0,1
450.0,9,42.35432029743757,-71.16730989682179,Entire home/apt,3,321,4.78,STR-578320,Brighton,2,5.0,La Maison Perthshire I,9,f,54,24300.0,1
617.0,12,42.35402,-71.16611,Entire home/apt,3,322,4.58,STR-578321,Brighton,2,6.0,La Maison Perthshire II,12,f,72,44424.0,1
198.0,5,42.32603188143365,-71.08202251382698,Entire home/apt,1,309,4.8,STR-554113,Roxbury,1,2.0,Charming two-bedroom in Boston,5,f,30,5940.0,1
271.0,17,42.3083695,-71.11887829999999,Entire home/apt,3,110,5.0,STR-578442,Jamaica Plain,1,2.0,Classic 2 bedroom near Arboretum,17,t,102,27642.0,1
674.0,4,42.3512,-71.0617,Entire home/apt,29,120,4.75,STR-511551,Chinatown,8,3.0,Chinatown Central Upscale Condo w/Pool & Parking,4,t,232,156368.0,1
62.0,1,42.344564310161935,-71.08898106962442,Entire home/apt,150,35,5.0,none,Fenway,1,1.0,"New! "" Stay at Burbank"" Fenway/Berklee/Symphony",1,t,255,15810.0,0
59.0,1,42.33060297153961,-71.11008223786278,Private room,29,354,5.0,STR-534970,Mission Hill,11,1.0,X32DN Near HMS/Longwood Hospitals,1,f,58,3422.0,1
127.0,1,42.27999,-71.07479,Private room,2,365,2.0,STR-536142,Dorchester,6,1.0,Luxury Condo-Style 1BR Apartment in Boston,1,f,6,762.0,1
137.0,1,42.2778276827731,-71.0732974503391,Private room,2,365,1.0,STR-536142,Mattapan,6,1.0,Stylish 1BR Condo Pad – Luxe Living in Boston,1,f,6,822.0,1
198.0,1,42.36638,-71.04007,Entire home/apt,29,325,4.0,Exempt: This listing is a hotel or motel,East Boston,30,1.0,Indoor Pool! 1BR nr WaterFront in Boston,1,f,58,11484.0,1
350.0,8,42.359675419761906,-71.05622219870823,Entire home/apt,30,345,4.75,Exempt: This listing is a hotel or motel,Downtown,39,1.0,"Tri-level, Skylighted, Faneuil Hall/Quincy Market",8,f,255,89250.0,1
230.0,2,42.35992,-71.05549,Entire home/apt,2,281,4.5,Exempt: This listing is a hotel or motel,Downtown,11,1.0,"Townhome,Faneuil Hall/Quincy Market/Gov't Center",2,f,12,2760.0,1
247.0,1,42.36732,-71.04101,Entire home/apt,29,331,5.0,Exempt: This listing is a hotel or motel,East Boston,30,1.0,"Mins to Airport, Walk to Subway, Waterfront 1BR",1,f,58,14326.0,1
282.0,13,42.3348975,-71.0534291,Entire home/apt,2,286,4.92,STR-578148,South Boston,1,3.0,New Listing! | Top Floor | 3 BR condo | Southie,13,f,78,21996.0,1
141.0,1,42.2499037581975,-71.13359079469906,Entire home/apt,30,317,5.0,none,Hyde Park,11,2.0,Cozy 2bd w/ Queen beds & laundry,1,f,60,8460.0,0
199.0,2,42.33629,-71.07671,Entire home/apt,2,329,5.0,STR-573028,South End,3,1.0,1BR Apartment Patio Full-Kitchen,2,f,12,2388.0,1
144.0,22,42.38213395509568,-71.0313219577074,Entire home/apt,1,302,4.86,STR-584188,East Boston,1,1.0,"East Boston, 5 Min to Airport, Parking Available",22,t,132,19008.0,1
150.0,2,42.35628,-71.16288,Entire home/apt,29,362,4.5,none,Brighton,2,2.0,Super Convenient 2BR 1Bath,2,t,116,17400.0,0
311.0,3,42.36467,-71.05444,Entire home/apt,1,277,5.0,STR-583757,North End,22,3.0,3brm/1bath North End Gem,3,t,18,5598.0,1
162.0,10,42.309476881443885,-71.05047632798599,Entire home/apt,29,306,4.6,STR-520842,Dorchester,64,2.0,Beautiful 2BR in Savin Hill Boston 2888,10,f,255,41310.0,1
114.0,37,42.2581,-71.16128,Entire home/apt,1,243,4.92,none,West Roxbury,3,2.0,Cozy 2-Bedroom Apartment Near Dedham Legacy,37,t,222,25308.0,0
99.0,1,42.25268,-71.11634,Private room,2,365,2.0,STR-416718,Hyde Park,6,1.0,"Cozy, Spacious Private Room in Boston",1,f,6,594.0,1
1215.0,3,42.3464,-71.07435,Entire home/apt,1,13,5.0,STR-582087,South End,1,4.0,*NEW* Ultra-Luxury 4bd Boston Designer Brownstone,3,f,18,21870.0,1
138.0,14,42.25812,-71.16088,Entire home/apt,1,121,4.71,none,West Roxbury,3,3.0,Cozy 3-Bedrooms Apartment Near Dedham Legacy,14,t,84,11592.0,0
137.0,21,42.388704,-71.0084016,Entire home/apt,2,293,4.95,STR-575903,East Boston,3,3.0,Walk to Constitution Beach: Mid-Century Boston Gem,21,f,126,17262.0,1
315.0,5,42.38923435973132,-71.00424036383629,Entire home/apt,2,358,5.0,STR-583671,East Boston,1,3.0,Eastie | Roomy 3BR w/ Easy City/Airport Access,5,f,30,9450.0,1
75.0,2,42.35978,-71.06751,Private room,29,194,5.0,none,Beacon Hill,114,1.0,Comfortable 1Bedroom in Beacon Hill,2,f,116,8700.0,0
241.0,7,42.35373,-71.13984,Entire home/apt,29,364,5.0,Exempt: This listing is a unit used for furnished institutional or business stays,Allston,12,2.0,Luxury2 - New Balance Development (Boston Landing),7,t,255,61455.0,1
199.0,2,42.34971,-71.06669,Entire home/apt,29,185,5.0,Exempt: This listing is a unit that has contracts with hospitals,Bay Village,70,1.0,Chic 1 Bed Apartment! | Steps from Boston Common!,2,f,116,23084.0,1
228.0,3,42.34983,-71.06503,Entire home/apt,29,189,4.0,Exempt: This listing is a unit that has contracts with hospitals,Downtown,70,1.0,Theater District Cozy 1 BR!,3,f,174,39672.0,1
51.0,9,42.314733553774225,-71.0749917522336,Private room,1,344,4.89,STR-518832,Roxbury,3,1.0,Comfort Inn In my 3rd bedroom,9,f,54,2754.0,1
89.0,3,42.30914176792707,-71.06698298767807,Entire home/apt,2,100,4.67,STR-587411,Dorchester,6,1.0,Chic Urban Condo near Boston Center!,3,f,18,1602.0,1
269.0,7,42.37876535893463,-71.02927114210334,Entire home/apt,2,332,4.86,STR-595551,East Boston,1,2.0,Luxury Penthouse with City & Airport View | Eastie,7,f,42,11298.0,1
60.0,2,42.35904,-71.06583,Private room,29,169,5.0,none,Beacon Hill,114,1.0,Sweet 1Bedroom in Beacon Hill,2,f,116,6960.0,0
197.0,2,42.2867345,-71.1472243,Entire home/apt,29,154,5.0,none,Roslindale,2,2.0,"Stylish, Open Concept Apartment 2BD/1BA, 2nd Floor",2,t,116,22852.0,0
662.0,14,42.38,-71.0143,Entire home/apt,1,163,5.0,STR-576198,East Boston,1,4.0,Waterfront Escape - Close to Airport & Downtown,14,f,84,55608.0,1
193.0,21,42.35036121575329,-71.08775133100475,Entire home/apt,1,13,4.67,STR-561975,Back Bay,2,0.0,Back Bay Studio w/ Private Patio,21,t,126,24318.0,1
207.0,19,42.341419451052424,-71.10165757313948,Entire home/apt,1,62,4.79,STR-561975,Fenway,2,0.0,Cute Fenway Studio!,19,t,114,23598.0,1
70.0,1,42.3607286,-71.06588049999999,Private room,29,60,5.0,none,Beacon Hill,114,1.0,Wonderful 1 Bedroom in Beacon Hill,1,f,58,4060.0,0
56.0,2,42.36102,-71.06692,Private room,29,227,4.5,none,Beacon Hill,114,1.0,Sweet 1Bedroom in Beacon Hill Area,2,f,116,6496.0,0
158.0,2,42.31901,-71.0554,Private room,29,365,5.0,Exempt: This listing is a unit that has contracts with hospitals,Dorchester,8,1.0,D3 Private & Large Boston Room,2,f,116,18328.0,1
339.0,18,42.35878297407507,-71.06654573072514,Entire home/apt,1,14,4.61,STR-543851,Beacon Hill,2,1.0,(MGH9-1) 1 Bedroom Near MGH!,18,f,108,36612.0,1
445.0,10,42.2823479,-71.0599718,Entire home/apt,1,262,5.0,STR-587619,Dorchester,2,5.0,"76/2 Huge 5 BR Home, Subway access & Scenic View",10,f,60,26700.0,1
499.0,6,42.34797,-71.0385,Entire home/apt,1,158,4.17,STR-536756,South Boston Waterfront,95,2.0,Cozy 2Br2Ba apartment water view,6,f,36,17964.0,1
220.0,2,42.34371,-71.09854,Entire home/apt,9,65,5.0,STR-590289,Fenway,29,1.0,New Lux 1BR Apt w/ Amenities,2,f,36,7920.0,1
70.0,2,42.3594256,-71.069931,Private room,29,158,5.0,none,Beacon Hill,114,1.0,Super 1 Bedroom in Beacon Hill Area,2,f,116,8120.0,0
99.0,2,42.26149721241076,-71.16269047824449,Entire home/apt,29,177,5.0,STR-592907,West Roxbury,1,1.0,Beautiful 1bd Boston Apartment - FREE Parking,2,f,116,11484.0,1
245.0,13,42.32288,-71.06792,Entire home/apt,1,292,4.31,STR-582122,Roxbury,1,4.0,Sunny 4 bedroom & 2 baths Appt,13,f,78,19110.0,1
219.0,2,42.25783830323105,-71.16170668449779,Entire home/apt,1,79,5.0,none,West Roxbury,3,5.0,Cozy 5 Bedrooms - Spacious Apartment Near Legacy,2,t,12,2628.0,0
170.0,2,42.356716537765074,-71.06022821369397,Entire home/apt,29,69,5.0,Exempt: This listing is a unit that has contracts with hospitals,Downtown,46,1.0,Luxurious Downtown 1 Bedroom!,2,f,116,19720.0,1
176.0,4,42.35509329626953,-71.0602233850104,Entire home/apt,29,109,4.75,Exempt: This listing is a unit that has contracts with hospitals,Downtown,46,2.0,Stylish Downtown 2 Bedroom,4,f,232,40832.0,1
209.0,8,42.26481096928224,-71.09742672090077,Entire home/apt,2,226,5.0,STR-589826,Mattapan,1,4.0,Spacious 4-bedroom Getaway Apt 5 mins from MBTA,8,f,48,10032.0,1
146.0,1,42.35675,-71.0605,Entire home/apt,29,87,5.0,Exempt: This listing is a unit that has contracts with hospitals,Downtown,46,2.0,Elegant 2BR-Prime Location!,1,f,58,8468.0,1
135.0,4,42.387612140412216,-71.00142140421418,Entire home/apt,29,359,4.0,STR-446667,East Boston,2,2.0,"Cozy,Convenient Airport Area  Boston Condo",4,f,232,31320.0,1
150.0,17,42.38128650827375,-71.02897274539056,Private room,1,250,4.94,STR-583345,East Boston,1,1.0,Cozy home near the airport,17,f,102,15300.0,1
79.0,1,42.3589686893354,-71.06873892869748,Private room,29,90,5.0,none,Beacon Hill,114,1.0,Wonderful 1Bedroom in Beacon Hill,1,f,58,4582.0,0
72.0,1,42.35919,-71.06715,Private room,29,169,5.0,none,Beacon Hill,114,1.0,Comfortable 1Bedroom in Beacon Hill,1,f,58,4176.0,0
127.0,1,42.28169342248051,-71.13406768401022,Entire home/apt,2,249,5.0,STR-584689,Roslindale,2,1.0,Cozy 1BR suite in Boston's Roslindale Village,1,t,6,762.0,1
447.0,4,42.35371,-71.04829,Private room,1,168,5.0,Exempt: This listing is a hotel or motel,South Boston Waterfront,3,1.0,Unimagined Hospitality In Downtown Boston,4,f,24,10728.0,1
550.0,1,42.34394238232601,-71.06306352166577,Entire home/apt,29,180,5.0,STR-002691,South End,95,2.0,Modern Penthouse 2BR 2BA APT a lot of amenities,1,f,58,31900.0,1
378.0,8,42.36699731577989,-71.05755722815779,Entire home/apt,1,244,4.88,STR-583182,North End,22,3.0,Lux 1st floor 3brm/1bath North End,8,t,48,18144.0,1
378.0,4,42.36576,-71.05748,Entire home/apt,1,333,5.0,STR-583183,North End,22,3.0,Lux 2nd floor 3brm/1bath,4,t,24,9072.0,1
73.0,11,42.29181,-71.12382,Private room,1,301,5.0,STR-583943,Roslindale,1,1.0,Roslindale room near Arboretum,11,f,66,4818.0,1
315.0,13,42.3431,-71.07371,Entire home/apt,1,34,4.85,STR-584072,South End,1,2.0,Cozy South End Corner,13,f,78,24570.0,1
166.0,1,42.340221615518885,-71.08165763318539,Entire home/apt,30,235,5.0,none,Roxbury,1,2.0,"Southend 2BR charming, modern and sunny!",1,f,60,9960.0,0
290.0,5,42.35553,-71.06235,Entire home/apt,29,69,5.0,Exempt: This listing is a unit that has contracts with hospitals,Downtown,46,2.0,Downton Boston Luxurious 2 Bed!,5,f,255,73950.0,1
265.0,1,42.35672,-71.06033,Entire home/apt,29,15,5.0,Exempt: This listing is a unit that has contracts with hospitals,Downtown,46,2.0,Luxury 2 bedroom Apt!,1,f,58,15370.0,1
256.0,5,42.29508939999999,-71.07380289999999,Entire home/apt,1,43,5.0,STR-585057,Dorchester,2,4.0,Brand New Modern Apt |Near T,5,t,30,7680.0,1
156.0,11,42.32229,-71.10336,Entire home/apt,3,43,4.73,STR-545906,Jamaica Plain,1,1.0,Spacious 1BR Home close to Train & Downtown,11,f,66,10296.0,1
296.0,7,42.27012,-71.1114,Entire home/apt,2,365,3.71,STR-571524,Hyde Park,2,2.0,2BR Cozy Condo with Pet-Friendly Vibes &  WiFi,7,f,42,12432.0,1
120.0,15,42.32881,-71.07101,Entire home/apt,1,345,4.27,STR-584503,Roxbury,4,2.0,Spacious Bedrooms near South End and Mass Ave,15,f,90,10800.0,1
271.0,17,42.3617282211065,-71.07097755368703,Entire home/apt,1,261,4.18,Exempt: This listing is a unit that has contracts with hospitals,West End,7,1.0,"Beacon Hill, MGH! Outdoor space!",17,f,102,27642.0,1
49.0,1,42.37768,-71.03533,Private room,30,117,5.0,none,East Boston,4,1.0,Comfy room in Luxury apartment,1,t,60,2940.0,0
435.0,4,42.33065,-71.05606,Entire home/apt,2,281,5.0,STR-525163,South Boston,17,5.0,5BR3B By Subway Downtown,4,t,24,10440.0,1
119.0,1,42.36201517935371,-71.13140923682037,Private room,29,330,5.0,none,Allston,6,1.0,"Large Room w/ Private Bath, Near Harvard, MIT, HBS",1,f,58,6902.0,0
116.0,1,42.36176,-71.13203,Private room,29,326,4.0,none,Allston,6,1.0,Comfortable Large Private Room near Harvard,1,f,58,6728.0,0
122.0,2,42.2877088,-71.0921785,Entire home/apt,2,172,4.5,STR-578322,Dorchester,1,2.0,Georges families,2,f,12,1464.0,1
214.0,71,42.3336376,-71.081672,Private room,1,75,4.86,Exempt: This listing is a hotel or motel,Roxbury,1,1.0,Great central location in Downtown Boston,71,t,255,54570.0,1
56.0,1,42.36031947524375,-71.06960241898733,Private room,29,109,5.0,none,Beacon Hill,114,1.0,Affordable 1Bedroom in Beacon Hill,1,f,58,3248.0,0
84.0,1,42.36062941865542,-71.06802410987929,Private room,29,138,4.0,none,Beacon Hill,114,1.0,Wonderful 1 Bedroom in Beacon Hill,1,f,58,4872.0,0
60.0,1,42.35913699918146,-71.06759345188416,Private room,29,81,3.0,none,Beacon Hill,114,1.0,Affordable 1Bedroom in Beacon Hill,1,f,58,3480.0,0
80.0,2,42.360341644341574,-71.06810327323089,Private room,29,89,5.0,none,Beacon Hill,114,1.0,Superior 1Bedroom in Beacon Hill,2,f,116,9280.0,0
163.0,9,42.37518068640529,-71.0300895106112,Entire home/apt,1,364,4.78,STR-584748,East Boston,64,1.0,Luxury 1BR Next to the Airport 3329,9,f,54,8802.0,1
73.0,8,42.34625363991579,-71.15768628630946,Private room,2,345,3.88,STR-543932,Brighton,5,1.0,[Fabulous Room close to St Elizabeth & Green Line],8,f,48,3504.0,1
93.0,1,42.35939,-71.13044,Private room,1,2,5.0,STR-544976,Allston,16,1.0,Near Harvard Business,1,f,6,558.0,1
78.0,14,42.35589,-71.15815,Private room,1,360,4.57,str-544976,Brighton,16,1.0,nice and cozy room 1,14,f,84,6552.0,1
79.0,13,42.35629,-71.15822,Private room,1,365,4.62,str-544976,Brighton,16,1.0,nice and cozy room 2,13,f,78,6162.0,1
80.0,30,42.35565,-71.15627,Private room,1,361,4.47,str-544976,Brighton,16,1.0,nice and cozy room 3,30,f,180,14400.0,1
79.0,30,42.35782,-71.15787,Private room,1,363,4.87,str-544976,Brighton,16,1.0,nice and cozy room 4,30,f,180,14220.0,1
80.0,39,42.357576776394865,-71.15691548109525,Private room,1,365,4.9,str-544976,Brighton,16,1.0,nice and cozy room A,39,f,234,18720.0,1
80.0,30,42.35598,-71.15656,Private room,1,362,4.5,str-544976,Brighton,16,1.0,nice and cozy room B,30,f,180,14400.0,1
79.0,24,42.35639,-71.15837,Private room,1,365,4.58,str-544976,Brighton,16,1.0,nice and cozy room C,24,f,144,11376.0,1
270.0,1,42.38113336330095,-71.06790860913192,Entire home/apt,2,356,5.0,STR-596829,Charlestown,1,1.0,Charlestown apartment with private patio,1,f,6,1620.0,1
507.0,10,42.3458944980642,-71.06461986114734,Entire home/apt,4,250,4.8,str-851903,South End,95,2.0,Stylish South End Penthouse  Stunning City Views,10,f,80,40560.0,1
173.0,18,42.3663011,-71.0551741,Entire home/apt,2,203,4.5,STR-582252,North End,7,0.0,1 TDGarden Celtics/Bruins/Lil Italy/Historic,18,f,108,18684.0,1
133.0,23,42.3663528,-71.0551423,Entire home/apt,2,186,4.26,STR-582253,North End,7,1.0,1B TDGarden Celtics/Bruins/Lil Italy/Historic,23,f,138,18354.0,1
138.0,14,42.3663011,-71.0551741,Entire home/apt,2,190,4.57,Str-582250,North End,7,1.0,4TDGarden Celtics/Bruins/Lil Italy/Historic,14,f,84,11592.0,1
429.0,2,42.36027,-71.07014,Entire home/apt,4,111,5.0,STR-581620,Beacon Hill,1,1.0,Amazing Beacon Hill penthouse,2,f,16,6864.0,1
123.0,18,42.36745,-71.05562,Entire home/apt,2,196,4.33,STR-582250,North End,7,1.0,2 TDGarden Celtics/Bruins/Lil Italy/Historic,18,f,108,13284.0,1
123.0,12,42.36741022062671,-71.05479930631226,Entire home/apt,2,204,4.42,STR-582252,North End,7,0.0,2B TDGarden Celtics/Bruins/Lil Italy/Historic,12,f,72,8856.0,1
290.0,5,42.352937861698905,-71.06309006726089,Entire home/apt,1,344,5.0,STR-544951,Downtown,64,2.0,2BR in Downtown 6918,5,f,30,8700.0,1
242.0,14,42.355170965192045,-71.06253649840936,Entire home/apt,1,313,4.71,STR-557147,Downtown,64,2.0,Cozy 2BR in downtown crossing Boston 1678,14,f,84,20328.0,1
242.0,10,42.34323424644517,-71.06559982027689,Entire home/apt,1,326,4.7,STR-528364,South End,64,2.0,2BR Loft unit in Boston Southend 4193,10,f,60,14520.0,1
275.0,5,42.3552,-71.06033,Entire home/apt,1,293,5.0,STR-557153,Downtown,64,2.0,2BR Apt in Downtown Crossing 6466,5,f,30,8250.0,1
277.0,2,42.35277165631186,-71.06279281590119,Entire home/apt,29,317,5.0,STR-511551,Downtown,64,2.0,2BR in Theatre District 3101,2,f,116,32132.0,1
266.0,15,42.35314,-71.06286,Entire home/apt,1,342,4.6,STR-544951,Downtown,64,2.0,2BR in Downtown 9061,15,f,90,23940.0,1
307.0,10,42.35312,-71.06311,Entire home/apt,1,331,4.6,STR-526597,Downtown,64,2.0,2BR in Downtown Boston 0379,10,f,60,18420.0,1
273.0,9,42.34267,-71.06416,Entire home/apt,1,310,4.89,STR-098345,South End,64,2.0,Loft style 2BR unit in Boston Southend 5592,9,f,54,14742.0,1
204.0,3,42.37678,-71.03169,Entire home/apt,1,359,4.67,STR-584748,East Boston,64,2.0,Luxury 2BR Next to the Airport 5395,3,f,18,3672.0,1
158.0,10,42.3442,-71.05559,Entire home/apt,1,348,4.3,STR-585063,South Boston Waterfront,64,1.0,Luxury 1BR Near Broadway Southie 9113,10,f,60,9480.0,1
161.0,12,42.351435530607326,-71.064445869315,Entire home/apt,29,341,4.83,STR-511551,Downtown,64,0.0,Huge Studio in Downtown Boston 9904,12,f,255,41055.0,1
256.0,12,42.34416,-71.06376,Entire home/apt,1,302,4.58,STR-532145,South End,64,3.0,Loft style 3BR unit in Boston Southend 1144,12,f,72,18432.0,1
221.0,3,42.33816422629492,-71.06980717219807,Entire home/apt,1,327,4.0,STR-526502,South End,64,2.0,Spacious 2bd/2ba in Southend Boston 3746,3,f,18,3978.0,1
170.0,8,42.342037287797694,-71.05713422797432,Entire home/apt,1,320,5.0,STR-585063,South Boston,64,1.0,Luxury 1BR Next to Broadway Southie 1533,8,f,48,8160.0,1
186.0,1,42.37639,-71.03017,Entire home/apt,1,333,5.0,STR-584748,East Boston,64,2.0,Luxury 2bd/2ba Next to the Airport 6065,1,f,6,1116.0,1
145.0,12,42.34256107713531,-71.05709737484571,Entire home/apt,1,342,4.92,STR-585063,South Boston,64,1.0,Luxury 1BR Next to Broadway 8008,12,f,72,10440.0,1
144.0,2,42.34418261583651,-71.05590200657764,Entire home/apt,1,342,4.5,STR-585063,South Boston Waterfront,64,1.0,Luxury Studio Next to Broadway 4078,2,f,12,1728.0,1
257.0,4,42.34429,-71.06545,Entire home/apt,1,273,5.0,STR-098345,South End,64,2.0,Loft 2BR unit in Boston Southend 3924,4,f,24,6168.0,1
209.0,7,42.35321,-71.06312,Entire home/apt,1,326,4.57,STR-544951,Downtown,64,1.0,1BR in Theatre District Boston 3510,7,f,42,8778.0,1
295.0,1,42.344890432665615,-71.06380706877295,Entire home/apt,1,256,5.0,Str-098345,South End,64,3.0,Loft 3BR unit in Boston Southend 1195,1,f,6,1770.0,1
172.0,6,42.35207,-71.0651,Entire home/apt,1,322,4.5,STR-544951,Downtown,64,0.0,Studio near Boston Commons in downtown 1631,6,f,36,6192.0,1
213.0,1,42.3363,-71.06776,Entire home/apt,1,295,5.0,str-526502,South End,64,2.0,Beautiful 2 bedrooms in Southend 9596,1,f,6,1278.0,1
259.0,3,42.33696147128423,-71.06954386018366,Entire home/apt,1,342,5.0,str-526502,South End,64,2.0,Beautiful 2BR in Southend Boston 7745,3,f,18,4662.0,1
147.0,13,42.353422545721386,-71.06369663962187,Entire home/apt,1,319,4.69,STR-544951,Downtown,64,1.0,Studio in Theatre District 7146,13,f,78,11466.0,1
174.0,23,42.354578934158525,-71.06222496787875,Entire home/apt,1,340,4.65,str-557147,Downtown,64,0.0,Studio in downtown crossing Boston 7223,23,f,138,24012.0,1
175.0,1,42.35460541208076,-71.06043622742888,Entire home/apt,1,326,5.0,STR-520842,Downtown,64,1.0,Cozy Studio in downtown crossing Boston 0914,1,f,6,1050.0,1
64.0,1,42.35860812543862,-71.06902656202529,Private room,29,73,5.0,none,Beacon Hill,114,1.0,Cozy 1Bedroom in Beacon Hill,1,f,58,3712.0,0
192.0,2,42.23941593472954,-71.13331438061056,Entire home/apt,2,308,5.0,STR-584393,Hyde Park,1,2.0,Serenity,2,f,12,2304.0,1
295.0,17,42.342577162267816,-71.06431868930936,Entire home/apt,1,256,4.88,STR-515555,South End,64,3.0,Loft 3BR unit in Boston Southend 2774,17,f,102,30090.0,1
204.0,4,42.37658,-71.03067,Entire home/apt,1,359,5.0,STR-584748,East Boston,64,2.0,Luxury 2BR Next to the Airport 4692,4,f,24,4896.0,1
186.0,9,42.3749,-71.0307,Entire home/apt,1,333,5.0,STR-584748,East Boston,64,2.0,Luxury 2bd/2ba Next to the Airport 1654,9,f,54,10044.0,1
144.0,8,42.34412,-71.05523,Entire home/apt,1,342,5.0,STR-585063,South Boston Waterfront,64,0.0,Luxury Studio Next to Broadway 1303,8,f,48,6912.0,1
275.0,27,42.34663670904682,-71.1451367772092,Entire home/apt,1,352,5.0,STR-587354,Brighton,38,2.0,The Barton-Luxe 2BR by Downtown,27,t,162,44550.0,1
248.0,8,42.35259,-71.06266,Entire home/apt,29,333,4.88,STR-523178,Downtown,64,2.0,2BR apt in Downtown Boston 2446,8,f,255,63240.0,1
405.0,15,42.351888812858846,-71.07187237846745,Private room,1,191,5.0,Exempt: This listing is a hotel or motel,Back Bay,10,1.0,Timeless Stay | Freedom Trail. Fitness Center,15,t,90,36450.0,1
227.0,9,42.37474,-71.0305,Entire home/apt,1,358,4.56,STR-584748,East Boston,64,1.0,Luxury 1BR Next to Logan Airport 6232,9,f,54,12258.0,1
86.0,6,42.32838755830677,-71.07008096429183,Entire home/apt,1,330,4.0,STR-584504,Roxbury,4,1.0,"Modern Retreat, Walk to Hospitals, Dining",6,f,36,3096.0,1
112.0,9,42.35037,-71.06414,Entire home/apt,29,280,4.78,STR-584506,Downtown,4,0.0,"Steps from the Park, Walk to Theaters & Dining",9,f,255,28560.0,1
315.0,15,42.35340009999999,-71.12835489999999,Entire home/apt,1,200,4.93,STR-581598,Allston,5,4.0,Double the Fun: 4BR Allston Stay,15,t,90,28350.0,1
76.0,2,42.3172565710833,-71.06232973883172,Private room,30,288,4.5,none,Dorchester,58,1.0,"26A2.1 | The Annabel 2, Bedroom 1 | w/AC & W/D",2,f,120,9120.0,0
68.0,2,42.31706323181407,-71.0615866136093,Private room,30,184,5.0,Exempt: This listing is a unit used for furnished institutional or business stays,Dorchester,58,1.0,"26A2.3 | The Annabel 2, Bedroom 3 | w/AC & W/D",2,f,120,8160.0,1
611.0,3,42.32829,-71.11047,Entire home/apt,29,270,4.67,STR-075524,Jamaica Plain,95,2.0,Modern Penthouse 2BR 2BA Stunning Lake.,3,f,174,106314.0,1
215.0,4,42.32528651916749,-71.090179878617,Entire home/apt,2,57,5.0,STR-576017,Roxbury,2,3.0,Boston/Heart of the City,4,f,24,5160.0,1
275.0,15,42.3486,-71.14702,Entire home/apt,1,347,4.87,STR-587351,Brighton,38,2.0,The Galen-Luxe 2BR by Downtown Boston,15,t,90,24750.0,1
209.0,8,42.35179587339228,-71.06497598418484,Entire home/apt,29,279,4.13,STR-523178,Downtown,64,1.0,1BR in Downtown 8566,8,f,255,53295.0,1
499.0,4,42.32829,-71.11206,Entire home/apt,1,315,4.25,STR-541232,Jamaica Plain,95,2.0,Luxury corner Boston 2Br 2Ba Apt Boston hospitals,4,f,24,11976.0,1
367.0,2,42.3292148,-71.0949007,Entire home/apt,3,87,5.0,STR-446658,Roxbury,11,3.0,"Classic Boston, Penthouse duplex",2,t,12,4404.0,1
83.0,1,42.34865768366295,-71.14037567444643,Private room,31,283,5.0,none,Brighton,8,1.0,Renovated Single Room with Bath,1,t,62,5146.0,0
238.0,4,42.37471,-71.03156,Entire home/apt,1,354,5.0,STR-584748,East Boston,64,1.0,Luxury 1BR Next to Airport 0237,4,f,24,5712.0,1
201.0,9,42.342773840046746,-71.05508344295158,Entire home/apt,1,322,4.78,STR-585063,South Boston,64,0.0,Luxury Studio Next to Broadway 8099,9,f,54,10854.0,1
255.0,3,42.3062311,-71.0602314,Entire home/apt,1,339,5.0,STR-588796,Dorchester,2,4.0,30/1 - 4BR Boston | Comfortable Apt near MBTA,3,t,18,4590.0,1
211.0,7,42.3062311,-71.0602314,Entire home/apt,1,342,5.0,STR-588796,Dorchester,2,3.0,30/3 - 3BR Boston | Cozy Apt near Fenway Park,7,t,42,8862.0,1
299.0,9,42.28235,-71.05997,Entire home/apt,1,290,5.0,STR-587622,Dorchester,2,4.0,76 Spacious Large 4-Bedroom Home/ Walk to Subway,9,f,54,16146.0,1
180.0,17,42.34839373249265,-71.14514389527372,Entire home/apt,1,360,4.88,STR-587346,Brighton,38,1.0,The Lister-Luxurious Studio Near Heart of Boston,17,t,102,18360.0,1
130.0,16,42.3472889149444,-71.14511577434386,Entire home/apt,1,354,4.88,STR-587348,Brighton,38,0.0,The Salk-Beautiful Boston Studio,16,t,96,12480.0,1
140.0,15,42.34666016091552,-71.14668614117416,Entire home/apt,1,360,4.8,STR-587350,Brighton,38,0.0,The Watson-Luxe Boston Studio,15,t,90,12600.0,1
323.0,15,42.37492,-71.03292,Entire home/apt,2,127,4.93,STR-492396,East Boston,4,4.0,Family-Friendly 4BR | 2 Bath | Walk to T & Logan,15,t,90,29070.0,1
311.0,5,42.3597279180257,-71.05715356649193,Entire home/apt,30,327,4.6,Exempt: This listing is a hotel or motel,Downtown,39,1.0,Spacious 1B in Faneuil Hall/Quincy Market,5,f,255,79305.0,1
193.0,19,42.3459108551553,-71.14718668162823,Entire home/apt,2,249,5.0,STR-573351,Brighton,1,2.0,Cozy Brighton Apartment,19,f,114,22002.0,1
248.0,5,42.38615,-71.00678,Entire home/apt,29,272,4.6,STR-523178,East Boston,64,3.0,3BD/2BA Near Logan Airport and T 7988,5,f,255,63240.0,1
149.0,19,42.27626619999999,-71.13413349999999,Entire home/apt,2,336,4.53,STR-588301,Roslindale,1,2.0,Cozy nest getaway near Boston!,19,f,114,16986.0,1
216.0,7,42.299526,-71.112895,Entire home/apt,2,188,5.0,STR-588764,Jamaica Plain,1,3.0,Apartment in Boston's Jamaica Plain,7,f,42,9072.0,1
204.0,4,42.32553381501254,-71.07972655889883,Entire home/apt,1,355,4.75,STR-555331,Roxbury,1,3.0,Free Parking | Stocked Kitchen | 10 min -> Boston,4,t,24,4896.0,1
256.0,7,42.34124853438201,-71.09657779831727,Entire home/apt,29,100,4.71,Exempt: This listing is a unit used for furnished institutional or business stays,Fenway,12,1.0,Red Sox 34.Longterm. Fenway. Longwood Med. NEU,7,t,255,65280.0,1
243.0,1,42.37299242973582,-71.06313990056393,Entire home/apt,1,365,5.0,STR-025653,Charlestown,1,1.0,Boston Commons 1BR w/ view,1,f,6,1458.0,1
608.0,5,42.29942,-71.06949,Entire home/apt,2,249,4.8,STR-574289,Dorchester,7,5.0,Large Duplex Free Prkg mins 2 Train downtownFenway,5,f,30,18240.0,1
499.0,3,42.348021526378346,-71.10248624702649,Entire home/apt,4,241,5.0,STR-673998,Fenway,95,2.0,"Sleek 2BR 2BA in Fenway, High-End Building",3,f,24,11976.0,1
299.0,3,42.32851,-71.11249,Entire home/apt,29,365,4.33,STR-452314,Jamaica Plain,95,2.0,Luxury corner 2BR 2BA Boston Jamica pond Hospitals,3,f,174,52026.0,1
79.0,2,42.31312,-71.08901,Private room,3,49,5.0,STR-548471,Roxbury,4,1.0,Bright & Private Home w/King Bed,2,t,12,948.0,1
510.0,20,42.36089801887835,-71.14381052423239,Entire home/apt,2,295,5.0,STR-584645,Brighton,4,3.0,Luxe 3BR | Free Parking | Harvard/BU | ROKU TV,20,t,120,61200.0,1
199.0,1,42.309583731224265,-71.05035038963072,Entire home/apt,29,359,1.0,STR-520842,Dorchester,64,2.0,2BR in Savin Hill Boston 6414,1,f,58,11542.0,1
302.0,4,42.27512,-71.09486,Entire home/apt,1,75,4.25,STR-589825,Mattapan,2,5.0,Stylish Room w/ 2 full bath. 5 bedrooms available,4,f,24,7248.0,1
740.0,4,42.33068920874131,-71.05773409538737,Entire home/apt,29,342,5.0,Exempt: This listing is a unit that has contracts with hospitals,South Boston,17,5.0,5BR3B | Walk to Subway + Downtown,4,t,232,171680.0,1
94.0,11,42.321406122668954,-71.10942587256432,Private room,1,350,5.0,STR-589481,Jamaica Plain,2,1.0,Near Train in hip Jamaica Plain,11,f,66,6204.0,1
599.0,1,42.3478412234783,-71.07943351162471,Entire home/apt,29,159,4.0,STR-285166,Back Bay,95,2.0,Modern  Condo in Down town Back bay 2BR 2BA,1,f,58,34742.0,1
346.0,2,42.2989652,-71.1137274,Entire home/apt,29,239,4.5,STR-593515,Jamaica Plain,7,3.0,3 Bedroom Condo | Walk-Out Basement | Near Train,2,t,116,40136.0,1
131.0,4,42.36393,-71.13248,Entire home/apt,1,108,3.5,STR-561537,Allston,6,2.0,Cozy 2 Beds Home. Walk to Harvard,4,f,24,3144.0,1
192.0,10,42.2749,-71.14878,Entire home/apt,1,314,4.7,Str-591017,West Roxbury,2,3.0,Under the Sun Apartment,10,f,60,11520.0,1
599.0,7,42.35200233009867,-71.06477246307222,Entire home/apt,29,270,4.86,STR-826547,Downtown,95,2.0,Downtown high-end 2BR 2BA Condo Stunning City View,7,f,255,152745.0,1
270.0,8,42.290968870887994,-71.14430066524149,Entire home/apt,2,183,4.88,STR-589938,West Roxbury,1,3.0,Charming Boston Single Fam Home Near Commuter Rail,8,f,48,12960.0,1
793.0,7,42.36614900969308,-71.05581377310003,Entire home/apt,29,365,5.0,STR-476426,North End,17,4.0,North End TD Garden Walk to Downtown,7,t,255,202215.0,1
327.0,5,42.34774,-71.0725,Entire home/apt,30,152,5.0,Exempt: This listing is a hotel or motel,South End,39,2.0,"Expansive Back Bay Two-Level Loft, Sleeps 6, 2B/2B",5,f,255,83385.0,1
167.0,8,42.35147,-71.06469,Entire home/apt,1,360,4.5,STR-586070,Downtown,64,0.0,Cozy studio in downtown Boston 3047,8,f,48,8016.0,1
244.0,8,42.35178435995328,-71.06282330454127,Entire home/apt,1,341,4.88,STR-586070,Downtown,64,2.0,2BR in Theatre District 2081,8,f,48,11712.0,1
159.0,4,42.31056115353316,-71.05227701869605,Entire home/apt,29,322,4.75,STR-520842,Dorchester,64,2.0,2BR in Savin Hill 3152,4,f,232,36888.0,1
244.0,21,42.3071755,-71.10468929999999,Entire home/apt,30,284,4.95,none,Jamaica Plain,5,4.0,"Glamorous Luxury Apartment, Near T",21,t,255,62220.0,0
284.0,15,42.3071755,-71.10468929999999,Entire home/apt,30,319,4.93,none,Jamaica Plain,5,4.0,Glamorous Treetop Escape | near T,15,t,255,72420.0,0
1015.0,2,42.34493219999999,-71.0641516,Entire home/apt,29,279,5.0,STR-006749,South End,12,3.0,South End Serenity: Your Family's Dream Getaway!,2,f,116,117740.0,1
499.0,2,42.3464,-71.10127,Entire home/apt,5,156,5.0,Exempt: This listing is a hotel or motel,Fenway,95,2.0,Radiant 2 BR 2 BA Fenway Boston.,2,f,20,9980.0,1
806.0,6,42.35772,-71.07109,Entire home/apt,1,241,5.0,STR-586938,Beacon Hill,2,2.0,Stately on Cedar Elegant Beacon Hill Penthouse NEW,6,t,36,29016.0,1
235.0,10,42.31857643617818,-71.10666144003628,Entire home/apt,1,327,5.0,STR-584174,Jamaica Plain,22,3.0,Luxury 3brm/1bath Duplex in JP,10,t,60,14100.0,1
179.0,12,42.34618,-71.08082,Private room,2,278,4.92,STR-590653,Back Bay,1,1.0,1Bd with private bathroom! No cleaning fee!,12,f,72,12888.0,1
438.0,7,42.34773,-71.07364,Entire home/apt,30,183,4.71,Exempt: This listing is a hotel or motel,Back Bay,39,3.0,"Stylish 3BR, 2BA, Sleeps 6, Heart of Back Bay",7,f,255,111690.0,1
273.0,11,42.35257,-71.076,Entire home/apt,1,243,4.64,STR-546677,Back Bay,2,0.0,(J8) Walk to Newbury & Public Garden - BACK BAY,11,f,66,18018.0,1
265.0,5,42.3806525,-71.0381381,Entire home/apt,2,342,4.8,STR-590951,East Boston,3,2.0,Luxury 2 Bed 2 Bath East Boston,5,t,30,7950.0,1
160.0,9,42.3477,-71.14758,Entire home/apt,29,359,4.89,STR-592992,Brighton,38,0.0,"The Fleming-Gym, W/D, studio near City",9,t,255,40800.0,1
80.0,3,42.35897307079416,-71.14223140595048,Private room,29,365,3.67,STR-409596,Brighton,6,1.0,Hola Joy 5,3,f,174,13920.0,1
83.0,2,42.35870745530331,-71.14020665705291,Private room,29,365,5.0,STR-409596,Brighton,6,1.0,Hola Joy 4,2,f,116,9628.0,1
78.0,9,42.36051,-71.14111,Private room,29,364,5.0,STR-409596,Brighton,6,1.0,Hola Joy 6,9,f,255,19890.0,1
160.0,11,42.34554961467751,-71.14783082124545,Entire home/apt,29,352,4.82,STR-592991,Brighton,38,0.0,The Harvey: Large • Near T • Gym • Kitchen • W/D,11,t,255,40800.0,1
138.0,7,42.36629996889225,-71.05508619425098,Entire home/apt,2,211,4.29,STR-582250,North End,7,1.0,3TDGarden Celtics/Bruins/Lil Italy/Historic,7,f,42,5796.0,1
183.0,8,42.34709955794784,-71.14559933472655,Entire home/apt,1,338,5.0,STR-592998,Brighton,38,2.0,The Hunter-Elegant Suite Near City,8,t,48,8784.0,1
182.0,7,42.34751,-71.14764,Entire home/apt,29,337,5.0,STR-593002,Brighton,38,2.0,The Reed: Spacious • Private Kitchen • Gym • W/D,7,t,255,46410.0,1
243.0,7,42.34713253944974,-71.14795988817194,Entire home/apt,29,339,5.0,STR-592996,Brighton,38,2.0,The Seacole: Glamorous • Near City • Gym • W/D,7,t,255,61965.0,1
156.0,7,42.34778572525814,-71.14570009221465,Entire home/apt,29,361,4.0,STR-592995,Brighton,38,1.0,The Kelsey: View • Private Kitchen • Gym • W/D,7,t,255,39780.0,1
150.0,7,42.34631094271476,-71.14760081353634,Entire home/apt,1,355,4.57,STR-592994,Brighton,38,1.0,The Barnard: Coastal Vibe • WFH Desk • Gym • W/D,7,t,42,6300.0,1
115.0,9,42.348589426742635,-71.13887632698363,Entire home/apt,1,60,5.0,str-589617,Allston,2,0.0,Free parking spot – 1st floor – In front of the T,9,t,54,6210.0,1
599.0,5,42.35052,-71.06283,Entire home/apt,29,180,4.8,STR-963976,Chinatown,95,2.0,Cozy 2BR 2BA APT downtown boston,5,f,255,152745.0,1
196.0,4,42.33596146110688,-71.06916910203086,Entire home/apt,1,333,5.0,STR-586070,South End,64,2.0,Beautiful 2BR in Southend Boston 7043,4,f,24,4704.0,1
246.0,8,42.33809851541237,-71.06910346625794,Entire home/apt,1,295,4.5,STR-586070,South End,64,2.0,Spacious 2bd/2ba in Southend 0069,8,f,48,11808.0,1
219.0,11,42.33818,-71.06817,Entire home/apt,1,313,4.73,STR-586070,South End,64,2.0,Beautiful 2BD/2BA in Southend Boston 0312,11,f,66,14454.0,1
282.0,1,42.3429115,-71.0990346,Entire home/apt,30,269,5.0,STR-582232,Fenway,29,1.0,Luxury Private Apt Fenway,1,f,60,16920.0,1
77.0,3,42.3814113,-71.0229951,Private room,7,56,5.0,STR-398249,East Boston,6,1.0,Shelly's Turkish Room,3,t,42,3234.0,1
268.0,2,42.32108,-71.10333,Entire home/apt,4,148,5.0,STR-591610,Jamaica Plain,1,3.0,Stylish & Cozy Boston Retreat Near Train & Cafés,2,t,16,4288.0,1
269.0,6,42.38619028168348,-71.00521667734915,Entire home/apt,1,322,4.83,STR-586293,East Boston,12,2.0,Luxury 2BD/2BA Near Airport 4135,6,f,36,9684.0,1
243.0,24,42.38609787417592,-71.00525735041668,Entire home/apt,1,336,4.79,STR-586294,East Boston,12,2.0,Luxury 2BD/2BA Near Airport 9508,24,f,144,34992.0,1
310.0,7,42.3030644,-71.0561584,Entire home/apt,1,320,4.86,STR-588940,Dorchester,5,4.0,"40.2 New, beautiful apt/4br/free parking/Boston",7,t,42,13020.0,1
295.0,5,42.35141,-71.06476,Entire home/apt,1,343,4.8,STR-523178,Downtown,12,2.0,2BR in Downtown Boston 9825,5,f,30,8850.0,1
191.0,5,42.35086,-71.06506,Entire home/apt,1,334,4.8,STR-520842,Downtown,12,1.0,1BR Apt steps away from Boston Commons 3802,5,f,30,5730.0,1
257.0,3,42.3685526,-71.05531069999999,Entire home/apt,2,234,4.33,Exempt: This listing is a unit that has contracts with hospitals,North End,7,3.0,"Old North, Lil Italy,TDGarden, Celtics,Water View!",3,f,18,4626.0,1
205.0,12,42.352066632834294,-71.06526229138109,Entire home/apt,1,347,4.5,STR-523178,Downtown,12,2.0,1BR with a view in Boston 7837,12,f,72,14760.0,1
252.0,7,42.35132060689401,-71.06333868429304,Entire home/apt,1,314,4.57,STR-520842,Downtown,12,2.0,2BR in Downtown Boston 7983,7,f,42,10584.0,1
110.0,4,42.308784225859114,-71.07076696146733,Private room,2,338,5.0,STR-588864,Dorchester,3,1.0,Cozy Boston: Private Bed & Bath in Dorchester,4,f,24,2640.0,1
98.0,8,42.30921,-71.07106,Private room,2,349,4.88,STR-588864,Dorchester,3,1.0,Cozy Boston: Private Bed in Dorchester,8,f,48,4704.0,1
238.0,10,42.316246000675456,-71.11247284876006,Entire home/apt,1,236,5.0,STR-584218,Jamaica Plain,1,2.0,Airy 2BR: A Blend of East & West,10,f,60,14280.0,1
685.0,2,42.34605783903701,-71.0637552825805,Entire home/apt,2,325,4.0,STR-542338,South End,95,2.0,Luxury 2BR 2BA Southend Boston Downtown prudential,2,f,12,8220.0,1
563.0,1,42.3155339,-71.0561512,Entire home/apt,30,299,5.0,STR-589306,Dorchester,5,6.0,"Clean, Contemporary Duplex | Sleeps 17",1,t,60,33780.0,1
58.0,1,42.31455,-71.07509,Private room,1,340,1.0,STR-518832,Roxbury,3,1.0,Comfort Inn in my 2nd bedroom.,1,f,6,348.0,1
174.0,15,42.35299480357384,-71.06312250979242,Entire home/apt,1,349,4.27,STR-586070,Downtown,64,1.0,1BR in Downtown 8719,15,f,90,15660.0,1
740.0,2,42.36645,-71.05573,Entire home/apt,29,296,5.0,STR-476426,North End,17,4.0,4BR2Bath North End by Subway Downtown,2,t,116,85840.0,1
162.0,2,42.31128703018637,-71.10037724011693,Entire home/apt,1,65,5.0,STR-593022,Jamaica Plain,1,2.0,Sunny JP parkside condo w/ kids bunkbed AND CATS,2,f,12,1944.0,1
261.0,4,42.35127,-71.0643,Entire home/apt,1,338,5.0,STR-586070,Downtown,12,1.0,1BR apt in Downtown Boston 6611,4,f,24,6264.0,1
303.0,10,42.35141,-71.06459,Entire home/apt,1,326,4.9,STR-586293,Downtown,64,2.0,Beautiful 2BR in Boston Theatre District 4348,10,f,60,18180.0,1
257.0,7,42.38807,-71.00502,Entire home/apt,1,272,5.0,STR-586294,East Boston,64,3.0,3BD/2BA Near Logan Airport and T 7643,7,f,42,10794.0,1
220.0,3,42.35351755764257,-71.0630039207874,Entire home/apt,1,325,5.0,STR-586070,Downtown,64,1.0,1BR in Theatre District Boston 7177,3,f,18,3960.0,1
258.0,2,42.292380770287565,-71.06725984482009,Entire home/apt,1,332,5.0,STR-559438,Dorchester,3,3.0,82 - 3BR Boston | Stylish Stay near MBTA,2,t,12,3096.0,1
241.0,6,42.2909,-71.06703,Entire home/apt,1,325,4.67,STR-564219,Dorchester,3,4.0,80/2 - 4BR Boston | Family Stay near Asian Market,6,t,36,8676.0,1
237.0,3,42.29029854505732,-71.06706781296862,Entire home/apt,1,359,5.0,STR-565592,Dorchester,3,3.0,80/3 - 3BR Boston | Cozy Apt near Harvard Square,3,t,18,4266.0,1
83.0,4,42.32474417374415,-71.06472128007637,Private room,4,156,4.0,STR-522926,Dorchester,4,1.0,Cozy Boston Apartment,4,f,32,2656.0,1
245.0,2,42.3030946,-71.06748100000002,Entire home/apt,1,353,5.0,STR-593656,Dorchester,5,3.0,85a1 Charming Boston Base/3BR/2BA/Ideal f Families,2,t,12,2940.0,1
228.0,2,42.36593932939428,-71.03729216137695,Entire home/apt,2,163,5.0,STR-593109,East Boston,2,1.0,Modern Coastal City Stay | Waterfront & Airport,2,f,12,2736.0,1
171.0,6,42.35116322983185,-71.0649843559197,Entire home/apt,1,359,4.0,STR-523461,Downtown,12,1.0,Studio in Theatre District 9180,6,f,36,6156.0,1
159.0,12,42.31141385191415,-71.0507243195717,Entire home/apt,1,330,4.33,STR-520842,Dorchester,12,2.0,Beautiful 2BR in Savin Hill Boston 9500,12,f,72,11448.0,1
553.0,5,42.2993632840437,-71.06880777164702,Entire home/apt,2,251,4.8,STR-583504,Dorchester,7,5.0,Spacious duplex near T Downtown,5,f,30,16590.0,1
693.0,3,42.36517136872246,-71.05833799389586,Entire home/apt,2,274,5.0,STR-461702,North End,17,4.0,North End TD Garden Downtown Apt,3,t,18,12474.0,1
450.0,1,42.36307,-71.05853,Entire home/apt,29,266,5.0,STR-098547,Downtown,3,2.0,Luxury 2b2b Financial District,1,f,58,26100.0,1
281.0,1,42.2941174,-71.11704639999999,Entire home/apt,30,330,5.0,STR-590060,Jamaica Plain,4,5.0,Sleek Boston Home | Near T,1,f,60,16860.0,1
309.0,3,42.2941351,-71.11708569999999,Entire home/apt,10,336,4.33,STR-590061,Jamaica Plain,4,5.0,Modern Boston Condo | near T,3,f,60,18540.0,1
318.0,8,42.3155339,-71.0561512,Entire home/apt,1,342,4.75,STR-589305,Dorchester,5,6.0,Boston Escape | Near T,8,t,48,15264.0,1
113.0,1,42.348286,-71.069664,Private room,3,160,5.0,STR-584002,Bay Village,22,0.0,Great Value For Your Boston Stay,1,f,6,678.0,1
111.0,3,42.348419,-71.069839,Private room,29,191,3.0,STR-584005,Bay Village,22,1.0,"Primo Location, Walk To T & Marathon Finish Line!",3,f,174,19314.0,1
130.0,2,42.3483657,-71.0698862,Entire home/apt,3,353,3.0,STR-584018,Bay Village,22,1.0,Private Studio In Boston's Bay Village!,2,f,12,1560.0,1
87.0,2,42.3483657,-71.0698862,Private room,3,178,3.5,STR-584019,Bay Village,22,1.0,Chic Studio For An Affordable Stay,2,f,12,1044.0,1
73.0,2,42.348583,-71.069603,Private room,2,173,4.5,STR-415225,Bay Village,22,1.0,Bay Village Suites: Efficiency Studio Awaits!,2,f,12,876.0,1
183.0,7,42.35087,-71.06393,Entire home/apt,1,324,4.0,STR-539077,Downtown,64,0.0,Studio in Downtown Boston Theatre District 5126,7,f,42,7686.0,1
190.0,4,42.35286327501445,-71.06324883952169,Entire home/apt,1,320,5.0,STR-539077,Downtown,64,1.0,Studio in Downtown 0100,4,f,24,4560.0,1
143.0,6,42.28364,-71.068,Entire home/apt,1,331,3.67,STR-539077,Dorchester,64,2.0,2BR near Ashmont Station 8804,6,f,36,5148.0,1
96.0,2,42.33211,-71.10202,Private room,5,7,5.0,STR-595161,Mission Hill,4,1.0,Spacious Room At Brigham & Longwood Medical,2,t,20,1920.0,1
172.0,4,42.350903921514984,-71.06407230440463,Entire home/apt,1,338,4.5,STR-521178,Downtown,64,1.0,Cozy Studio in Downtown Boston 3781,4,f,24,4128.0,1
162.0,6,42.34803785647403,-71.14421628647403,Entire home/apt,1,349,4.5,STR-593006,Brighton,38,1.0,The Cori-Elegant suite in Boston,6,t,36,5832.0,1
148.0,5,42.34165,-71.09811,Entire home/apt,2,176,5.0,STR-589656,Fenway,20,0.0,Fenway Park – Walk everywhere  – Location – Studio,5,t,30,4440.0,1
158.0,5,42.34736,-71.14403,Entire home/apt,29,359,5.0,STR-593004,Brighton,38,1.0,The Fisher: City Access • Kitchen • Gym • W/D,5,t,255,40290.0,1
174.0,6,42.346,-71.146,Entire home/apt,1,353,5.0,STR-593005,Brighton,38,1.0,The Blackwell: Workspace • W/D • Gym • Near City,6,t,36,6264.0,1
187.0,9,42.3010786,-71.08379049999999,Entire home/apt,1,299,5.0,STR-491593,Dorchester,3,2.0,Brand New 2BR Apt 20Min Downtown Boston,9,t,54,10098.0,1
556.0,6,42.378378561916115,-71.05853522659245,Entire home/apt,1,13,4.5,STR-589941,Charlestown,4,4.0,Luxury 4BR | Charlestown,6,t,36,20016.0,1
7500.0,3,42.372299217916186,-71.04379117046129,Entire home/apt,1,270,5.0,Exempt: This listing is a unit used for furnished institutional or business stays,East Boston,1,1.0,Monthly Skyline Apartment,3,f,18,135000.0,1
243.0,1,42.353134947095874,-71.06319845284234,Entire home/apt,1,303,5.0,STR-523178,Downtown,12,0.0,Huge Studio in Boston Commons 4599,1,f,6,1458.0,1
380.0,6,42.34324,-71.07814,Entire home/apt,2,174,5.0,STR-590335,South End,1,2.0,"Boston 2BR Apt South End-Copley,Cmmons,MGH,Fenway",6,f,36,13680.0,1
120.0,1,42.35082,-71.13449,Private room,29,365,4.0,Exempt: This listing is a unit that has contracts with hospitals,Allston,1,1.0,Private Room / Boston Center,1,f,58,6960.0,1
262.0,3,42.35255,-71.06326,Entire home/apt,1,334,3.67,STR-520842,Downtown,64,2.0,2BR apt in Downtown Boston 6892,3,f,18,4716.0,1
322.0,2,42.30823936432445,-71.05957546931154,Entire home/apt,2,309,5.0,STR-594611,Dorchester,1,4.0,Cozy 4 Bedroom Apartment in Boston,2,f,12,3864.0,1
193.0,8,42.29348105994391,-71.1624144346733,Entire home/apt,2,333,5.0,STR-594074,West Roxbury,1,3.0,Bright & Spacious Boston,8,f,48,9264.0,1
245.0,3,42.3660186,-71.0371205,Entire home/apt,2,157,5.0,STR-593108,East Boston,2,1.0,Boston Skyline Stay | 1BR + City Views,3,f,18,4410.0,1
244.0,12,42.37247613414599,-71.03613608140415,Entire home/apt,1,346,4.83,STR-595035,East Boston,1,3.0,3 BDRM Apt Next to Airport/5 min to Downtown,12,f,72,17568.0,1
194.0,3,42.33570390428965,-71.15184622526952,Entire home/apt,1,345,4.0,STR-558232,Brighton,22,3.0,3 King Beds 1 Bath Apt w/ Pool,3,t,18,3492.0,1
234.0,8,42.3589739905895,-71.06983957292607,Entire home/apt,2,252,4.63,STR-595244,Beacon Hill,1,0.0,Beacon Hill Studio | Steps to MGH | Full Kitchen,8,f,48,11232.0,1
482.0,2,42.36706,-71.05303,Entire home/apt,4,227,5.0,STR-596362,North End,18,3.0,Fabulous North End 3 BR | 1.5 BA in Little Italy,2,t,16,7712.0,1
246.0,4,42.31704,-71.09751,Entire home/apt,1,343,4.25,STR-592114,Roxbury,4,3.0,Luxury 3BR | Free Parking | Boston | ROKU TV,4,t,24,5904.0,1
514.0,1,42.35200502016479,-71.0631135637978,Entire home/apt,29,170,5.0,STR-062693,Downtown,95,2.0,Cozy & Modern 2BR 2BA Condo downtown boston,1,f,58,29812.0,1
225.0,4,42.34452092497611,-71.08345018004142,Entire home/apt,1,119,5.0,STR-597076,Back Bay,8,0.0,"Ellie 1 - St. Botolph, 2 Bed Studio, Back Bay",4,f,24,5400.0,1
199.0,4,42.34219,-71.08314,Entire home/apt,1,135,5.0,STR-595612,Back Bay,8,0.0,Ellie 5 - St Botolph Back Bay Twin Studio,4,f,24,4776.0,1
224.0,4,42.34437782816584,-71.08183972555128,Entire home/apt,1,116,4.75,STR-595608,Back Bay,8,0.0,Ellie 7 - Copley/Pru! Back Bay Location! W/D,4,f,24,5376.0,1
285.0,4,42.342508685228985,-71.08211158413741,Entire home/apt,1,131,5.0,STR-595610,Back Bay,8,1.0,"Ellie 10 - New Reno! Back Bay, 2 beds.",4,f,24,6840.0,1
84.0,1,42.3259854,-71.1049151,Private room,29,365,1.0,STR-568037,Jamaica Plain,6,1.0,Habitación cerca del centro,1,f,58,4872.0,1
243.0,3,42.343153406752215,-71.08382851064717,Entire home/apt,1,122,4.0,STR-595606,Back Bay,8,0.0,Ellie 9 - NEW Back Bay Studio Best Location!,3,f,18,4374.0,1
264.0,2,42.34389,-71.08183,Entire home/apt,1,132,4.0,STR-595609,Back Bay,8,1.0,Ellie 11 - Renovated Apt in Heart of Back Bay!,2,f,12,3168.0,1
399.0,1,42.35109,-71.08897,Entire home/apt,1,85,5.0,Str-571669,Back Bay,5,2.0,"(4R1) First Floor, NEW, 3Beds, Outdoor Space",1,f,6,2394.0,1
225.0,5,42.35067,-71.08876,Entire home/apt,1,17,4.2,STR-546677,Back Bay,5,0.0,"(S2R) Back Bay Studio, 2nd Floor",5,f,30,6750.0,1
499.0,1,42.3285,-71.11132,Entire home/apt,29,270,5.0,STR-111235,Jamaica Plain,95,2.0,Modern Penthouse (2BR 2BA) Stunning Lake Views,1,f,58,28942.0,1
309.0,2,42.2946641,-71.0760832,Entire home/apt,1,336,5.0,STR-595347,Dorchester,4,3.0,558/3 - 3BR Boston | Renovated Nest near Aquarium,2,t,12,3708.0,1
186.0,6,42.37394,-71.03088,Entire home/apt,1,364,4.67,STR-546064,East Boston,2,1.0,NomadiQ Boutique Stay - Airport,6,f,36,6696.0,1
115.0,1,42.324999081154985,-71.10419599245915,Private room,1,365,1.0,STR-568346,Jamaica Plain,6,1.0,Habitación tranquila,1,f,6,690.0,1
800.0,1,42.35092,-71.08682,Entire home/apt,1,138,5.0,STR-595531,Back Bay,5,2.0,Beautiful Back Bay Bliss!,1,f,6,4800.0,1
107.0,1,42.3357334,-71.04497839999999,Private room,1,159,5.0,Exempt: This listing is a hotel or motel,South Boston,57,0.0,Thatch Quarters | Pvt. Room in Southie | 102 DOT,1,f,6,642.0,1
304.0,1,42.3368622,-71.0466005,Entire home/apt,2,185,5.0,STR-595614,South Boston,2,2.0,Single House 2BR - Backyard+Walk to BCEC & Seaport,1,t,6,1824.0,1
72.0,1,42.34883,-71.17253,Private room,3,328,5.0,STR-593447,Brighton,4,1.0,Private Room in Boston #6 (newly listed),1,f,6,432.0,1
497.0,2,42.34493219999999,-71.0641516,Entire home/apt,1,327,5.0,STR-005738,South End,12,1.0,"South End Apartment w Fireplace, Gym & Pool",2,f,12,5964.0,1
477.0,1,42.3449322,-71.0641516,Entire home/apt,29,327,5.0,STR-008684,South End,12,1.0,Luxury South End Views & Pool,1,f,58,27666.0,1
177.0,3,42.35146,-71.06481,Entire home/apt,1,315,4.67,Exempt: This listing is a unit that has contracts with hospitals,Downtown,12,1.0,54.4 Downtown. Theater district.,3,t,18,3186.0,1
216.0,2,42.34903,-71.08883,Entire home/apt,1,10,4.5,STR-573181,Back Bay,7,0.0,(3-11) Easy first floor studio Back Bay,2,f,12,2592.0,1
266.0,4,42.34939191478999,-71.08857583454281,Entire home/apt,1,64,4.5,STR-571670,Back Bay,7,1.0,"(3-21) Back Bay, 2 beds, Simple, Location!",4,f,24,6384.0,1
285.0,4,42.34744,-71.09072,Entire home/apt,1,43,5.0,STR-571670,Fenway,7,1.0,(3-31) Brand New Beautiful Back Bay apartment,4,f,24,6840.0,1
207.0,3,42.34971,-71.08902,Entire home/apt,1,44,4.33,STR-571669,Back Bay,7,1.0,"(3-52) Newly furnish, Back Bay!",3,f,18,3726.0,1
177.0,2,42.36068,-71.06966,Entire home/apt,1,72,5.0,STR-571659,Beacon Hill,2,0.0,"(41A) Cozy Private Studio, Own Entrance!",2,f,12,2124.0,1
467.0,4,42.35003,-71.08723,Entire home/apt,1,5,5.0,STR-571645,Back Bay,5,1.0,"(S2F) Front Facing 1 Bedroom, Back Bay",4,f,24,11208.0,1
69.0,1,42.29877603790027,-71.07114210242877,Private room,3,364,5.0,STR-595832,Dorchester,3,1.0,Cozy Classic with Queen Size Bed,1,f,6,414.0,1
177.0,4,42.35310726752421,-71.06294354831513,Entire home/apt,1,340,4.75,Exempt: This listing is a unit that has contracts with hospitals,Downtown,12,1.0,63.4 Downtown. Theater District.,4,t,24,4248.0,1
60.0,3,42.29895,-71.07178,Private room,3,277,5.0,STR-595832,Dorchester,3,1.0,The Serene Hideaway,3,f,18,1080.0,1
69.0,4,42.29729,-71.07066,Private room,3,355,4.75,STR-595832,Dorchester,3,1.0,Sunlit Retreat,4,f,24,1656.0,1
309.0,7,42.37395,-71.03088,Entire home/apt,1,358,4.71,STR-546064,East Boston,2,3.0,NomadiQ 3 bdrm next to Airport,7,f,42,12978.0,1
241.0,5,42.35301381848872,-71.13996993397656,Entire home/apt,1,352,4.8,Exempt: This listing is a unit that has contracts with hospitals,Allston,12,2.0,Luxury23.4 - Boston Landing - Allston Yards,5,t,30,7230.0,1
158.0,6,42.34273,-71.0963,Entire home/apt,1,75,4.83,Exempt: This listing is a unit that has contracts with hospitals,Fenway,12,2.0,Red Sox 34.4 - Fenway Park. Longwood Med. NEU,6,t,36,5688.0,1
158.0,6,42.34362811561907,-71.10208222073065,Entire home/apt,1,325,4.67,Exempt: This listing is a unit that has contracts with hospitals,Fenway,12,2.0,Red Sox 09.4 - Fenway Park. Longwood Medical. NEU.,6,t,36,5688.0,1
171.0,1,42.3528454768128,-71.06317174650717,Entire home/apt,1,342,3.0,STR-586071,Downtown,64,0.0,Huge Studio in Downtown Boston 2810,1,f,6,1026.0,1
303.0,3,42.275629376894074,-71.07300583420749,Entire home/apt,1,340,5.0,STR-582837,Mattapan,4,3.0,60/3 - 3BR Boston | Sleek Apt near Wollaston Beach,3,t,18,5454.0,1
562.0,2,42.36867,-71.06891,Entire home/apt,2,104,5.0,STR-875442,Downtown,8,2.0,North End Central Condo TD-Garden & Haymarket T,2,t,12,6744.0,1
215.0,1,42.35979432405408,-71.05589724619603,Entire home/apt,30,334,5.0,Exempt: This listing is a unit used for furnished institutional or business stays,Downtown,15,0.0,Roomy 1-bedroom - Faneuil Hall and Quincy Market,1,f,60,12900.0,1
228.0,1,42.3134259,-71.0553083,Entire home/apt,1,355,5.0,STR-582185,Dorchester,5,3.0,14b6 Cozy/3br/2 free parking/Red line/Boston,1,t,6,1368.0,1
191.0,3,42.362161254305605,-71.13302985893067,Entire home/apt,1,291,5.0,STR-585115,Allston,12,1.0,Luxury Studio near Harvard 1754,3,f,18,3438.0,1
191.0,2,42.3415,-71.0969,Entire home/apt,2,176,5.0,STR-589657,Fenway,20,2.0,Fenway Park – Walk everywhere –Location –2 bedroom,2,t,12,2292.0,1
255.0,1,42.36246292460605,-71.13504225533046,Entire home/apt,1,339,5.0,STR-585115,Allston,12,2.0,Luxury 2bd/2ba near Harvard 4293,1,f,6,1530.0,1
351.0,2,42.328329610921344,-71.09122521381198,Entire home/apt,1,321,5.0,STR-592104,Roxbury,4,3.0,NEW! LUX 3BR w/ 400 Mbps Wifi | ROKU TV & Games!,2,t,12,4212.0,1
331.0,3,42.37632275450519,-71.03096816288726,Entire home/apt,1,359,5.0,STR-546284,East Boston,3,3.0,NomadiQ Walk to Airport / 5 min drive to Downtown,3,f,18,5958.0,1
176.0,3,42.30206,-71.08429,Entire home/apt,1,349,5.0,STR-491593,Dorchester,3,2.0,A New 2BR Garden-Level Apt 20min Downtown Boston,3,t,18,3168.0,1
99.0,1,42.39013,-70.99923,Private room,1,83,5.0,STR-398249,East Boston,4,1.0,7 Gladstone Room 4,1,f,6,594.0,1
181.0,1,42.37503,-71.03252,Entire home/apt,1,359,5.0,STR-546064,East Boston,3,1.0,NomadiQ boutique stay,1,f,6,1086.0,1
